"companyId","companyName","ReviewsCount","AggregateRating"
"645563","Orion","",""
"14072","Apollo Hospitals International Limited, Ahmedabad","5162.0","4.0"
"1324750","TVS Credit Services Ltd","2892.0","4.2"
"123804403","GNR Global Services","",""
"14957","Cadila Pharmaceuticals","2134.0","3.4"
"124725375","Vedaant Techno Art","",""
"30971","Avalon Technologies","571.0","3.7"
"123591869","Balkrishna Industries (BKT)","462.0","4.1"
"24468","Coforge","5904.0","3.2"
"1021754","Knorr Bremse","937.0","3.5"
"6944403","Pacific Development Corporation","185.0","3.5"
"742","Manpowergroup Services India","",""
"481769","Indus Towers","2594.0","3.6"
"125125399","ALP Talent Solutions","",""
"519155","Kamineni Hospitals","223.0","4.1"
"123473819","Cogenthub","384.0","3.4"
"6187488","Bunge","688.0","3.9"
"6549678","TELUS International","1603.0","3.6"
"2892790","Human Before Resource","",""
"1412850","Ang Placement And Staffing Solutions","",""
"124727963","Vedanta Enterprises","",""
"830623","Euronet Services India","166.0","3.7"
"5105204","Tata AIG General Insurance Company ","2949.0","4.1"
"124443920","Caterpillar Inc","1516.0","4.2"
"1227558","Barclays","1143.0","3.9"
"792848","World Bank","101.0","3.9"
"1344828","NOVARTIS","1858.0","4.1"
"1613304","Axis Bank","29961.0","3.7"
"3592136","SBI Card","4799.0","3.7"
"4306438","Idemia Group","",""
"4124664","Bunge","688.0","3.9"
"3153236","Capital One","59.0","3.5"
"1616672","Syngene","2169.0","3.9"
"4993850","Designer People","3.0","3.7"
"1845974","Public Health Foundation Of India","75.0","3.7"
"4075728","Lennox India Technology Centre (LITC)","151.0","3.6"
"2927066","Valeo","1347.0","3.9"
"124862761","VIT","358.0","3.9"
"124708095","Boston Scientific","251.0","3.9"
"7149403","IndiaMART","5482.0","3.6"
"6303124","sun pharma industries","6985.0","4.1"
"3596214","Ixigo","77.0","3.6"
"2523564","Razorpay","622.0","3.5"
"1903222","Boston Scientific","251.0","3.9"
"3075474","ElevenX Capital","7.0","1.4"
"16357","Axis Bank","29961.0","3.7"
"737051","Fino Payments Bank","1250.0","3.8"
"123749379","TeamLease","",""
"1765478","Signals And Systems","119.0","3.9"
"97315","Sun Pharma","6985.0","4.1"
"656375","Zebronics","303.0","3.8"
"3720718","VIT","358.0","3.9"
"51811","Denave","718.0","3.5"
"118571","ICICI Securities","2261.0","3.9"
"18735","IndiaMART","5482.0","3.6"
"34074","Genius Consultants","",""
"984978","White Horse Manpower Consultancy","",""
"2418606","Andritz","506.0","3.8"
"5910836","Hero Housing Finance","",""
"1123","SOBHA","2099.0","3.8"
"2015","FCS Software Solutions","156.0","3.7"
"178486","ORION SYSTEMS","17.0","2.5"
"279215","MakeMyTrip","173.0","4.4"
"1528992","Hester","115.0","3.6"
"31046","Incedo","1230.0","3.0"
"69","AnandRathi","251.0","3.5"
"124695206","Techno India Manufacturing & Engineering Solutions","26.0","4.3"
"20963","3i Infotech","2201.0","3.4"
"3289690","City Montessori School (CMS)","195.0","3.6"
"124295432","Rits Capital","21.0","3.1"
"125105721","Techno Specialist Consulting Engineers (kerala) Pv T Ltd","",""
"124450644","Ciao Green Pvt. Ltd.","19.0","3.0"
"959","Pricol","912.0","3.9"
"5114332","Suresh Surana & Associates","254.0","3.2"
"1128","Artech","",""
"844535","Sundaram Finance (SFL)","997.0","4.0"
"126487","Gmmco","971.0","4.0"
"3503","Prince Pipes & Fittings","638.0","4.2"
"61048","Shyam Steel","886.0","3.5"
"5211844","ICICI Home Finance (ICICI HFC)","1655.0","3.7"
"938550","GSH Group","284.0","4.2"
"1544730","Protiviti India","320.0","2.9"
"257305","Medanta Hospital ","1536.0","3.9"
"123896165","Planet Recruiters","",""
"15989","Tata Consulting Engineers","2004.0","3.8"
"2460746","PNB MetLife","3369.0","3.4"
"316403","Star Union Dai ichi Life Insurance (SUD Life)","1992.0","3.8"
"1762","Intas","4035.0","4.1"
"6820317","Nirana Global Solutions","",""
"17","Inspirisys","573.0","3.7"
"596983","PAREKH","821.0","4.1"
"6020240","Lancesoft","",""
"2051514","Idbi Capital","183.0","3.7"
"299163","Yusen Logistics","407.0","4.1"
"123797821","Safexpress","1738.0","3.9"
"747543","Jiva Ayurveda","466.0","3.9"
"1896636","MYK LATICRETE","507.0","4.0"
"3493818","Sri Guru Harkrishan Sahib Charitable Eye Hospital Trust","3.0","1.9"
"660913","Tek Travels","55.0","3.4"
"123563299","Hamilton Research","9.0","4.1"
"125126241","Dracarys Incorporation","2.0","5.0"
"917","Adecco India","",""
"125007341","Lunar Orbit Consultancy","",""
"123990728","Datamatics","2250.0","3.4"
"5292426","Otis","952.0","4.1"
"112880","Wenger & Watson","",""
"758337","R1 RCM","4077.0","3.8"
"738951","Stryker","412.0","4.0"
"3596142","Greedygame","11.0","2.4"
"1863926","Diverse Lynx","359.0","3.5"
"2602466","Nirma University","47.0","3.5"
"2525412","Xcel Hires Managment Solutions Pvt Ltd","",""
"123921409","Teacher Pool","",""
"124541358","SRS Pro","",""
"125024749","Radiometer Medical","20.0","2.9"
"1886932","Einfolge Technologies","9.0","4.6"
"1138812","Makemytrip","962.0","3.5"
"124293310","N Consulting Global","",""
"124836981","Piersight Space","",""
"124896473","PIERIAN ","443.0","3.5"
"3814798","Zuventus Healthcare","669.0","3.8"
"4419560","R1 RCM","4077.0","3.8"
"124261154","Smart Software Testing Solutions","82.0","2.9"
"4756202","Iim Bangalore Pgpem","",""
"2530604","Canara HSBC Life Insurance Company","2211.0","3.6"
"3062712","Care Health Insurance","2362.0","3.5"
"124005406","United Nexgen It","",""
"6347960","Tekskills","",""
"5802540","Impactica Solutions","",""
"7025831","Aceolution India","28.0","3.3"
"124657106"," Vardhman Probuild Pvt. Ltd.","9.0","3.5"
"3383562","Sahaj Pharma","",""
"49992","Somany Ceramics","709.0","4.1"
"6548378","Inumellas Consultancy Services","",""
"125124857","Elecsa Infratech","",""
"58947","Coffee Day Global","18.0","3.9"
"3875316","People Staffing","",""
"3252650","Sinmec","44.0","3.3"
"124080450","Gravity Engineering Services","60.0","4.0"
"1935364","Aye Finance","1610.0","4.1"
"660","Persolkelly India","",""
"954814","iQor","965.0","3.3"
"4875392","Fleetx","263.0","3.5"
"63001","Soliton Technologies","42.0","3.8"
"4063588","Outpace Consulting Services","",""
"246425","Tata Capital","3278.0","4.0"
"124826689","Code Orion","",""
"123573459","Wayfair","29.0","3.3"
"125070201","Octopus Energy","30.0","4.4"
"1413200","Nexdigm (SKP)","769.0","3.8"
"124316536","Einfochips","572.0","3.4"
"3220664","ValGenesis","147.0","3.1"
"890864","Happiest Minds Technologies","1278.0","3.5"
"125075185","Rise Your Light","",""
"6712647","Light A Fire Consultants","",""
"124257296","Bharat Earn Technology","",""
"4147312","Niit Learning Systems","38.0","3.5"
"126104","Sapwood Ventures","",""
"834453","IDFC FIRST Bank","12658.0","3.9"
"3269376","Labindia Instruments","85.0","4.1"
"2211352","Gionik Human Capital Solutions","",""
"683","LSC Infratech","76.0","3.8"
"124628380","Umang Global Group","5.0","3.8"
"99763","Firstsource","5253.0","3.6"
"1313468","Convate Consultancy Services","",""
"630787","Tata AIG General Insurance Company ","2949.0","4.1"
"1231336","Omnicom Media Group","271.0","3.1"
"1345524","Cameo Corporate Services","285.0","3.2"
"125110597","Omega Power Control","4.0","4.5"
"1328298","Kastech Software Solutions India","75.0","3.5"
"123488705","Essvee Services","",""
"5318700","Moptra Infotech","24.0","4.3"
"1050132","Sbicap Securities","2008.0","3.7"
"648569","Broadway Infotech","69.0","3.4"
"1494466","Floyd","49.0","4.1"
"8473","Rorito","143.0","3.8"
"721135","Synergistic Compusoft","14.0","3.7"
"6103386","Hoolime Technologies","10.0","3.9"
"2017694","Cubic Logics (Apps365.com)","71.0","4.3"
"123875395","Origin Recruiters","",""
"7019987","Innkey Infosystems","16.0","4.3"
"2645624","Religare Broking","670.0","3.7"
"5165316","Height Inc","45.0","3.9"
"9375","Isgec Heavy Engineering","1562.0","3.8"
"32242","Atul","1212.0","3.9"
"3502492","Unique","83.0","4.2"
"891154","Eurofins","162.0","3.2"
"124843629","Grapevine Round1 Ai","",""
"3816158","ICON plc","940.0","4.0"
"4907946","Epiroc Mining India","435.0","4.0"
"3111850","Vaibhav Global","324.0","3.1"
"3663470","Logon","7.0","4.1"
"1613248","Infinite","1829.0","3.3"
"6583340","Smart Placement Services","",""
"37905","SP Staffing","",""
"6288478","PHN Technology","1170.0","4.4"
"24660","BCH Electric","359.0","3.9"
"1390860","Jayshree International","14.0","3.7"
"5881992","Universal Quartz & Natural Stone","3.0","3.2"
"1694108","U Mind Consulting Thrissur","",""
"7142871","Fybros Modular Private Limited","36.0","3.7"
"124101718","Go Kite Tours And Travels","2.0","4.3"
"5924624","Career Job Solution New Delhi","",""
"730049","AGS Health","2977.0","4.0"
"2114110","RIC Projects","79.0","3.5"
"9545","Anlage Infotech","",""
"1812158","Mahindra First Choice","825.0","3.8"
"25773","Nexdigm (SKP)","769.0","3.8"
"123485433","Alpla","443.0","3.9"
"251896","HDFC ERGO","3698.0","3.9"
"737659","SBI General Insurance","1983.0","3.6"
"124958437","VC Green Energy","27.0","4.5"
"202650","Net Connect","573.0","3.2"
"2563670","Surya Habitat Services","",""
"1667120","VDart Technologies","151.0","3.9"
"5376514","Apollo Hospitals","5162.0","4.0"
"124100070","Vsharp Talent Solutions","",""
"5668320","Rekrut India","",""
"125013551","Vistara Exports","",""
"123721557","Epic Consultancy","",""
"394719","SK Logistics","70.0","3.8"
"124397582","Mizuho Global Services","43.0","3.6"
"2555918","Aavas Financiers","2071.0","3.9"
"6269818","Patterns247","3.0","1.3"
"2168812","Policybazaar","4952.0","3.7"
"3665344","Provana","1536.0","4.0"
"1121","Idemia Syscom India","755.0","3.8"
"745589","Wiley","99.0","3.8"
"5656458","Masadir Hr Services","",""
"4488662","Leuwint Technologies","11.0","4.5"
"702841","FOX Solutions","235.0","3.6"
"976348","Macmillan Publishers India Pvt Ltd.","627.0","3.4"
"4878350","Brindavanam Enterprise","",""
"4315412","Skyway Solution","",""
"1936","JBM Group","4429.0","3.9"
"123749665","TeamLease","",""
"124044894","Satguru Holidays","71.0","2.7"
"6384756","Emnas Technologies","2.0","3.2"
"1023672","Austere Systems","31.0","3.0"
"1081766","Sunknowledge","1171.0","3.6"
"5988592","Pawan Kumar Associates","",""
"2389366","Sir Syed Education Foundation","",""
"4424260","Intellemo Adtech","32.0","4.5"
"377597","Sarvodaya Hospital","349.0","3.6"
"1128912","Kich Architectural Products","111.0","3.6"
"108711","Interactive Manpower Solutions","",""
"96739","Vinove Software","13.0","1.1"
"256480","Renault Nissan Technology and Business Centre India (RNTBCI)","2059.0","3.8"
"6519430","Reliance Retail","25308.0","3.9"
"6806719","Staffing Root","",""
"1727468","NLB Services","",""
"66683","Lotte India Corporation","360.0","3.9"
"1786496","KVC CONSULTANTS LTD","",""
"3041618","KDK Software","165.0","3.1"
"3467328","PlanetSpark","2275.0","3.9"
"124546782","Logicview It Solutions (opc)","",""
"6781193","People Services","",""
"568269","Investors Clinic","776.0","3.8"
"834135","Ignites Human Capital","",""
"123598911","THINK WINNING","11.0","4.1"
"1080010","Theobroma Foods","374.0","3.9"
"73869","Hitech Digital Solutions","310.0","3.7"
"1981","Info Edge","2225.0","3.9"
"4323934","Career Mission","",""
"124395776","Mars Placement And Hr Solutions","",""
"3996702","Armaan Placements Services(himanshu Bisht )","",""
"188386","Gangar Opticians","179.0","3.8"
"607233","Webindia Inc","63.0","4.1"
"4888980","EMC HOSPITALS","11.0","2.3"
"4786962","Green Zone Construction Solutions","",""
"5676418","Sharda Narayan Health Care","4.0","2.4"
"5448586","Htic Global","136.0","3.7"
"749319","Buzzworks Business Services","",""
"6261948","Edelweiss Tokio","1041.0","3.6"
"3704914","Sunmax Auto Engineering","220.0","3.5"
"2172604","CMS It Services","2855.0","3.0"
"1376460","Nukebox Studios","109.0","2.1"
"1831806","Era University","40.0","3.6"
"88781","Williams Lea","489.0","3.6"
"15624","Sonata Software","1308.0","3.3"
"125092705","Techno One Solutions","",""
"397113","B4S Solutions","",""
"1236832","Bodycraft","23.0","3.0"
"123701517","LeadSense Media","40.0","3.7"
"4833618","Prosperity Wealth Management Pvt Ltd","",""
"25670","Yes Bank","9156.0","3.7"
"41373","Prodapt Solutions","1126.0","3.5"
"750599","Savista Global Solutions Pvt Ltd","309.0","4.0"
"124250326","Shanti Informatics","",""
"241","Computer Age Management Services (CAMS)","1954.0","3.6"
"1901194","Valuedrive Technologies","1741.0","3.6"
"1541586","Intellect Design Arena","2254.0","3.7"
"759377","JSW Paints LTD","6928.0","3.9"
"34535","Venus Remedies (VRL)","368.0","4.1"
"5858414","Gryphon Hytech Services","",""
"124117284","Green Publication Services","2.0","3.3"
"2318468","THR Consultants","",""
"3504220","Machino Plastics","291.0","3.8"
"124354500","Ajanta Beverages","",""
"1850510","Wonder Cement","857.0","4.2"
"6749829","Acorn Universal Consultancy","23.0","2.4"
"258638","Gujarat Fluorochemicals","1352.0","3.9"
"6712719","Karur Vysya Bank","1312.0","3.5"
"4362734","Expert Staffing Solutions New Delhi","",""
"4055006","Global Healthcare Billing Partners","550.0","3.4"
"3432438","Shining Stars Institution & travels","",""
"819486","NGO Shivam","",""
"6252012","Sri Chaitanya Schools","387.0","3.8"
"196523","Enoah Isolution","362.0","3.8"
"194647","Excelacom Technologies","90.0","3.2"
"2236","Edwise","155.0","3.9"
"6044546","Drivensteel Engineering","12.0","2.5"
"123789799","WSC Engineering","5.0","3.6"
"125080565","SRI LAKSHMI SOLUTIONS","",""
"103944","Rashmi Metaliks","1134.0","3.3"
"700939","People Alliance Workforce","",""
"5885042","Civicminds","",""
"123596809","Nile","49.0","3.1"
"124586540","Parex Technologies","3.0","4.2"
"4122350","Skytech Electricals","",""
"125104193","Naukri Hospitality Jobs","",""
"124272482","RECRUIT BAZAAR","",""
"123667827","Jungleworks","84.0","2.9"
"125136773","ST. Milagres","",""
"124760789","Medipharma Konnect","2.0","4.9"
"125141105","Malacca Matcha Bar  Bakehouse","",""
"3596282","Deyor Camps","6.0","1.3"
"1888110","Lighthouse Info Systems","74.0","3.5"
"5294608","Crossml","8.0","3.5"
"4801642","Bitsware","",""
"3587646","Futures First","136.0","3.5"
"125133359","Consumer Seva","",""
"125131293","Brainmage Ai","",""
"123738293","Zerovaega Technologies","6.0","3.2"
"5034116","Cheemaboilers","176.0","4.3"
"4241148","Nippon India Mutual Fund (NIMF)","471.0","4.4"
"1839168","iQor","965.0","3.3"
"2933178","Catholic Syrian Bank (CSB Bank)","1555.0","3.2"
"5505112","Happiness Code","",""
"4682770","Orangetree Global","2.0","2.8"
"4870436","Alorica","741.0","3.1"
"125133383","Medico Life Science","",""
"125133361","Ang Developers","",""
"125131267","Kashi Agro Biotech","",""
"125131261","Tejas Pharma","2.0","5.0"
"124460346","Jha Home Tuition","",""
"124795227","Akolta Solutions","",""
"124749391","MKS Instruments","5.0","3.6"
"4173658","Oerlikon Balzers","133.0","3.7"
"1616684","Axis Max Life Insurance","6428.0","4.0"
"3669904","Geoconsultants India Services","",""
"3587766","GEA","151.0","4.0"
"1884446","Cvent","539.0","3.3"
"124009376","Everise India BPO Services","33.0","3.4"
"4074806","Aswani Industries","100.0","3.7"
"1896538","Manektech","66.0","3.1"
"1852848","Lambda Therapeutic Research","402.0","4.1"
"1494342","Resolve","",""
"124886961","Streedom","",""
"1704484","Mark Makers Consultancy Services","",""
"826461","Aithent","89.0","3.8"
"3273720","Kailash Hospital & Heart Institute","362.0","3.7"
"694101","Infosearch Bpo Services","196.0","4.2"
"6779247","Rocketleaf Technologies Pvt. Ltd.","46.0","2.8"
"124620278","Quantum Strides India","",""
"3002478","Haldirams","445.0","3.9"
"124842901","Planning Partners","",""
"124791569","SRI Landstar Property Developers","",""
"4001776","Globiva","1737.0","3.1"
"124335902","Ridhab Techno","",""
"3910194","Baroda Global Shared Service","1166.0","3.9"
"1086828","Zydus Wellness","1011.0","4.1"
"1088594","Galaxy Hr Capital","",""
"7111725","Smarthms Solutions","3.0","2.6"
"1365528","ASG Eye Hospital","642.0","3.4"
"124418858","Sales Partners","63.0","2.0"
"125037615","Gidel Crest","",""
"229001","Rane Group","667.0","3.8"
"6494918","Hearing Solutions","66.0","4.0"
"5825762","Ilensys Technologies","160.0","4.1"
"1030074","Okool Staffing  Recruitment Solutions","",""
"1774104","Straive","2106.0","3.3"
"3646648","Crest Container Lines","4.0","3.4"
"1072614","MedPlus","1195.0","3.6"
"1049884","AIS Technolabs","",""
"1657230","Iccs","841.0","3.0"
"590977","Pathfinders Global(P) Ltd","",""
"3728176","Zscaler Softech","389.0","3.3"
"7057325","ka Industries","10.0","3.4"
"106872","The Indian Hume Pipe Co (IHP)","276.0","3.9"
"5234768","Kapitus Strategy Services","21.0","4.0"
"123945853","Integrated Kayakalp Global","",""
"6370596","Seeds Fincap","106.0","3.4"
"124109392","Electro Flux Equipments","",""
"3050228","Alois Solutions","",""
"125083849","Green Globe Solution","",""
"1844504","Ags Cinemas","41.0","3.8"
"1807566","Adda247","448.0","3.7"
"3254842","Crescore Capital","11.0","3.0"
"4573118","Medisol Placements","",""
"4401566","Mercados Energy Markets","55.0","3.2"
"840975","Hindustan Syringes & Medical Devices (HMD)","313.0","3.9"
"125081811","Illuniq","",""
"602389","Orcapod Consulting Services","",""
"1603346","Rattanindia Power","161.0","3.2"
"1755728","Purplle.com","388.0","3.6"
"121473","Omega Healthcare","5681.0","3.8"
"124999095","Freelancer Kushagra Pandey","",""
"2089678","CIEL HR","",""
"2232790","Book My Forex","44.0","3.8"
"124966047","Naturopahy Bliss","",""
"1352066","ACE Infoway","39.0","3.3"
"124648934","Malankara Multi State Co Operative Credit","",""
"1879210","Gemba Concepts","82.0","3.2"
"5733662","And We Support","20.0","3.4"
"123535939","Hope Artificial Intelligence","12.0","4.9"
"903192","Brainwork Technosolutions","",""
"4696738","Ample Placement","",""
"125141289","Cognitum Tech","",""
"125129001","Sanzargo Life Care","",""
"5212232","Integrated Information Services","72.0","3.4"
"124945465","Africure Pharmaceuticals","28.0","3.2"
"1047176","Cita","",""
"123606401","Celest Recruitment Solutions","",""
"7118633","Ig3 Infra","34.0","3.7"
"16436","RRD","1778.0","3.8"
"123662193","Finnable Technologies","83.0","3.8"
"123950837","Kashcloud Kpo Services","16.0","3.8"
"102758","Creativelipi Webtech","144.0","2.8"
"5167174","G SAHOO AND CO, CHARTERED ACCOUNTANT","",""
"5832238","Echobooom","410.0","3.7"
"125037697","Parekh Gallerium","",""
"1440078","Niva Bupa","2183.0","3.5"
"260555","Webgrity","64.0","3.9"
"2987038","Evolution Staffing","",""
"123952263","Connect To Consultancy","",""
"911802","Access Healthcare","5237.0","3.7"
"5488346","Coox Online","35.0","3.7"
"124620190","People Partner Talentsutra","",""
"479265","Geetanjali University","9.0","4.9"
"5736156","Nursing Station Health Care","",""
"604855","Max Hospital,Gurgaon","2933.0","3.9"
"6796003","Eureka","64.0","4.8"
"123982583","Inventgrid","11.0","2.6"
"6233736","Ippopay","50.0","3.5"
"772452","Mahendra Nextwealth","512.0","3.4"
"3503232","Geodis Overseas","119.0","3.3"
"4426402","Creative Hands HR","",""
"6563588","Futureheights Training And Consultant","",""
"561187","Monotech Systems","123.0","3.8"
"27110","Bajaj Capital","1414.0","3.6"
"124278084","Stokhos Research Capital Llp","",""
"124916811","ACER Credit Rating Pvt. Ltd.","",""
"3550840","Myforexeye","37.0","3.9"
"124075224","Raunaq Foundations","5.0","3.1"
"934160","Dr.Kamakshi Memorial Hospital","68.0","4.5"
"79647","Capital Placement Services","",""
"124882669","Minutesbazaar","",""
"4324660","Tuoren Medical","38.0","4.0"
"2318932","AGNO TALENTS PRIVATE LIMITED","",""
"123912485","LS Devices","13.0","2.9"
"123650393","Shreeji Automart","5.0","3.3"
"60376","Excellon Software","153.0","4.1"
"756525","K12 Techno Services","1735.0","3.6"
"123885639","Mithram Constructions","",""
"3111","Koenig Solutions","277.0","3.7"
"125140649","S R Steel","",""
"652623","Hinduja Tech","455.0","3.3"
"2527514","Hireworks Recruitment Consultants","",""
"763","MBit","",""
"1114976","Alfa Therm","24.0","4.0"
"124549610","Anchemco India Private Limited (ANAND Group)","76.0","3.8"
"125063065","Shanti Business School","11.0","4.4"
"125140125","Indian Startup School","",""
"1422796","Zeon Lifesciences","173.0","4.0"
"587903","Hindustan Field Services","654.0","3.9"
"5294568","Air Liquide","359.0","3.8"
"901610","Empoweringcpo Services","13.0","4.2"
"124454516","Aspire Tech It Solution","",""
"124922971","Smartpitch Global","",""
"125137455","TOM Hospitality","",""
"125044259","GEV Focus Capital","",""
"123859191","Teams Abroad","",""
"6647953","Dr. Sharda Ayurveda","2.0","5.0"
"729065","MIOT International","289.0","3.4"
"5896872","Rameshwar Infra Creation Llp","8.0","3.5"
"6256648","AV People Kart","",""
"124476990","Dip Projects PMC","3.0","5.0"
"124555540","H And M Hospital","",""
"124460644","Your Business Solution Enterprises","",""
"125139207","Green Growth Consultancy Pvt Ptd","",""
"125111833","Sanskaram School of Medical Sciences ","",""
"25207","Yashaswi Group","",""
"123782204","Ford Hospital and Research Centre (FHRC)","29.0","4.2"
"125130037","K Kg Marketing","",""
"1310852","Riddhi Display Equipments","28.0","3.6"
"6405668","Alpha Capital","13.0","2.6"
"3966918","Purple Drive Technologies","",""
"2598786","Sri Vasavi Matriculation","",""
"125137049","The Vip Lounge","",""
"5969848","Transcend Biz Mentors","",""
"125136705","Humanglobe","",""
"6296268","RSM US in India","276.0","3.4"
"4195664","M And C Property Development","15.0","3.6"
"125133589","Air Trip Maker","3.0","5.0"
"123817081","Lericon Informatics","",""
"123803865","Xceltec","59.0","4.2"
"123639303","Tecnovisions","",""
"124545736","Apex One","1204.0","3.3"
"123598279","Takshashila Consulting","",""
"125132391","Panache Healthneeds","2.0","2.3"
"125131315","Alpha Multi-specialty Hospital","",""
"125131317","IA Meetings","2.0","2.9"
"125131269","Shree Radha Krishna Group","",""
"1642934","Toluna Group","151.0","3.5"
"5000832","Kushals.com","314.0","4.4"
"124546166","Oodles Technologies","337.0","3.1"
"3629536","Arya Niwas","",""
"2521988","Leewayhertz Technologies","79.0","3.1"
"123849381","Ucfer","7.0","4.9"
"123605017","Simulanis Solutions","46.0","4.0"
"1881286","ZealousWeb Technologies","21.0","3.1"
"4931646","Tetrahedron Manufacturing Services","56.0","4.0"
"5025798","Findoc Investmart","28.0","3.6"
"4904274","Planify","39.0","4.1"
"124142104","Thanal Charitable Trust","2.0","4.2"
"7023941","Cyboard School","35.0","4.4"
"7031459","Trueledge Hr And Accounting Services","",""
"124231292","myG","37.0","4.2"
"125131665","Mediasparkk Digital","",""
"123871829","Walkaroo International","429.0","3.6"
"124418466","Aaron India","",""
"4428228","Unipath Specialty Laboratory","132.0","3.9"
"3867620","International Flavors & Fragrances","257.0","3.7"
"3912534","DC Consultants","16.0","4.5"
"4829560","AML Rightsource","441.0","2.9"
"4914148","Square Infosoft","4.0","3.3"
"7143161","Haleon","271.0","3.4"
"125057131","Bakingo ( A Brand of FA Gifts Pvt Ltd)","28.0","3.3"
"4037714","Xylem Learning App","121.0","4.2"
"124379992","Vmax Wellness","9.0","4.1"
"2608884","iTech India","103.0","3.3"
"124878845","Tata AIA Life Insurance Company Ltd.","3951.0","3.9"
"5619324","Irish Expert","60.0","3.7"
"5943590","Cometchat","6.0","4.7"
"125137523","Triangle Properties","",""
"123490487","Lmdmax","",""
"123662511","Council of Education & Development Programmes Pvt Ltd.","7.0","4.2"
"2902064","Walkaroo International","429.0","3.6"
"7098095","Bestal Hr","",""
"5405944","Avani Consulting","",""
"124363826","Blueladder Epc Solutions","25.0","4.0"
"752124","Carris Pipes & Tubes","14.0","4.5"
"4458276","RMS Associates","9.0","4.4"
"932894","Fortuna Retail","72.0","3.4"
"1512928","Petpooja","579.0","4.0"
"239971","Stellar Information Technology","230.0","3.6"
"3132890","ZunRoof Tech","158.0","3.6"
"6366118","People Link","",""
"124840145","People Hr","",""
"1765244","Creditas Solutions","147.0","2.9"
"4952016","SRS Global","12.0","4.2"
"6948869","Femisafe India Pvt. Ltd","",""
"5141732","Welkinz","16.0","3.1"
"6531830","Mittsure Technologies","118.0","2.8"
"125136801","Core Grand Solutions","",""
"124558152","Recruito","",""
"125136681","M&M PROTECH  PRIVATE LIMITED","",""
"2551074","Home Centre","2190.0","4.3"
"123983404","Espee Pharma Chem","",""
"6116690","MM Creative & Advertising Agency","",""
"125132329","Vinodheda Textile","",""
"125053319","CSV Techno Services","7.0","3.6"
"1271268","Jaivel Aerospace","47.0","1.8"
"124284572","Caonweb","7.0","3.1"
"125136599","NP Corporation","",""
"6717925","Vastu Housing Finance","657.0","4.2"
"3812224","Stanford Laboratories","90.0","4.2"
"5313224","A J Mohan & Associates","24.0","2.6"
"124559978","King Lifestyle Vacation","",""
"216882","Select Source International","",""
"6282630","Webrex Studio Llp","2.0","5.0"
"124210392","Vecura Wellness Clinic","52.0","3.3"
"125062719","Hoora Technology","9.0","3.2"
"4318614","KiE Square","18.0","4.6"
"363191","Lenskart","3775.0","3.3"
"123894955","Acute Vision Consultant","",""
"123519809","NJP Global Services","",""
"4454074","Excel Marketing Corporation","11.0","3.0"
"124562718","THE Career Artist","",""
"5731242","ZIGRAM ","240.0","3.6"
"123592885","Cococart Ventures","108.0","3.6"
"1509798","Defsys Solutions","114.0","3.7"
"929844","Firstouch Solutions","10.0","4.4"
"124052816","Aashi Care","",""
"123866185","Stemcyte India Therapeutics","64.0","3.4"
"125136199","S Z Samaz Sewa Hospital","",""
"1108500","SVAS Med Private Limited","326.0","3.7"
"4246928","Time2Grow Media","",""
"124427596","Flowtex Engineers","7.0","4.5"
"1428834","Innovationm","269.0","4.0"
"843885","Rudra Hr Solutions","",""
"125117977","The Raymond Shop","1952.0","4.1"
"3152300","Saguna Consulting Services","17.0","3.9"
"3968026","Real Unity","",""
"5879064","Ensconce Business Process Consulting Services","",""
"374975","Innovision","",""
"123491113","Eversub","25.0","3.6"
"124019510","Mycon Infrastructure","",""
"33581","Krishna Institute Of Medical Sciences","133.0","4.0"
"4331924","Precious Pet Services","184.0","3.7"
"1366438","1Point1","986.0","3.4"
"132107","Aforeserve","1297.0","3.3"
"2532","Suzlon Group","2662.0","4.0"
"449469","Redisolve Software","126.0","2.9"
"51809","Cyfuture","547.0","2.8"
"5846472","Green Leaf Consultants Kolkata","",""
"4127256","Million Minds Management Services","",""
"6609404","BIM Modeling Services India","20.0","4.2"
"123843635","SRI Seven Hills Constructions","",""
"123745687","Arihant Consultants","",""
"5795124","Niftel Communications","240.0","3.1"
"6979121","Ybrant People Manpower Consulting","",""
"911098","Radiansys Technologies","11.0","3.7"
"9145","Motilal Oswal Financial Services (MOFSL)","3962.0","3.7"
"3324330","Lemonpeak Marketing Services","53.0","3.4"
"81624","Dixon Technologies","1384.0","3.9"
"49069","ICICI Lombard","5221.0","3.6"
"49585","DCB Bank","3668.0","3.8"
"124761827","Ideate Informatics Llp","14.0","4.2"
"647581","Jeena & Company","171.0","3.5"
"124944939","Keshari Biz Associates","",""
"124729871","Octfis Techno","",""
"124869569","Lixil Asia","233.0","3.9"
"3766188","Tarakki Career Solutions New Delhi","",""
"125122273","Aber Steels","",""
"4673438","Radisson Hotel Group","2090.0","4.0"
"125027773","Freecharge","376.0","3.8"
"5756738","GIG Consultants","",""
"830945","Renovision Automation Services (RASPL)","",""
"4273160","Srivango","",""
"2507676","Puresynth Research Chemicals","15.0","3.2"
"4424508","Turning Point Consultants","",""
"124124266","Sapphire Manpower Services","",""
"374941","Scalable Systems","40.0","3.9"
"700993","Manzil Placement","",""
"3314582","Soatech Solution","7.0","2.8"
"5735442","Titanium Consulting Mumbai","",""
"123495665","Wrighthire Brainhunt Consultants","",""
"3907566","Aptita Services","",""
"124853787","Mario Elevate Llp","",""
"79059","Talent Corner Hr Services","",""
"3077894","Enlace Solutions","",""
"12360","Iacuity Fintech","4.0","2.9"
"3204050","Apex Consultancy Services","",""
"3805588","Mintskill Hr Solution","",""
"4196706","Anith Hr Solutions","",""
"6489018","Techbliss Digital Solution","",""
"4726448","Selectica International Solutions","",""
"6545856","Seacross Recruitment Services","",""
"4120630","Aspire Consultancy Services","",""
"744401","Grandeur Recruitment Consultants","",""
"123615469","Vibgyor Concepts","",""
"123576801","Planedway Services","",""
"150494","Aparna Constructions And Estates","999.0","3.9"
"50","Allengers Global HealthCare Pvt Ltd","248.0","3.5"
"4841638","Scoresoftlabsopc","",""
"5089918","UNI Business Solutions","",""
"5569468","Infyjob Technology Services","",""
"124560140","Tulio Retail Pvt Ltd","",""
"5105604","Telecrats","",""
"4383002","GR Recruitments","",""
"123640315","Leo Adv","13.0","2.7"
"3452460","SVRJ and CO LLP, Chartered Accountants","",""
"123904801","Fortufame Agro India","",""
"3024226","BharatHire.Com Private Limited","",""
"124261788","Hiring Mavericks","",""
"40772","Brainsearch Consulting Pvt Ltd","",""
"6139550","Tekpillar","",""
"5556900","Creative Hr Solutions","",""
"841473","Apidel Technologies","",""
"827329","Orange Corporate Solution","",""
"6372368","Apinno Consulting","",""
"3871008","Adidar Consulting","",""
"124291912","Paradigm Consultancies","",""
"730625","Aspire Erp Systems Pune","",""
"5692032","Covenantminds","",""
"4052954","Kansoft Solutions","19.0","3.9"
"744755","Imaginators Try Going Beyond","",""
"1121100","Kings Professionals Vision","",""
"124392898","The Albatross","",""
"438805","Easemytrip","569.0","4.0"
"5980928","Talentpull And Infrastructure","",""
"3384470","Supro Consulting","",""
"1283448","Popular Placements Consultancy","",""
"835425","IntendMinds Solutions","",""
"6719411","Pralax Enterprises","",""
"4072920","Arise Solutions","",""
"2192","Golden Opportunities","",""
"124662888","Suzva Software Technologies","",""
"123863583","Great White Global","134.0","3.9"
"5077330","Westernacher Consulting","33.0","4.7"
"6583364","Pixelcode Technologies India","",""
"18947","Kiya.ai","491.0","3.5"
"4371068","Celebal Technologies","660.0","3.1"
"4086050","Iitjobs Inc.","",""
"2774478","Decorpot","192.0","3.3"
"2079768","Globant","1104.0","3.5"
"5801906","CODERS BRAIN","57.0","3.4"
"26047","Societe Generale Global Solution Centre","703.0","3.7"
"1762712","Wissenpro It Solutions","",""
"5228710","World Wide Technology","56.0","4.0"
"2941692","Purview Services","",""
"5399410","BB Works","",""
"1335618","PMTS PRIVATE LIMITED","1890.0","3.8"
"1360722","Tredence","609.0","3.4"
"897026","Uplers","382.0","3.9"
"5935564","Mechispike Solutions","",""
"416","EXL","8028.0","3.6"
"5003360","IDESLABS PRIVATE LIMITED","",""
"123597401","Best Hawk Infosystems Pvt. Ltd.","",""
"5596258","PRADEEPIT CONSULTING SERVICES PVT LTD","",""
"81371","Jade Global","341.0","3.4"
"2621762","Maneva Consulting","",""
"124466790","360DigiTMG","91.0","3.9"
"4320794","Blue Planet Solutions Inc","",""
"2614770","Huntingcube Recruitment Solution","",""
"756229","Venpa Staffing","",""
"1059726","Accion Labs","540.0","3.4"
"125129147","Talent Solutions","",""
"2697816","KVP Business Solutions","28.0","3.8"
"119333","Evoke HR","",""
"152758","Vision Beyond Resources India","",""
"65013","Fujitsu","2708.0","3.8"
"124141072","Ltimindtree","23764.0","3.7"
"528097","Innova Solutions","1053.0","3.3"
"8957","Career Network","",""
"1316","UST","5110.0","3.7"
"614017","E Solutions","",""
"124199112","Infrascapes Llp","",""
"125097225","Campusmarg Innovative Tech Services Llp","",""
"123742273","Talworx Solutions","",""
"395661","Ascendion","",""
"123596983","Shashwath Solution","",""
"3464282","Krazy Mantra HR Solutions Pvt. Ltd","",""
"123908817","Perydot","5.0","4.1"
"4935226","Careator Technologies","",""
"5799370","Alphacom Systems And Solutions","",""
"1610158","SRS Infoway","",""
"8910","Silverlink Technologies","322.0","4.1"
"259646","Mount Talent Consulting","",""
"4189866","Apex Group","1060.0","2.7"
"6344014","Kyndryl","3359.0","3.9"
"842181","Ifinsol Global","",""
"6282490","Hiresquad","",""
"6411","Epam Systems","1809.0","3.7"
"1790532","Cerebra","14.0","3.4"
"79654","Rohan Group","759.0","4.1"
"6358900","Cloudxtreme","2.0","3.0"
"5935970","L Angelo","",""
"5476832","PI Square Technologies India","77.0","4.2"
"6326174","Clininfotech","4.0","4.0"
"6339636","PazCare","52.0","3.3"
"4657320","Talents Pro Hr Solutions","",""
"6836499","Netwalk Technologies","",""
"3812074","Techno Facts Solutions","",""
"2716128","Skyonn Technologies","",""
"1006558","Agiliad","207.0","3.5"
"123994902","BOT Tech","",""
"5553598","Talent Infinity","",""
"123991200","Shell Consultancy","",""
"5898856","Areya Tech","9.0","3.9"
"124985363","Trinity Consultech","",""
"477135","Kaamkaaj  India","",""
"7143005","G R Consultants","",""
"1065894","Talent One Hr Consulting Mumbai","",""
"1350216","Jobs Cruze","",""
"124148234","Saasvaap Techies","71.0","3.9"
"124315892","Travoinspire","",""
"2573","Contactx Resource Management Pvt. Ltd.","",""
"4990456","Huron","300.0","3.7"
"2260550","Bridgenext Technologies","85.0","3.6"
"3311148","Apex Group","1060.0","2.7"
"123858309","Avistrat Engineering","",""
"829529","Technogen","",""
"1097688","WOW Softech","",""
"1401880","NewVision Software","102.0","3.6"
"125133781","Valuemomentum","944.0","3.1"
"474295","Logic Planet","",""
"4092344","Krehsst","",""
"4012468","Techominds","",""
"6200398","Manvision Technologies","",""
"29633","Vichara Technologies","63.0","3.3"
"3010512","A.P. Moller Maersk","3446.0","4.0"
"123597557","D-TechWorks Pvt Ltd","",""
"19934","FIS","6160.0","3.8"
"124653440","Lektronix","",""
"124899563","D-techworks","3.0","3.2"
"4800108","Kalypso It Solutions","2.0","3.7"
"124653476","Converge Electronics","12.0","2.9"
"1515786","Maatrum Technologies and  Legal ventures Pvt. Ltd","441.0","3.8"
"618703","Alike Thoughts","",""
"10934","Symphoni Hr","",""
"5480988","Rarr Technologies","",""
"3954828","BlueBinaries","139.0","2.9"
"124455652","Imedhas","",""
"645431","Lifetime Wellness Rx International","39.0","3.5"
"1021110","Sdna Global","",""
"936","Brillio","1200.0","3.4"
"2563636","T-Systems ICT India Pvt Ltd","1119.0","3.8"
"1743442","Infovision Labs","381.0","3.5"
"124577260","Fabric","",""
"123648663","Talentbridge","",""
"124735975","Ansi Consult And Services","",""
"2067668","Made In India Media","",""
"125119319","Leadrat","21.0","3.1"
"6007834","Rubis Software Solutions Pvt Ltd","",""
"5290124","Magicbricks","1562.0","4.2"
"657931","Keya Anand Solutions","",""
"718335","Waaree Energies","697.0","4.0"
"4670892","Natobotics Technologies","6.0","4.0"
"6949413","Amplicomm Solutions","19.0","3.1"
"5480410","CoreFlex","70.0","3.5"
"6021268","66degrees","28.0","2.6"
"2477066","Delivery Centric Technologies","26.0","4.1"
"2451842","Intellioz Solutions India","35.0","3.3"
"67667","Statcon Energiaa","79.0","3.7"
"271705","Truetech Solutions","44.0","3.4"
"123560179","Moxieit Digital","",""
"543139","Nexwave Talent Management Solutions","",""
"124942153","3shool Technology Consultants","",""
"3214726","Innovative","",""
"124065354","People Services","",""
"4245776","Glauben Technologies","",""
"1115620","Invenio Business Solutions","176.0","3.3"
"753243","Fortune Millennium Management Consultants","",""
"2020094","Crescendo Global Leadership Hiring India","",""
"3986116","Aphthartos Technologies","",""
"4651884","Vipsa Talent Solutions","",""
"993446","Ghrs Training","",""
"4893010","Acuity It Solutions","2.0","5.0"
"4570040","Acme Services","",""
"1116666","Em Sol Co In","",""
"5155474","Mckinley Rice Creativity","8.0","3.3"
"1195","Symbiosis Management Consultants","",""
"4471028","Ultra Firetech","21.0","4.4"
"1373","Pyramid It Consulting","",""
"2554464","Job Seeks 4u Consultancy Services","",""
"739105","Layam","",""
"6018184","Reyika","",""
"19036","Worldline","279.0","3.8"
"123881871","Ciklum","121.0","3.3"
"6305244","Parakozm","",""
"4702648","RMW India Services","",""
"124268582","Infopro Learning","70.0","2.8"
"185470","Zamil Steel Buildings India","223.0","4.1"
"2738076","Jobs Territory","",""
"3167316","Xceedance","836.0","3.6"
"1851","Exclusive Search Recruitment Consultants(ESRC)","",""
"5816402","Refex Industries","97.0","3.8"
"123724543","Rx Placement Services Sriganganagar","",""
"387283","KRG Technologies","",""
"123508583","Hireginie Talent Cloud","",""
"4086876","Starlight Hr Consulting","",""
"28931","Sterling Tools (STL)","318.0","3.5"
"123904845","BNC Network","3.0","1.8"
"6331522","Claidroid Technologies","4.0","4.7"
"754","Mastermind Network","",""
"124552878","Sahayog Industries","",""
"1063160","NMS Consultant","",""
"28445","Le Human Resources Solutions","",""
"123963551","Vee Healthtek","153.0","3.8"
"2883532","Artemis Technologies Hyderabad","",""
"124573288","Consta Cloud","54.0","4.3"
"4803914","Amrit Consultancy","",""
"124179892","Yansh Recruitments Hr Services","",""
"5195516","Aventior Digital","23.0","3.1"
"136248","Rishabh Micro Precision Components","6.0","3.8"
"7366","SAS Research and Development (SAS R&D)","188.0","4.1"
"835441","TAJ Consultancy","",""
"123596359","Brainamaze","",""
"1295132","Nutanix","184.0","3.7"
"633955","ZF","305.0","3.7"
"123917861","Vaidyaratnam Oushadhasala","27.0","4.1"
"124426140","Leidos","14.0","3.7"
"124164506","Strategic Skill Tech","",""
"123864407","English For India","",""
"125134449","EVOTECH BUSINESS SOLUTIONS PRIVATE LIMITED  ","",""
"125132263","Hind Industec","19.0","4.2"
"124281564","Planedge Consultants","99.0","3.3"
"3801018","Satyam Consulting Services","",""
"124585618","Thinkhumble Creative Solutions","13.0","3.8"
"6398332","HR Innovation Group","",""
"123915161","Inventonus","5.0","4.3"
"123957575","JBK Technologies","14.0","3.9"
"124593366","VAK Consulting LLC","",""
"123867839","Ross Lifescience","24.0","3.7"
"2041786","Tudip Technologies","297.0","2.8"
"5430334","Valiant India","2.0","5.0"
"124012448","Cyquent","2.0","4.0"
"1813024","Seven N Consulting","28.0","3.8"
"1838580","Systems Plus Solutions Pvt Ltd","379.0","4.3"
"124781511","Mro Corp","6.0","2.7"
"4900150","Zoomsolar","",""
"4912614","Techverito Software Solutions","6.0","4.6"
"123667051","nCircle Tech Careers","61.0","3.9"
"123921739","Sourceright Technologies","",""
"123577053","Everest Vacuum","117.0","3.3"
"5514472","Tvarit Gmbh","7.0","3.1"
"6938319","Myridius x Aethereus","26.0","3.1"
"3885230","Cross Country Infotech","167.0","4.2"
"5034132","FULCRUM TECHNOLOGIES","185.0","3.4"
"3972790","Clsa","96.0","2.8"
"123567615","AFRY","46.0","4.0"
"3885130","Anchanto Services","74.0","2.6"
"1613116","KPIT","3302.0","3.1"
"125126789","Greenchoice, Pbc","",""
"1393854","3M India","583.0","4.2"
"124266866","Vasant Group","5.0","2.7"
"124482738","Prachyam Studios","4.0","1.6"
"124379300","Mhtechin","45.0","4.2"
"1690164","Principal Global Services","716.0","3.8"
"2788492","Quinstreet Software India","51.0","3.9"
"3220044","Rentomojo","233.0","3.9"
"4037734","Lotusflare","8.0","4.2"
"6797543","Fictiv Technology Solutions","23.0","3.3"
"6797555","66degrees","28.0","2.6"
"124375258","Xpel Technologies Corp","",""
"124704064","Silicon Stack","37.0","2.5"
"6371884","Miratech","26.0","3.4"
"124694902","Sparta Systems","13.0","4.1"
"2525240","Walter P Moore","39.0","4.2"
"124604040","BMW Techworks India","19.0","3.8"
"4419684","Opengov","21.0","3.0"
"5015270","Gsource Technologies","96.0","3.2"
"5761892","Rarr Technologies","34.0","4.4"
"6124730","Jitterbit","4.0","3.6"
"1673958","Black & Veatch","186.0","4.1"
"3113726","Tarana Wireless","10.0","3.5"
"3864872","Locuz","262.0","3.7"
"4341344","Codigo Technologies","",""
"4557922","Onit","29.0","4.4"
"5618014","Rapid7","",""
"123489505","TD Synnex","6.0","3.8"
"1452558","Emerson","482.0","4.0"
"124154970","Atlasrtx","",""
"5116380","SAS Institute","188.0","4.1"
"124391660","Intech Group","",""
"1658908","Career Planet Consultancy","",""
"827869","Elite Celebrations","4.0","4.5"
"718941","Lubrizol","165.0","4.2"
"741249","Sailpoint Technologies","42.0","4.2"
"4575322","Quantum Integrators","30.0","3.3"
"123503033","Intellias","20.0","4.2"
"125112815","Menlo Solution","",""
"4047196","Rocket Software","106.0","4.1"
"126120","Sakon","283.0","3.0"
"116964","Cross Country Infotech","167.0","4.2"
"65291","Fulcrum Digital","137.0","4.3"
"258014","Skillventory","",""
"6115782","Optimeyes Ai","31.0","4.6"
"125069473","Pro-tech Fire Services Llp","2.0","5.0"
"124861391","Elxr Hospitality Consultants Llp","",""
"5220408","O3 Hire","",""
"1384498","Prutech Solutions","84.0","3.9"
"123522635","Inorbvict Healthcare","116.0","4.4"
"242967","Quotient Consultancy","",""
"2851554","Digitide","9602.0","3.6"
"124234760","VK Design And Projects","3.0","3.0"
"832971","Delight HR","",""
"381205","Maharashtra Natural Gas","123.0","3.5"
"124236304","Kirti Sinha","",""
"2805490","Safeway Insurance","78.0","3.2"
"81811","S A Tech Software India Limited","",""
"1058908","Hirschvogel Components","145.0","3.9"
"487263","Manning Consulting","",""
"125057859","Techstay Systems","",""
"5166798","Integral Process Controls Valves","22.0","4.3"
"6917925","Sellability Sales & Marketing Solutions","24.0","4.1"
"3819810","Techprimelab","14.0","2.5"
"388923","General Diagnostics International","132.0","3.3"
"4688436","SE2","91.0","3.3"
"5098916","Launch It Consulting","75.0","3.6"
"125134695","AF Mobilite","",""
"124398300","Shiva Hr Solutions","",""
"6142378","Pattern Technologies","79.0","4.2"
"124984211","Abok Spring","2.0","1.7"
"4546630","Finsmart","38.0","3.3"
"123735797","Nikqik Technologies","3.0","5.0"
"217395","Pan Gulf Technologies","158.0","4.0"
"2723280","UNIVASTU","29.0","3.3"
"2778010","fluid.live","25.0","4.3"
"123508393","Eximtrade Consulting Services","10.0","3.4"
"749529","Exela Technologies","1586.0","3.3"
"3728272","Amit Enterprises Housing (AEHL)","75.0","4.3"
"123623867","Bgauss Auto","87.0","3.8"
"125090633","Dhanajfinancial Services","",""
"838669","Deccan Nutraceuticals","43.0","2.9"
"125132335","Degreebaba Pvt Ltd","",""
"2175746","Seven Mentor And Training","",""
"3743456","Heisetasse Beverages","26.0","3.6"
"34476","Propmart Technologies","412.0","3.6"
"124655958","Smart Services","14.0","3.0"
"1485262","Kohinoor Development","30.0","3.6"
"130052","Peoplefy Infosolutions","",""
"4082700","FM India Supply Chain","393.0","3.9"
"5296314","Apex Services","",""
"6408416","DNV","126.0","4.1"
"6362922","Techorbit Solutions","34.0","4.2"
"44578","Ontrack Hr Services","",""
"893036","Actualise Business Solutions","",""
"5009564","NCSI Technologies","323.0","3.5"
"124378982","Brainwave Educational Services","",""
"976180","Nielseniq India","1349.0","3.6"
"124437184","Kivi-tronics Consulting Llp","",""
"124667730","Qasolve Ai","12.0","5.0"
"123525021","Threadneedle Software","",""
"125132799","Leanwithyash","",""
"125133937","Cleanly","",""
"745539","Spes Manning","",""
"123537779","Online Munim","5.0","2.6"
"124946185","Rightways Air Logisitics","",""
"1132942","ATA Freight","126.0","3.6"
"125102487","SK Consultancy Services","",""
"5824246","Vantageiq Technologies Opc","",""
"124013744","Unitary Properties","3.0","4.1"
"227561","The Digital Group Infotech","112.0","3.4"
"1428216","Godrej Properties","567.0","4.1"
"125049853","K Krushna Infra","",""
"4713240","Oostelijke Onderneming LLP - Eastern Enterprise","11.0","2.8"
"124983855","Vishura Services","",""
"124963237","The Homestay Company","",""
"1974","Client of Quadrangle","18.0","4.1"
"4136330","Crown Veterinary Services","7.0","3.1"
"125133319","Namrata Kashinath Ulegaddi","",""
"124834133","Pristine Developer","9.0","3.6"
"7096829","Spal Automotive Technology","20.0","4.2"
"5190048","Blucognition","104.0","3.3"
"125104229","SLP Group","",""
"124885153","Biswal Infra Mep","",""
"1793564","Thompsons Hr Consulting","",""
"125133545","Wonder Learning India","",""
"1282376","Home Bazaar Services","172.0","3.8"
"123915075","Coriolis Tech","",""
"4190082","Sunbrilo Technology","24.0","3.2"
"124325554","Naturaliv Foods","",""
"125113465","Cyber Elevate","",""
"4117586","Malomatia","80.0","3.5"
"124167562","Tenb Fintech","8.0","2.6"
"123924549","UJA Global Advisory","71.0","2.8"
"115281","Imperial Auto Industries","1020.0","3.9"
"125131703","Mas Asset Management","",""
"125133425","CAR Tattva","",""
"834157","Nitor","282.0","4.2"
"601539","Acesoft Labs","",""
"6816761","Skyscraper Consulting","",""
"124069358","Innspark Solutions","49.0","3.6"
"1807608","Crave Infotech","59.0","2.6"
"6298872","AGS Technologies","8.0","3.5"
"3410128","Green World Buildcon & Infra","9.0","3.9"
"1912526","Inditech Valves","21.0","3.7"
"123702079","Automationedge","108.0","2.8"
"5667032","Bootstart Spaces And Hospitaity","14.0","4.8"
"124363378","Apraj Organisation","",""
"7016909","Steel Age India Engineers","",""
"909110","ImagicaaWorld Entertainment Limited","126.0","3.8"
"245730","Brose","157.0","3.7"
"6402686","Espa India Tech","",""
"1520676","Digital Convergence Technologies","55.0","2.6"
"125129967","Machine Minds","",""
"3273860","Intelli Search Services","",""
"842317","eTechno  Lab  Pune","",""
"123811921","Int9 Solutions","",""
"908740","Avalara Technologies","361.0","3.1"
"125132435","Hipla","3.0","1.9"
"4851324","Version 1","80.0","3.8"
"5849344","GEETHA TECHNOLOGY SOLUTIONS PRIVATE LIMITED","",""
"124213418","Evnek","3.0","4.2"
"124009316","Psr Toolings","19.0","4.6"
"124827977","Essentiallysports","143.0","4.0"
"3232002","Classic Electric","13.0","4.5"
"123807147","Sekel Tech","25.0","4.6"
"123738283","Recharkha Ecosocial","",""
"4993210","REWISE ANALYTICS TECHNOLOGIES PRIVATE LIMITED","49.0","3.8"
"124295422","Cti Logistics","22.0","3.9"
"5259568","Alphasense","51.0","3.2"
"4934046","Go Happy Ride","",""
"123481931","Make Your Own Perfume","13.0","3.8"
"123702641","Regal Rexnord","139.0","3.4"
"5061042","Unified Globaltech India","9.0","4.7"
"4594544","Stratacent","26.0","3.4"
"124894397","Assent","4.0","3.0"
"123577265","Avivys Consulting Services","",""
"4979932","Vmedulife Software Services","32.0","3.8"
"5429996","Hspm Solutions Llp","",""
"124286594","Lifecreators","",""
"5042352","IntraEdge Technology","34.0","4.0"
"5474614","Clifyx Technology","24.0","3.7"
"2259028","Neurealm","572.0","3.4"
"4077584","Raj Process Equipments And System","77.0","3.3"
"3202446","Valmet","232.0","4.1"
"6784345","Thinkproject","6.0","2.0"
"5928690","World Courier","5.0","4.6"
"5752782","Natobotics Technologies","6.0","4.0"
"3219936","Cctech","37.0","3.0"
"2258452","Antuit","14.0","3.3"
"124540734","Bluphlux","",""
"124540694","Ibis Styles","8.0","1.7"
"124517208","Enterprisedb Software","26.0","3.8"
"124195364","MSCI Services","336.0","3.9"
"3866330","Savic Technologies","273.0","2.5"
"3112200","Fronius India Private","33.0","3.9"
"2788628","Shifastar Technologies","",""
"2700860","Genesis Tech Solutions","",""
"2250442","PTC","535.0","4.2"
"2042536","Wissen Infotech","596.0","3.6"
"1840512","Softtech Engineers","136.0","3.4"
"1826960","Givaudan","169.0","4.1"
"1972058","Oakridge","151.0","3.7"
"1600844","FIS","6160.0","3.8"
"125122009","Yitro Global","2.0","4.0"
"124284750","Moringa Techsolv","5.0","3.3"
"5678104","Etraveli","123.0","2.9"
"5501622","Enpro Industries","194.0","4.2"
"5166580","Integrichain","51.0","4.1"
"5084622","Parkar Global Technologies","56.0","3.1"
"4795862","Workday Inc","38.0","3.8"
"4022808","Aera Software Technology","52.0","4.2"
"3923614","Securonix Consultancy","",""
"3051654","American Bureau of Shipping (ABS)","35.0","2.5"
"1958850","Ace Brain Technologies","20.0","4.4"
"1893154","Wishtree Technologies","78.0","4.3"
"1617352","UPS Supply Chain Solutions (UPS SCS)","783.0","3.6"
"1392746","Bajaj Allianz General Insurance","2871.0","3.7"
"500771","GSR Business Services","81.0","3.3"
"124598410","GRUVE TECHNOLOGIES INDIA PRIVATE LIMITED","14.0","3.5"
"6572310","TripStack","123.0","2.9"
"749839","DigitalEdu IT Solutions Pvt Ltd","30.0","3.4"
"5921712","Axim Digitech","",""
"4429150","Tsit Digital Technologies","",""
"3044300","Techila Global Services","116.0","4.0"
"123864937","Flywings Hr Services","",""
"7149633","Shalaka Dilip Desai","",""
"84384","Sela Technology Solutions","22.0","3.8"
"125132413","Nikol Automotive Pvt Ltd","",""
"124430404","AIF & Pms Experts","2.0","1.0"
"214046","Systems Plus","379.0","4.3"
"124932687","Ajeenkya Dy Patil University","73.0","3.2"
"837077","Imarticus","375.0","4.1"
"123821967","e Zest","331.0","4.0"
"125110867","Avit Business Solution","",""
"839689","Talentplus Solutions","",""
"124053190","Vastu Home Advisory","",""
"124887535","Krisala Buildtech Llp","65.0","3.5"
"39386","Ecotech It Solutions","58.0","3.0"
"4962","SV Management Consultants","",""
"124955","Tresvista Financial Services","384.0","2.6"
"124467320","BMW Techworks India","19.0","3.8"
"123709447","Remunance Systems","37.0","3.7"
"482173","Almamate Infotech","",""
"933490","Multi Recruit","",""
"125132307","Novatrix Trade","",""
"2647010","Bekaert Industries","212.0","3.9"
"124303994","Aaryan Hr Solutions","",""
"841355","RJCube Staffing Solutions","",""
"123868069","SMTAUTO SOLUTION LLP","",""
"124732329","Freelancer Monika","",""
"7107751","plan-a","",""
"123974369","Coreehs","84.0","3.9"
"4429128","Birla Estates","88.0","3.9"
"123705415","24life Trades Pvt.Ltd.","",""
"6456338","Techneutron","7.0","1.0"
"6908957","Ultra Corpotech","266.0","4.0"
"119332","Electronica Finance","995.0","4.2"
"6949255","Caizin","20.0","4.4"
"123894203","Evotech Business Solutions","",""
"906574","Imarque Solutions","331.0","3.3"
"961696","Zymr Systems","80.0","3.0"
"753419","Europa Locks","335.0","3.6"
"647435","VOIS","1132.0","3.9"
"4325746","Haze Busting Consultancy Services","",""
"6163710","Dot Professionals","35.0","3.7"
"88740","VIBGYOR Group of Schools","1219.0","3.4"
"124299894","Enlight Lab","",""
"123671539","Elpro International","26.0","3.2"
"124699494","Rubyworks","",""
"1695328","Marquardt","202.0","3.6"
"4928482","Baseel Partners","7.0","3.3"
"124086276","Agriprojunction Ventures","14.0","3.6"
"6598756","Keytaal Worldwide","",""
"125020483","Shiv Shambhu Enterprises","",""
"368873","Symtrax","8.0","3.3"
"495721","VI-SON CABLES PVT LTD.","115.0","3.7"
"123667099","Bora Exim Pvt.Ltd.","8.0","3.9"
"481705","Search Advisers Services Guj","",""
"2471396","Akanksha Foundation","95.0","3.7"
"123874647","Shandar Interior","32.0","4.3"
"124848529","N G Home Inspection Services","12.0","3.1"
"84811","Indus Health Plus","108.0","3.0"
"124257792","Addepar","19.0","4.1"
"68527","Wissen Infotech","596.0","3.6"
"2518864","Tudip Technologies","297.0","2.8"
"744610","Blue Circle Medi Services","20.0","2.4"
"124928673","Purple Construction Pvt. Ltd.","",""
"125024545","Primis Digital","",""
"1522","Forbes Marshall","587.0","3.9"
"1048738","Accurate Engineering Company","175.0","3.3"
"1634344","Vanderlande Industries","247.0","3.9"
"124444850","India Cables","",""
"123572775","ti Steps","16.0","4.3"
"3941488","Seabird Logisolutions","256.0","3.9"
"3727660","Paranjape Schemes Construction","176.0","3.5"
"610943","ELECTROPNEUMATICS & HYDRAULICS ","230.0","4.0"
"124029204","Isas","14.0","2.9"
"683503","Gera Developments","150.0","4.1"
"124123894","Known You Seed","16.0","4.4"
"2172","WNS Holdings","13819.0","3.3"
"123561367","Motm Technologies","24.0","3.7"
"125130559","Twwios Technologies","",""
"125130533","Perceptive Media","",""
"124635472","PropXLreight","",""
"124126370","Prasad Gade","",""
"124841603","Sonatus ","9.0","2.8"
"124895485","Livmax Advisors Llp","",""
"2181450","Shivoham Infotech","",""
"125106055","THE Enterprise Globe","",""
"7025823","MSC Transformers","4.0","4.8"
"123992626","Arms Infrabuild","",""
"6464318","Nxtwave Disruptive Technologies","942.0","3.6"
"124232856","Ganesh Industries","14.0","2.4"
"1059984","Spino Technologies","",""
"4212576","Shades Of Web","17.0","4.3"
"123933023","Bright Precision Machining Works","13.0","4.5"
"2913924","Oges Solutions","",""
"124310740","Arya Energy","8.0","3.1"
"136211","Integrated Personnel Services","",""
"124839963","Hireaspirant","",""
"123723041","Trimurti Stainlink Equipments","21.0","3.3"
"3510224","Shavish Group","",""
"8860","Bitwise Solutions","719.0","3.9"
"5153414","Intech Creative Services","103.0","3.8"
"125129773","Arkeyes","",""
"2884790","Indus Corporation","10.0","4.0"
"124703164","Rapid7","",""
"4464638","Gayatree Polymers (India) LLP.","10.0","4.0"
"1042","Saaki Argus And Averil Consulting","",""
"704607","Deenanath Mangeshkar Hospital & Research Center","9.0","3.1"
"6261472","Airattix Storage","3.0","1.2"
"124329600","Reenu","",""
"125104327","Vishwa Holistic Solutions","",""
"3507688","Bridgestone","607.0","4.0"
"2855916","Resource Drive Consulting","",""
"650241","Time Legend It And Hr Consulting Solutions","73.0","3.3"
"6284018","Variate Consultants","6.0","4.8"
"1768368","Clean Energy Systems","10.0","3.6"
"123612447","Vcare Hospitality","10.0","3.5"
"575291","Enrich And Enlight Business Consulting","",""
"4033638","Divgi Metalwares","165.0","3.2"
"6081656","The Infinity Space","",""
"125128429","Tirupati Agro Products","",""
"125129081","The Way of Automation Deccan Pune","",""
"125109841","Arian Flux Technologies","",""
"124591964","Sadhana Service","",""
"1533126","MJ Biopharm","303.0","3.5"
"100076","Sakal Media Group","129.0","3.4"
"5327256","Ardur Techserv","2.0","1.5"
"124871571","Nutriwave Spinacho Foods","",""
"4140536","Talent Spinners","",""
"123740597","Ranawat Group","7.0","5.0"
"7082211","Rephlexion","",""
"3762176","Ansh Intertrade","8.0","3.8"
"123909305","Minus 30","3.0","4.7"
"6457970","The World Of Automation","2.0","3.3"
"1806564","The Corinthians Resort & Club, Pune","7.0","3.8"
"2086782","Govind Milk & Milk Products","150.0","4.2"
"2907498","Pratiti Technologies","",""
"409047","HRS  Process Systems Ltd.","73.0","3.0"
"125074531","Taucoko Services","",""
"125123819","A K Accessories","",""
"4499256","Returnonweb Consulting Services","28.0","3.5"
"123805621","Doehler","98.0","3.3"
"123596267","Aparajita Consultancy Services","10.0","3.1"
"714817","Shield Autoglass","51.0","2.4"
"5614396","Deccan Hardikar Hospital","",""
"2156014","Talent21 Management  Shared Services Pvt. ltd.","",""
"5475710","Sharpflux Technologies","2.0","5.0"
"124266846","Techence IT","19.0","3.5"
"4469344","Garrett","112.0","3.3"
"124460472","Atlas","22.0","3.4"
"124009372","thyssenkrupp rothe erde","982.0","3.8"
"123904315","Autus Lumos","",""
"123797573","Gamlaa","16.0","3.3"
"125024761","Ollion","62.0","3.3"
"3780364","Dataction Analytics","17.0","2.6"
"3904702","Brave Technologies","19.0","4.9"
"4551012","Xplor Tech1 Systems","27.0","3.3"
"4557970","Mantras2success Consultants","20.0","4.4"
"125122013","Altisec Technologies","22.0","4.2"
"1895446","Pan Gulf Technologies Pvt. Ltd.","158.0","4.0"
"3051198","Spanidea","214.0","3.6"
"124633714","Nirman Greens","5.0","3.2"
"1974274","Trinamix Systems","398.0","4.4"
"4790860","Simulationhub","68.0","4.1"
"1753214","Sailpoint Technologies","42.0","4.2"
"1393974","Unilever","6718.0","4.2"
"6166560","Varex Imaging","6.0","3.3"
"1963406","Zelite Solutions","16.0","3.4"
"124101530","Arting Digital","27.0","4.8"
"123804167","Global Product Compliance","6.0","2.1"
"4677442","Castaliaz Technologies","40.0","3.8"
"4595790","Thornton Tomasetti","28.0","4.2"
"1312884","Endava","331.0","3.6"
"124399976","Gruve","14.0","3.5"
"124301198","Allvue","28.0","3.1"
"123696501","Hackerone","28.0","4.9"
"123487753","Global Product Compliance","6.0","2.1"
"6488780","Guidepoint","24.0","3.5"
"6313630","Inferenz Tech","29.0","4.2"
"6138558","Victrix Systems & Labs Pvt. Ltd.","5.0","4.6"
"5166516","Logicmonitor","83.0","3.5"
"4921818","Oliver Wyman","13.0","3.2"
"4849920","Bereej Technologies","3.0","5.0"
"3857932","Beghou Consulting","13.0","3.2"
"3400846","GTT Communications","133.0","3.7"
"2357416","Godaddy Operating Company, Llc","27.0","3.2"
"1893432","Hitachi Solutions","118.0","3.8"
"1861742","Transunion","559.0","3.9"
"125079171","Quantum Corpserv (india)","",""
"740769","Prima Donna Human Connections India","",""
"125089947","Iclickprofit","",""
"124351516","Stellaspire Consultancy","",""
"125085683","Aviaan Llc","",""
"125127987","Physio Zone","",""
"473119","Eteam","",""
"124581366","Amiti Talent","",""
"1452470","Zebra Technologies","154.0","3.8"
"6010512","PVKL Tech Services Pvt Ltd","23.0","2.9"
"4951128","Syneos Health","724.0","3.7"
"125098439","hr@intelmarketresearch.com","",""
"1379982","TMF Group","312.0","3.7"
"7113123","Ozori Industries","25.0","4.3"
"1588020","Equinox Engineering Ltd.","12.0","2.3"
"804986","Apex Precision Mechatronix","3.0","3.9"
"124745855","Himtej India Pvt Ltd","2.0","4.9"
"2617834","DesignCafe","178.0","3.3"
"123820707","M Tek Engineers","19.0","4.5"
"3208734","Veko Care","82.0","3.4"
"5748186","Groots Software Technologies","15.0","3.4"
"124655338","Talent Captive","",""
"271275","Spectrum Talent Management","",""
"1074862","Zalway","",""
"3981464","MNC","21.0","4.3"
"58608","Samvith Technologies","",""
"830609","Bounteous x Accolite","912.0","3.3"
"5795066","MIT Adt University","83.0","3.9"
"254587","Embitel Technologies","182.0","3.8"
"123785949","Placewell Industries Services","",""
"123646537","Imperium Digital Network","12.0","4.3"
"3058828","Indpro","28.0","4.3"
"3037344","Amor Management Consultants","",""
"5643798","Sincro ","66.0","3.2"
"4522446","Talentcorp Solutions Pune","",""
"5248376","B Pointer Technologies","8.0","3.2"
"125085557","Wayne Education Llp","32.0","3.8"
"124339870","Belivance","",""
"125127429","Growingen Solutions","",""
"830807","Gensys Technologies","29.0","3.0"
"123611847","Turing Global India","240.0","3.1"
"123889229","Securelayer7 Technologies","31.0","4.2"
"124210506","Actiohx Solutions","61.0","2.8"
"992732","Onward Technologies","1039.0","2.9"
"1064566","M. M. K. Enterprises","",""
"125127069","One Earth Properties","",""
"5772966","Tourishta Bindaassafar","",""
"5873864","IntraEdge Technology","34.0","4.0"
"1064898","Vega Intellisoft","",""
"6252258","Said Technologies","11.0","2.9"
"5401376","Electrodrive Powertrain Solutions","69.0","4.0"
"124539508","CT Automotive","130.0","3.8"
"5099192","The Hr Bulb","",""
"4879734","Verificient","121.0","3.4"
"124902137","Bharati Vidyapeeth University","86.0","3.5"
"7101311","Carnera Technologies","9.0","3.9"
"124894467","Dao Evtech","18.0","2.7"
"124482268","NAC Buildcon","5.0","3.1"
"125126951","Adeet Media Hub","",""
"6131154","Disha Services","",""
"125123033","RR Finmart","",""
"4336024","Goel Ganga Group","164.0","3.4"
"124512754","Pro-quip Solutions pvt.ltd","2.0","4.5"
"123730425","Academian India","63.0","4.3"
"5636470","Rabbit And Tortoise Technology Solutions","72.0","3.0"
"3184700","Relfor Labs","20.0","2.6"
"4218706","Vision Infra Equipment Solutions","6.0","3.2"
"6968439","Markytics","16.0","3.2"
"124420438","Theta Controls","18.0","3.8"
"5739452","Tejfire Safety India","",""
"2890736","Atlantis Lab","94.0","3.1"
"533725","Educe Solutions Pvt Ltd","257.0","3.5"
"4612620","Sycamore Software Solutions","19.0","4.6"
"3825882","Chandukaka Saraf And Sons","77.0","3.2"
"123809859","VTP Realty","341.0","3.6"
"4764770","THE Solidarity","",""
"5710920","Bluboxx Communication","9.0","3.7"
"154662","Shalina Healthcare","234.0","3.4"
"19335","Crown Solutions","",""
"5344846","Arkaza Technologies","2.0","3.4"
"739209","HR Central","",""
"3205474","Engineered Food Concepts","2.0","5.0"
"125117733","Delta Color Sorter Pvt Ltd","",""
"125126389","Cybotronics Solution","",""
"6354668","Thinkwise Consulting","",""
"124776227","Indiano Chrome","6.0","4.3"
"123679831","Vertx Solutions","",""
"124314990","Ocupy Pune","",""
"125126089","Empyrean stay","",""
"2799214","Openview Technologies","116.0","3.4"
"718083","Vijaya Diagnostic Centre","685.0","3.9"
"1632778","Datametica","395.0","3.3"
"1091284","AM Infoweb","497.0","4.0"
"4099566","Vertoz","87.0","3.0"
"1965942","Traveltime Car Rental","22.0","3.9"
"3575400","Bharti Hospital, (BHARATI VIDYAPEETH MEDICAL FOUNDATION)","68.0","3.8"
"124456950","Indbank Global Support Services","63.0","3.5"
"124796237","Connectfor","2.0","3.4"
"125104903","Nia Ev Motors","",""
"123973741","Global Solutions","18.0","4.7"
"1095660","Ascentrik Research","126.0","1.7"
"7153173","Wise Owl Investments & Insurance Marketing","24.0","3.4"
"6507006","Gatitaa Technology","15.0","4.0"
"1051046","Vconstruct","125.0","3.9"
"124789471","Gold Coast Real Estate","6.0","3.9"
"124265376","Pyramo Machinary Pvt. Ltd","",""
"124672924","Sanket Machindra Bansode","",""
"19869","Infinite","1829.0","3.3"
"31675","Nalco Water","255.0","3.9"
"123540261","Rapid Recruiters","",""
"123813963","Avyanna Tech","",""
"125103309","JJ Realty ","",""
"5199500","Sigma AVIT Technology Solutions Pvt. Ltd.","54.0","3.6"
"2457064","Sopan O  M Company","",""
"124687542","June Gaming","3.0","1.0"
"124878995","Botmakers Pune","",""
"4799524","Machbizz Marketers","63.0","3.2"
"5036204","Into Wellness","14.0","4.5"
"5928668","Explarity Solutions","14.0","2.8"
"1904850","JoulestoWatts","",""
"4712608","Principal Global Services","489.0","3.7"
"581163","Resource Management Group Plus","",""
"1602980","BSC Global","30.0","4.3"
"31186","Knight Frank","839.0","4.0"
"7068931","Transcom","64.0","2.3"
"120647","Sahyadri Hospitals","421.0","4.2"
"124281736","Abrigo Realty","",""
"685789","Bharti AXA Life Insurance","1997.0","3.6"
"4086508","Fibe","164.0","3.6"
"4525268","cult fit","913.0","3.5"
"3076280","Startupwala","",""
"4575590","Staffing Services","",""
"2603632","Praxis Info Solutions","26.0","4.0"
"6020350","XPO India Shared Services","47.0","3.5"
"5892088","Volley Biz-tech","",""
"2855162","Primus","166.0","3.5"
"7043103","Privacera","8.0","4.1"
"12234","International Design And Engineering Solutions","11.0","1.5"
"2733202","Synergy Maritime","233.0","4.1"
"124546618","Snap Analytics","2.0","3.1"
"124385098","Thinkster.in","3.0","3.1"
"124038666","Klay Preschool And Daycare","31.0","3.9"
"5034570","Yuva Mitra","12.0","3.4"
"5476058","Andt Equipment Inspection Service","2.0","5.0"
"124134000","Cloudtool","6.0","3.2"
"124349302","Dendrite","",""
"6367650","Global Opportunity","",""
"125703","White Force Outsourcing Services","",""
"125058175","B K Khose","3.0","4.4"
"124093764","Siri Tech Solutions","",""
"124939749","Amphenol Socapex (A Unit Of Amphenol Interconnect)","21.0","4.3"
"123474295","Yansons Engineering","7.0","3.7"
"452267","Infoanalytica","",""
"4899042","Pivot Peak Consultancy","",""
"5611712","Skillfloor Solutions","12.0","4.1"
"1077626","GENZEON (INDIA) PRIVATE LIMITED","160.0","3.7"
"4446020","Shyena Tech Yarns","18.0","3.6"
"85829","Kochar Infotech","2276.0","3.8"
"2935504","Onama Consultants","",""
"174296","Ashiana Housing","366.0","4.1"
"5062822","Chemco Group","82.0","3.9"
"1051","Sampark Career Developers","",""
"124636888","Apulki Healthcare","",""
"837651","ACG","1085.0","3.9"
"6366308","Seinumero Nirman","96.0","3.7"
"5737734","Matrix Robotics","30.0","3.4"
"123888103","Shree Venkatesh Buildcon","68.0","4.2"
"123940225","Automotive Research Association of India (ARAI)","129.0","4.1"
"6623058","Fabex Automation","3.0","3.5"
"3912714","Commander Watertech","35.0","3.8"
"4426396","O3 Hire","",""
"5747038","Octillion Power Systems","97.0","4.0"
"4440906","Tech SMCSquared GCC","5.0","3.0"
"4415016","Metro Homes","5.0","3.9"
"303919","Atyeti","148.0","3.8"
"105895","Principal Global Services","716.0","3.8"
"558971","Busy Infotech","198.0","3.9"
"5293676","Marvel Realtors","79.0","3.9"
"659933","Experis","",""
"118590","Bajaj Allianz Life","5796.0","3.8"
"4064164","Meraki Hospitality","6.0","3.1"
"124026144","Lex Visas","14.0","4.6"
"15032","Ador Welding","280.0","3.8"
"281175","Entrata India","414.0","4.0"
"2408272","Coditas Technologies","280.0","3.7"
"6310448","Velociti Hr Services","",""
"1144","Spectrum Consultants","",""
"3322872","SKH","823.0","3.9"
"3716624","Rahul Engineering","6.0","2.9"
"3003588","Shree Samarth Reality Karjat","",""
"125083945","Techbone Ventures Pvt. Ltd.","6.0","4.8"
"638465","The Professional Couriers","244.0","3.5"
"5236386","Diagnopein Diagnostics","46.0","2.8"
"6553018","Everest Fleet","219.0","3.1"
"6839031","Dhruv Global School","11.0","3.9"
"5313448","Medi Probe Services","52.0","3.8"
"1055696","Essen Vision","46.0","2.2"
"3915296","KP Hr And Infra Services","",""
"3284682","Billennium","71.0","3.8"
"5784318","Arms Academy","15.0","4.3"
"124669278","Rutamsoft Technologies Llp","3.0","2.7"
"123823301","Homebeats Realty","",""
"1085476","Sapna Hr Services","",""
"2215042","Nsquare Xperts","35.0","4.3"
"785064","All For Kids","13.0","4.3"
"125142029","Gadgetopia Technologies","",""
"123928409","Tekor Minerals","6.0","3.1"
"737729","Asrah Technologies","",""
"4589484","Amit Gaikwad","",""
"4097198","Business Promoted","22.0","2.3"
"124369604","Teamovation Services","",""
"91816","Izee Manpower","",""
"6620610","Majestic Hr","",""
"4647810","ADA Tech Solutions","79.0","3.3"
"218939","Smiles Placements","",""
"124469192","Innovative Metal Craft Industries","5.0","4.1"
"125141969","urbanline interiors","",""
"13364","Skynet Placements & Outsourcing Services","",""
"828187","Benchmark Services","",""
"981392","HDI Outsourcing Services","",""
"526327","Interface Infosoft","12.0","3.2"
"125135205","Thinkbix Technologies","",""
"5786752","Yash Placement Services Pune","",""
"5038302","Jus Amazin","9.0","2.5"
"125141491","Aayu Physio","",""
"5787650","Mega Epc Projects","12.0","3.9"
"123508647","Bhagat Hr Services","",""
"125141471","Fountlab Solutions","4.0","4.8"
"125071037","Igniferus Technologies Llp","",""
"5317942","Upstart Careers","",""
"125141401","Nexus HR Solutions","",""
"124781393","Finstreet Education","",""
"4917744","Rothe Packtech","8.0","2.9"
"123803357","MJS Co","",""
"6132492","Ramee Systems","4.0","3.5"
"4079990","Provision Consulting","",""
"124108886","Idealcrew Technology","",""
"1331472","Fesolve Engineering Services","7.0","2.0"
"124531270","MAA Pranaam Suvidha Limited","",""
"125108909","VIN Job Recruitment Consultancy","",""
"125118567","LTS","21514.0","3.9"
"125131483","Zidea","3.0","4.4"
"125140909","Juniper Constructions","21.0","3.6"
"4839642","Talenta Manpower Services","",""
"2004454","Pinaki Softcon","",""
"125140733","Cpatss","",""
"124584988","Nityadar Electrical Works","11.0","3.7"
"6307044","Kaycee Enterprises","",""
"124994855","Dehu Engineering","13.0","3.0"
"124133660","Ampillars","",""
"124666370","KBD Talent Forge India","",""
"125091933","Bensonfox","",""
"5293678","Electronica Group","49.0","4.2"
"6887353","Ardor Talent Solutions","",""
"4410552","Securityhq","77.0","3.3"
"123893131","Equicad","",""
"125138813","Battery Planet And Solar Systems","",""
"125137929","Yahshua Enterprises","",""
"6160856","Qaez India Pune","",""
"6707147","PRO Hr Complete Solutions","",""
"125137423","Sibyl Systems","2.0","5.0"
"125137263","Pstm Engineering","",""
"125045179","Hirepal","",""
"124290904","Pibythree","33.0","4.6"
"1106112","SPA Systems","20.0","3.4"
"5309548","Affirm Services","",""
"125136905","Brickworth Realty","",""
"3232084","Desire Consultancy Service","",""
"124405722","Zeal Pharmacure","",""
"13161","Mavenbmc","",""
"20221","S N Joshi Consultants","55.0","3.6"
"7088995","Ingenium Electronics","2.0","5.0"
"2574724","Alpine Placement Consultant","",""
"125136535","Globalstep","270.0","2.4"
"6624360","Enthralltech","52.0","2.6"
"125136457","India Tech Engine","",""
"98312","Technosoft Engineering","306.0","3.9"
"3900282","Ssterling Workforce Enterprises","",""
"124228614","Perdura Therapeutics","",""
"655709","Panacea Bpo Services","2.0","3.7"
"5067396","Arrow Pc Network","20.0","3.4"
"124642768","Samarth Services","",""
"1439392","Weikfield Foods","200.0","3.6"
"124961725","Celectric Mobility","",""
"124149440","BTB Venture","36.0","4.1"
"6081","31west Global Services","44.0","3.8"
"124456530","Devploy Technologies","",""
"1122882","Wagons Learning","25.0","3.2"
"124900311","Drive Technologies","",""
"669609","Eris","739.0","3.7"
"4162824","Robu.in","26.0","3.8"
"124669580","Deeptek Medical Imaging Pvt Ltd.","24.0","3.2"
"124736381","SL Polycoat","18.0","3.3"
"3111774","Plastic Omnium","462.0","3.7"
"1642920","Softenger","917.0","4.0"
"125127503","St.Miras High School","16.0","3.5"
"3940","Optimum Solutions","617.0","3.2"
"123638855","Prym Solutions","",""
"55845","Outworx Solutions","467.0","3.5"
"5316854","Prior Hr Services Pune","",""
"7011893","Asio Healthcare","4.0","4.1"
"124306704","Argan Technology Services Pune","",""
"123774478","Calfus Technologies India","35.0","3.8"
"5652632","Integral Ad Science","19.0","3.2"
"4066430","Pratiti Technologies","97.0","3.8"
"123810347","Xpert Consulting  Services","",""
"138781","Vayudoot Road Carriers","17.0","3.8"
"3065272","Abhi Impact Logistics Solutions","49.0","3.9"
"828729","IT Shastra","30.0","3.9"
"3653494","Venus Management Consultants","",""
"4597826","WAi Technologies","40.0","3.6"
"719567","Seventh Contact Hiring Solutions","",""
"124457210","Panache Healthneeds","2.0","2.3"
"6241814","Rise Realty","4.0","4.5"
"6548994","Source4hire","",""
"125122173","Meditech Diagnostics And Polyclinic","",""
"124035456","Gearspect India","4.0","3.3"
"4135274","Topsource Infotech Solutions","38.0","3.2"
"272069","Sj Contracts","316.0","4.2"
"4499488","WSD Consultant","",""
"828673","Intelliworx Consulting","",""
"537377","Ojas Systems","",""
"6762369","Karl Storz","84.0","3.8"
"506213","Capital Recruitment Services","",""
"978418","Search End Staffing Solutions","",""
"123967577","Mar-haba Hr Solutions","",""
"1580580","ACZ Global","",""
"1007674","Neogrowth Credit","381.0","3.2"
"4971476","Lexicon Computers","4.0","1.0"
"3586734","Disc Technology Services","5.0","4.7"
"1813174","Environmental Resources Management (ERM)","28.0","3.1"
"6384192","Zopsmart","119.0","3.1"
"2028950","Captalent Hr","",""
"4712336","Albireo Recruiters","",""
"2534948","Geniehr Solutions Delhi","",""
"124524736","Filmy Gags Media","",""
"4049958","Ritikaa Enterprises","10.0","3.8"
"4848018","Demographic Hr Services","",""
"1489104","Seven Consultancy","",""
"1954998","Route Mobile (RML)","105.0","3.6"
"1114146","Adler Talent Solutions","",""
"125107665","Sufi International","",""
"125076953","Ayushman India Laboratories","",""
"124307868","Avenoir Technologies","11.0","4.5"
"124548180","ALM Corp","",""
"124061772","Bitbybit Solutions","9.0","3.8"
"125124807","K K Engineering","4.0","4.9"
"123597161","Wits Innovation Lab","39.0","3.4"
"124293294","Reuters","7.0","4.0"
"5244306","Disney India","20.0","3.6"
"124842153","ILM","185.0","4.1"
"123503593","Cloudrock Partners","2.0","5.0"
"1141","TP.AI","34169.0","3.9"
"3076702","Castaliaz Technologies","40.0","3.8"
"657","Kautilya Management Consultants","",""
"2063220","Urban Company (UC)","1309.0","3.4"
"123950161","Talents Tuner & Businesses","",""
"2562996","ARA Resources","",""
"124880497","Lexisnexis","76.0","3.9"
"4556516","Zero Gravity Photography","24.0","3.3"
"1580388","Goldstone Technologies","70.0","3.2"
"2260644","Euclid Innovations","104.0","3.3"
"896244","Axis Services","",""
"532321","National Payments Corporation of India (NPCI)","774.0","3.7"
"124044306","eka.care","53.0","3.9"
"123598109","RC Project Consultancy","",""
"124204328","GigDe","79.0","4.5"
"4209950","F5","131.0","3.3"
"125118163","Ponka","",""
"125109837","Sleuths India","7.0","3.1"
"3630450","FabHotels","421.0","3.3"
"1106934","ZEE Labs","279.0","3.0"
"123882467","Listenlights","265.0","3.9"
"1728700","Lendingkart","492.0","3.4"
"124548354","Hive Pro","12.0","4.2"
"3263050","Network People Services Technologies","90.0","3.1"
"16545","Quinnox","450.0","3.8"
"5210750","Ambit Finvest","469.0","3.9"
"5668734","FedEx","1329.0","3.9"
"728481","Logixal Solutions","48.0","3.1"
"3264308","Career Maker Consultancy Noida","",""
"98136","Upman Placements","",""
"2651296","Talent Sketchers","",""
"2553404","TransOrg","34.0","2.7"
"3832580","Anarock Property Consultants","574.0","3.5"
"125084273","Santhana Lakshmi Metals","",""
"124299002","Perfectrecruit Services","",""
"124393130","Hire Best Recruitment Company","",""
"124125248","Yalamanchili Solutions for Payments","332.0","3.2"
"92030","Eshana Hr Consultants","",""
"2125584","Employers4employees","",""
"4252396","Aryanco","",""
"6725305","Paradigm Mumbai","",""
"124592228","Nextgenrecruiters In","",""
"621181","Sara Medicaid","",""
"721719","Svan Global Consultancy","",""
"2240784","Platinum Support Services","",""
"359853","Sai Placement","",""
"4360948","Recorders & Medicare Systems (RMS)","60.0","3.2"
"124565232","CA Rajesh Sharma  Associates","",""
"888688","Hind Terminals","",""
"169930","CSC","577.0","3.5"
"124088130","Fusion Market Research","",""
"224765","TLC DigiTech","197.0","3.0"
"732627","Sisa Information Security","149.0","3.0"
"4775980","Talentonlease","",""
"6278650","Insightek Global Consulting","",""
"5558488","Euler Motors","310.0","3.6"
"1349312","Iswarya Women's Hospital","",""
"5000292","Nexgen Energia","72.0","3.7"
"897038","Fidelis Technology Services","",""
"1864","Zycus Infotech","496.0","2.7"
"4444448","Panobiz Business Technologies","",""
"3516924","Agency09","5.0","3.3"
"4988856","Candidshutters","",""
"5270618","Gsna Education","2.0","5.0"
"5563648","Friday Code","",""
"927570","Novateur Electrical & Digital Systems","434.0","3.9"
"3913736","T And M Services Consulting","",""
"5380528","Black Box","246.0","2.8"
"123899059","Bigship","15.0","2.9"
"123494327","Narwal Technologies","",""
"1309","Unison International Consulting","",""
"3979528","European Company","",""
"123703487","Rintelo Consulting","",""
"124400378","DR.BHATIA E-gurukul Coaching Institute","100.0","3.1"
"124824109","Opticvyu","2.0","5.0"
"125117919","THE Job Guide","",""
"1450310","Achyutam International","",""
"124347722","Bhopal Motors","40.0","3.8"
"4184022","Harvard Business Publishing","5.0","4.1"
"4803540","Labcorp Laboratories","312.0","3.9"
"15239","M  R Consultants Corporation","161.0","3.2"
"124396440","Redbrick Offices","19.0","3.5"
"29540","Hector And Streak Consulting","",""
"15001","Neurealm","572.0","3.4"
"6814259","HRM Consultants Llp","",""
"191024","Advent Global Solutions","",""
"3816","Datamatics","2250.0","3.4"
"4281062","ENH iSecure","75.0","4.0"
"524629","ELB Learning","76.0","3.2"
"2445590","Kansal Corporate Solutions","",""
"125092805","Worldspace Consulting","",""
"412","Executive Tracks Associates","",""
"124546446","Nusummit Technologies","78.0","3.4"
"4713178","Qween","",""
"3401320","Talent Advisors","",""
"124456068","Ckers Finance","11.0","3.4"
"6579274","Omron Automation","81.0","4.1"
"5235070","Perfios Software Solutions","210.0","3.5"
"123483803","Air India","1534.0","3.5"
"833041","Robospecies Technologies","34.0","4.1"
"5192628","Vara Infrovate","37.0","3.5"
"5606580","Hamdard","467.0","4.0"
"735685","Evio","206.0","3.9"
"78426","G. K. Associates","",""
"124832077","Ltms Consulting","",""
"1716846","Jobspothr","",""
"707391","International Cargo Express","2.0","4.0"
"1453646","Bauer Corporate Services","13.0","3.0"
"123719289","Culturecord Business Management Solutions","2.0","5.0"
"125091895","Vettasource","",""
"740001","Omkar Placements","",""
"829007","New Horizon","",""
"124848767","Zeev Hr Consultants  Placement Services","",""
"125135037","Idol Designs","",""
"113899","Netlynx Solutions","",""
"124874079","Cheere Hypermarket","",""
"125134937","A B Sh & Associates","",""
"123808035","Digyug","",""
"6225066","Apos Strategic Advisors And Consultants","9.0","4.3"
"3416132","Purple Squirrel Consulting Services","",""
"4436674","Itvedant","153.0","3.8"
"125118181","Digitactix","5.0","4.2"
"124498614","SV Employment Service","",""
"124388298","Prime Placement Mumbai","",""
"4488238","Accord Infosystems","",""
"4575816","Sure Solution","",""
"5055736","Career Solutions","",""
"1108240","Resource Hr Consultants","",""
"3039318","Career Growth Placement Services Thane","",""
"124201860","DB Consultancy","",""
"124265222","Seven Hiring","",""
"2016882","SK Outsourcing Mumbai","",""
"5918628","MGM Print Tech","3.0","4.7"
"512","Hindco Recruitment Consultants","",""
"320313","Centre For Recruitment & Selection","",""
"7093999","I Tech Media Pvt Ltd.","22.0","3.5"
"834213","Skil Travel","68.0","3.8"
"123524217","Rensar Infra","2.0","1.0"
"124306476","Attarix Talent Solutions","",""
"125088883","Pharmizza Technology Solutions","6.0","3.0"
"123560347","SS Consultancy","",""
"123891883","Ideal Contrivance","",""
"125122165","Pi Communications","7.0","3.9"
"7153305","Shri Laxmi Electrical  Consultant","",""
"4190034","Midas Hygiene","22.0","4.4"
"125048693","Roughhouse Clothing And Accessories","",""
"125131543","Gundecha Education Academy Oshiwara","",""
"93089","Sharon Bio Medicine","157.0","4.2"
"123924969","Rishabraj Estate Developers","",""
"4853890","Techbridge Resources","4.0","3.9"
"4425338","Coastal Marine Construction & Engineering (COMACOE)","206.0","4.2"
"2818860","Shattarka","78.0","4.2"
"3690576","Success Hr Consultancy Mumbai","",""
"3077404","PES Hr Services","",""
"1716714","Skillmine Technology","",""
"124803531","VHR Consulting","",""
"1293470","Mahendra Realtors & Infrastructure","62.0","4.2"
"123866159","Entra Engineering Services","",""
"4376892","Element Retail","20.0","3.4"
"125092493","Mcap Wealth","",""
"2985148","Educare India Advisory","",""
"1807800","Onboard Hr Services","",""
"125118063","Orion Group Of Hotels","3.0","1.0"
"1340500","Cygnus Ad Consulting","",""
"125133277","Splendor Security Services","",""
"123911643","Shipping Line","2.0","3.6"
"1487808","Ajmera Realty & Infra","165.0","4.5"
"22108","Apeejay Stya Group","134.0","3.4"
"683459","Permeshwar Fashion Impex","30.0","3.6"
"6200","New Venture Consultants","",""
"2798446","Shraddha Corporate Services","",""
"125103101","Nityanand Infraprojects","",""
"1193","Sycamore Consultancy Services","",""
"123492909","Soft Sign Hr Services","",""
"124587968","F.S. Wellness Llp","",""
"124277534","Advance Bio Material","2.0","4.7"
"125129815","Best Medicals","",""
"124998337","Wnoss Cosmetics","",""
"124030684","Zoot Digital Marketing","",""
"125128369","Welcomestaffing","",""
"125132699","MergeLine","",""
"6622534","Astec Tubes","",""
"124438850","Wilh Loesch Project Services","",""
"5319412","Headcount Consultants","",""
"6207822","Flyjac Logistics","358.0","4.0"
"123875725","Leading Building Materials Company","",""
"5501598","OneInsure","123.0","3.9"
"125132575","Yuva Educare","",""
"5332428","Witbloom Training & Placement","",""
"2717188","Honeybeez Consultancy","",""
"124942633","The Aesthetic Dental House","",""
"6866479","Everymedia Technologies","46.0","2.4"
"5663350","Sr Jobs Solutions","",""
"353863","Vishvas Management Consultants","",""
"124758679","Avocation Educational Services","7.0","2.9"
"4579004","Bgps Management Solutions","",""
"125114299","Folds Designs Studio","",""
"124404968","M Mehta Legacy Realty","",""
"125132003","Waayu","",""
"123971265","Nley Consultants","",""
"125130639","The Council Of Eu Chambers Of Commerce In India","",""
"125100467","Deviqor Nova","",""
"25617","Zend Consulting Services","",""
"6872425","Nirvana Solutions","2.0","1.7"
"83491","NEC Software Solutions","235.0","3.9"
"124998755","EKF Global Logistics","",""
"179766","RG Consultants","",""
"125118983","Fargate Solutions","",""
"3957308","Pioneer Con-serv","",""
"124080722","Growth Consultant","",""
"125058333","W.A.Y.S. Marketing Solutions","",""
"124544050","Manner  Skill Integrated Services","",""
"1656284","Prompt Career Consultants","",""
"5230506","Scribbl Concepto","",""
"125079387","info@jmorganproductions.com","",""
"124933367","Knackbe Technologies","33.0","4.8"
"3974026","Vijay Fire","25.0","4.2"
"2634734","Prodigy Recruitment & Consulting","",""
"125048155","Motilal Oswal Financial Services Ltd","3962.0","3.7"
"5142642","Steel Strong Valves","77.0","3.9"
"125124599","Electride Technologies","",""
"5670632","Horizon Financial & Properties Advisers","25.0","3.9"
"5814526","Jairamdass Khushiram","",""
"7147665","Worldotalent","",""
"6691997","Harbour Trendz","2.0","3.0"
"4576226","HY Fly Consultancy","",""
"124906067","Akimoto Pharmaceuticals","",""
"124568914","R R Transport","",""
"123735469","Career Bricks","",""
"401843","GEO CHEM","204.0","3.9"
"622989","Intertek","1130.0","3.7"
"2918644","SANVIN group","18.0","2.7"
"6357372","Sperton","",""
"125130213","Indus Interior Solutions","",""
"124611942","Keme","4.0","4.7"
"124288434","Holistic Buildcon","",""
"21906","Raheja Universal","127.0","3.9"
"1350192","MCA Sachin Tendulkar Gymkhana","626.0","4.2"
"5585236","Holcim","346.0","3.5"
"5034736","IndiaLaw LLP","24.0","2.9"
"5795158","Piramal Pharma Limited","1263.0","4.0"
"125123257","Freeda Enterprises","",""
"4161176","Tara Chand Logistic Solutions","24.0","4.1"
"1276530","Pocl Medical Solutions","4.0","3.7"
"124564400","Empower Hire Services Delhi","",""
"192196","Obox Hr Solution","",""
"5045720","Orbitouch Hr","",""
"4522438","SSP Solutions","",""
"124337688","Isoln","",""
"123640291","Vedic Hr Solutions","",""
"125128859","Punjab Handloom Fabrics","",""
"124875849","Bizlem","",""
"124947471","Unique Electro Engineers","2.0","4.0"
"123617691","Serveright Consulting","",""
"749199","Manek Consulting","26.0","3.2"
"3767614","Best Choice Consultant","",""
"125129111","Hustling Collaborators","",""
"964354","Vishwakarma Consultancy","",""
"124561030","Shree Balaji Padmavati Foundation","",""
"738087","Shree Ganesh Enterprises","",""
"3964150","Bwise Solutions","",""
"2128986","Novo Medisciences","191.0","3.5"
"125126209","SKL Perfumes Llp","",""
"3386548","Teamplus Staffing Solution","",""
"125109561","Dolphin Edtech Miracles","",""
"124921457","Intercool Solutions","",""
"123946109","Keyson Solutions","",""
"124068404","Vikabh Securities","9.0","3.6"
"5159770","Inventure Hr Solutions","",""
"124406118","SM It Services","",""
"125128645","Trivie","",""
"6874219","International Institute Of Hotel Management (a Unit Of Saltlake Society For Hotel Management)","33.0","3.5"
"125067273","Paramotor Dt","",""
"123561721","Mejob","",""
"125117459","Masterclass Edutech","",""
"570873","KMI Business Technologies","35.0","2.4"
"125113123","Shree Beauty Parlour","",""
"124043134","Advani Hotels Resorts","2.0","5.0"
"4694168","Rhoda Cognax","13.0","4.0"
"125125989","Unity Travellines","",""
"5898902","Employment Clarity","",""
"7101923","Adminneeds","2.0","3.4"
"124651336","Tripcorner","",""
"123510995","Talentco","",""
"7053913","Work Strive","",""
"124105402","P D Infraproject","16.0","3.8"
"124701758","Indigo Prints Smart","8.0","4.3"
"124317478","Talent Leap","",""
"4469712","Shivalaya Construction","226.0","4.1"
"203538","Dynacons Systems & Solutions","357.0","3.7"
"5368676","Jobmygoal Technology","",""
"6240262","Dove Soft","28.0","3.8"
"124498342","Harihar Oil Traders","",""
"7015233","Inventure Consultants","",""
"123500037","Wrixty Services","",""
"124675862","Royal Infrastructures Surat","",""
"123984864","Giza Marketing","15.0","2.9"
"6075574","Logix Infosecurity","54.0","3.7"
"124089922","Nettech","65.0","3.3"
"5313490","Purechase India","",""
"125127225","Asad Alam Noore Alam Shamsi","",""
"123743297","Turiyam Consultancy","",""
"123609813","Tritech","21.0","4.2"
"5667338","Champion Seals","11.0","3.8"
"6234166","Matoshree Indirabai Baburao Sarnaik MBMC Hospital - Unit of Platinum Hospital Pvt Ltd ","52.0","3.1"
"124831551","Arlex Dyes And Intermediates","",""
"124852455","Step Computers","",""
"124108878","Bholanath Precision Engineering Private","4.0","3.7"
"5734392","V Financial Services","5.0","1.1"
"837967","Saibaba Garments","16.0","4.0"
"125110927","Peopletalent Consulting","",""
"124891247","Digitalcube Tech","",""
"5561422","Accu Pack Engineering","101.0","3.4"
"244810","AGD Biomedicals","84.0","3.8"
"124995949","Dalloy Infracubate","",""
"553021","Ventures Hrd Centre","",""
"124268050","Workforce Management Consultancy","",""
"125126553","Site Practice","",""
"124548214","Classic Tenders","4.0","5.0"
"124702846","Eaglehires Hr Solutions","",""
"125038077","Platinum Group","",""
"124926619","Triratna Power Solutions","",""
"5853304","Vishnu Hr Solution","",""
"124795009","Dhoot Developers","4.0","3.4"
"3075560","Wellthy Therapeutics","51.0","4.0"
"124005754","AIR Hr Solutions","",""
"125072793","Archk Pharma","",""
"4146080","Serving Skill","",""
"2961200","Massive Jobss","",""
"124741599","Shivneri Garden Contractor","",""
"2914566","Job Proffer","",""
"124638782","Soltrak Digital","",""
"125125483","Gurukul Education Center","",""
"124980755","Frelo","",""
"1110294","Capacite","904.0","3.7"
"330931","S&A Law Offices","49.0","3.1"
"37001","Hosmac","38.0","3.5"
"6277250","Acaipl Investment & Financial Services","",""
"5495648","Indsoft Systems","",""
"5615480","Cubicle Consultancy","",""
"116396","Yashraj Biotechnology","87.0","3.5"
"4229094","Gratitude India Manpower Consultants Pvt. Ltd.","",""
"2546674","S. K. Bureau Service","",""
"5664326","Leap Finance","203.0","3.6"
"123918895","Urja Group Of Company","",""
"124929611","Displays And Beyond","",""
"123596899","Quantsapp","83.0","3.0"
"124234580","Hansa Research","128.0","3.7"
"124596424","Pipara & Co","38.0","2.9"
"124126228","Shantilal C Mehta","28.0","3.1"
"1516678","Infinity Labs","99.0","3.3"
"123597007","Sone India","68.0","4.6"
"124206522","Solfyn International","",""
"125124141","High Parra Constructions","",""
"124339926","Sanofi","1371.0","4.1"
"124145522","CAREERBUZZWORLD","",""
"124259162","KJMC Financial","7.0","3.4"
"1807666","Medibuddy","424.0","3.4"
"383551","Aecom","1813.0","4.2"
"123597951","Mizizi Management System Pvt. Ltd.","",""
"4124432","Deutsche Bahn","14.0","3.5"
"1896414","QualityKiosk","1358.0","3.3"
"4556924","It World","39.0","3.7"
"4304820","Adda247","448.0","3.7"
"5040068","Ortolan Group","",""
"4313536","Anaplan","9.0","2.9"
"3110294","TMF Group","312.0","3.7"
"124134002","Momentus Technologies","6.0","4.7"
"2902950","Smartbox Ecommerce Solutions Private Ltd","47.0","4.6"
"5184468","Winsoft Technologies","91.0","3.0"
"2357498","Headphone Zone","8.0","1.9"
"5011320","Blackbox Analytics & Solutions Private Limited","246.0","2.8"
"125122429","Taurus Corporate Advisory Services Ltd.","",""
"125116935","Dignity Aspire","29.0","4.8"
"3814702","Vasudha Chemical","",""
"124794803","Dolphin Ad World","3.0","3.7"
"5025080","Gas Projects","23.0","3.7"
"4138798","Russell Investments","42.0","3.7"
"124033698","Focas","",""
"4736390","CRE Matrix","8.0","3.8"
"4204654","Peoplegrove","7.0","4.0"
"5560614","Eyeota","",""
"3733144","Johnson Matthey","453.0","3.9"
"124564332","Lucky-tech Membranes","16.0","3.0"
"5479346","Vishwajyot High School","48.0","3.7"
"123807711","Bblewrap","",""
"4750796","Webfarmatics Technology","",""
"1887406","Buro Happold","58.0","2.9"
"124650456","Primetrace Technologies","4.0","5.0"
"4808872","Estee Lauder Companies","73.0","4.2"
"124320224","Fusion CX","1669.0","3.4"
"2257904","Colliers","1069.0","3.9"
"5693062","Interactive Brokers","125.0","3.4"
"3114740","XS CAD Limited","84.0","4.1"
"124328396","Omnion","26.0","2.7"
"4076770","TPF Engineering","167.0","3.8"
"3617610","Calderys India Refractories","210.0","4.0"
"124457118","Harbisonwalker International","",""
"124427522","Lucasfilm","",""
"3656128","TESTQ","12.0","3.1"
"123879543","Aditya Birla Insulators","92.0","3.6"
"2524544","Team Pumpkin","82.0","4.0"
"4618830","PineBridge","17.0","4.4"
"4661584","Havas Media","67.0","2.8"
"124681388","Shobiz Experiential Communications","47.0","3.9"
"123728881","Trailer Park Group","2.0","4.1"
"123741759","Forbes Advisor","75.0","4.1"
"3698218","Blink Digital","13.0","3.4"
"124025200","Multrix","",""
"124952643","Formics.io","",""
"123921931","Iion","",""
"123985236","Hach Company","3.0","2.5"
"1766122","Hill International","231.0","4.3"
"123704127","Timespro","254.0","3.3"
"124121122","Anzaa Consultants","",""
"124752725","The Hashgraph Association","",""
"123777278","Loop Health","92.0","3.5"
"124781495","Loop Health","92.0","3.5"
"4173104","British Safety Council","16.0","3.4"
"124078336","1%Club","6.0","2.2"
"124368624","Wing Assistant","17.0","2.9"
"123749953","Exponentia Team","170.0","3.6"
"7041597","Atidan Technologies","162.0","4.2"
"4830786","Burns & Mcdonnell","362.0","4.1"
"3746718","BOBCAPS","89.0","2.9"
"125116373","Chambers Of Aarti Nimbalkar","",""
"356755","Seventh Sky Tours And Travels","3.0","5.0"
"6531552","Decon Management Services","",""
"124877513","Bhatia Builders & Developers Pvt Ltd","",""
"124899083","Nicheforge","",""
"2461068","INFINX","1684.0","3.8"
"4010018","Next Vision Business Solution","",""
"137755","Shaadi.com","347.0","3.3"
"753621","Career Guideline","",""
"888522","Osource India","637.0","3.5"
"1080682","WebMD","114.0","3.4"
"123995058","Sidhveda Hr Solutions","",""
"5431706","Hunt Mantra","",""
"1607740","Ergode It Services","423.0","3.3"
"4261366","PeopleSense Management Consultants","",""
"4458","Clover Infotech","1452.0","3.4"
"125121267","Om Sai English School","5.0","5.0"
"838","Nexus Manpower Solutions","",""
"575393","Enrich Hair And Skin Solutions","30.0","3.6"
"76315","Hamilton Housewares","539.0","3.9"
"4103","ESS Nee Management Consultants","",""
"2068722","Netplace Technologies","27.0","3.5"
"4449710","KKC & Associates Llp","12.0","3.8"
"123971315","Forward","",""
"124366660","Ahedge Pvt Ltd","",""
"6480934","Cubicenviro India","11.0","4.2"
"78217","Topgear Consultants","",""
"512271","Balajee Infratech And Constructions","253.0","3.5"
"720651","Global Indian School Education Services","383.0","4.0"
"5745640","Outcare Medical Devices","2.0","4.2"
"6521062","International Springs And Stampings","",""
"6661775","PGP Glass","380.0","4.0"
"124642418","Finvvritti Advisors","",""
"6399646","Bhramanvisa India Private Limited","",""
"124274524","BDC Eatopia Hospitality","8.0","3.0"
"7061045","ERGO Technology & Services","92.0","3.4"
"1322","Aurionpro","506.0","3.5"
"735381","Walplast Products","306.0","4.0"
"23415","Computers India","",""
"5145678","Lyra Network","39.0","3.6"
"5332286","J K Exim Pvt. Ltd.","26.0","2.8"
"2968314","Epimoney","148.0","3.1"
"1425","Hindustan Composites","85.0","3.8"
"6793281","Falcon Acoustics And Passive Fire Solutions","3.0","4.0"
"891440","Tata AIA Life Insurance","3951.0","3.9"
"159555","Wings Pharmaceuticals","114.0","3.4"
"124829343","North Eye Advisors","5.0","2.8"
"6365572","Polygon Chemicals","27.0","2.1"
"3006776","Launch Pad Promotions","",""
"48574","Selective Global Search","",""
"4200276","V4 Vision Consultant","",""
"124948657","Anusaya Fresh","37.0","4.2"
"1846524","Progressive Surface Systems","16.0","3.9"
"4260280","Fab Tech Works & Constructions ","45.0","3.4"
"5147564","Panama Petrochem","25.0","3.8"
"6279472","Nahar Hospital","101.0","4.0"
"40515","Jiostar","727.0","3.6"
"123949147","Cachet Pharmaceuticals","125.0","3.9"
"123509125","Pentation Analytics","20.0","3.3"
"6363852","Flexability Hr Solutions","",""
"125124869","Intense Fitness Club","",""
"4131740","Seed Realty","7.0","4.1"
"4747862","Trinity Touch","136.0","4.4"
"124940115","College Brand Connect","",""
"938572","Health Prime Services","225.0","3.5"
"125079353","Getsetfit","",""
"123475821","SFC Environmental Technologies","29.0","3.7"
"123809839","Fluid AI","2.0","1.5"
"2527372","Wunderbar Kids","24.0","3.6"
"6278666","Tatsuno India","104.0","3.4"
"5069980","PVR Controls","25.0","4.2"
"123503213","White Bulb Technologies India","",""
"482375","HLE Glascoat Limited","15.0","3.6"
"5759078","Genxhire Services","",""
"124778571","Acevision Publisher Pvt. Ltd. ","8.0","3.6"
"64694","PMech Technologies Pvt. Ltd.","43.0","3.9"
"4824762","Roots Recruitment","",""
"4499974","Ambika Global Foods And Beverages","27.0","3.9"
"125122515","Apex Advanced Imaging And Diagnostic Center, Panvel","",""
"123682279","Simplytrip Mobility Solutions","2.0","1.0"
"123624321","Arsenius Skill Capital","",""
"674","Konark Herbals and Health Care (KHHC)","23.0","3.5"
"124595182","Adishree Legal Advisory","2.0","1.3"
"154935","Macleods Pharmaceuticals","3801.0","3.6"
"124298230","Storysideup","",""
"125114767","Vama Global","",""
"4764072","Tekman India","48.0","4.5"
"125120261","Topaz Texchem","",""
"25659","Pylon Management Consulting","",""
"2155998","Parikh Packaging","118.0","3.9"
"124664216","Talent Hired-the Job Store","",""
"6649327","Lisha Switches","",""
"123561655","Elixir Legal Services","",""
"123980213","Sushant Glass Systems","",""
"123934459","Sashr Consultants","",""
"125017455","Shreeji Comsec India","6.0","2.2"
"4143358","Rainbow Preschool","13.0","2.6"
"124580394","Mindpec Solutions","3.0","3.6"
"1469250","Nish Developers","20.0","3.0"
"123924647","Copeland India Pvt Ltd","357.0","4.0"
"124906343","Formertron Engineering","9.0","3.9"
"124111804","Fluxwings Solutions Mumbai","",""
"4155812","Yash Engineering Consultants Pvt Ltd","14.0","4.1"
"2527972","ARS Process Solutions And Consultants","",""
"5980682","Veerwal Getwork Services","",""
"1067","Sify","1984.0","3.7"
"505329","Triton Process Automation","13.0","4.6"
"123538361","Healthyhey Foods Llp","4.0","3.9"
"123596741","LeanFlo Inc.","2.0","5.0"
"123597343","Ankura","",""
"123596973","Sciative Solutions","104.0","4.1"
"123596915","Reach Ivy","",""
"125093437","Anvita Consultancy Services","",""
"690743","Ics Realty","",""
"5834058","D Analytical Support","3.0","1.5"
"124473610","Avant-Garde Corporate Services Private Limited","",""
"4722884","Loom Solar","88.0","3.9"
"1496734","Societe Generale Global Solution Centre ","2835.0","3.7"
"124301992","Amina Bank","4.0","4.5"
"5080912","Petrocon Engineers and Consultants (PEC)","211.0","3.7"
"4138654","Itransparity","7.0","4.0"
"124348146","Knowledge Park","3.0","2.3"
"4682750","Retransform","17.0","3.4"
"4129170","Coindcx","128.0","3.8"
"4816518","Ecoste","5.0","3.7"
"124461744","ABL Group","2.0","4.0"
"5092840","Tis Labs","42.0","4.0"
"124497664","Double Ticks","2.0","2.9"
"5983820","M&G plc","17.0","3.5"
"124534736","Sbm Bank","94.0","3.4"
"3976316","Board Software (india)","",""
"125070229","Caldic","",""
"1864878","Huntsman International","235.0","4.0"
"1880514","Secutech Automation","20.0","4.3"
"124810509","PHH Mortgage","",""
"4716102","Teamviewer","15.0","3.8"
"1881680","gray matrix solutions","38.0","3.9"
"123590019","Tech Turmeric Services","2.0","4.9"
"124391570","Edujam","8.0","2.9"
"124170202","Sakash Group","",""
"4926480","Diebold","631.0","3.7"
"3636682","Stayvista","71.0","3.0"
"4562716","Fynd (Shopsense Retail Technologies Ltd.)","437.0","3.3"
"6226566","Edwards Lifesciences","26.0","3.9"
"125112297","Pinmeto","",""
"2249304","Fitch","5.0","4.9"
"1849406","Upstox","198.0","3.4"
"3585802","Brenntag Ingredients India","44.0","4.3"
"5678028","Oliver Agency","16.0","2.4"
"123794279","Videoverse","17.0","2.9"
"123618693","Quarry Gallery","12.0","3.0"
"123482467","E. A. Patil Associates","12.0","4.3"
"5293756","Cyberark","33.0","3.4"
"1895752","Madhus Garage Equipments","76.0","3.4"
"3951310","Heady Technologies Consultancy","5.0","1.9"
"123878133","Apraava Renewable Energy","8.0","4.8"
"5221154","DSP Investment Managers","45.0","4.0"
"124124646","Swiss Beauty","61.0","3.8"
"1779612","Bristol Myers Squibb","223.0","3.6"
"1960842","F5","131.0","3.3"
"6165580","Webmd Guru","",""
"5617958","Currie & Brown","78.0","4.3"
"124839397","CareerFit.ai","",""
"1739190","Cushman  Wakefield","1514.0","4.1"
"1898948","Vegayan","6.0","4.3"
"1898772","United Way Mumbai","16.0","3.4"
"2606962","Arcadis","268.0","4.0"
"123778300","Snap Inc","5.0","2.4"
"124456222","Bitmoji","",""
"2357150","Tapad","",""
"1839816","Jasubhai engineering Pvt. Ltd.","77.0","3.8"
"5674538","CPP Investments","12.0","2.1"
"3698130","QAD","88.0","3.6"
"5479974","Nium India","143.0","3.3"
"2688108","Talent Toppers","",""
"4536736","Smart Wealth Financial Services Llp","3.0","5.0"
"125009139","Career Management Services","",""
"3880654","Paradise Recruitment Consultant","",""
"152860","AQM Technologies","398.0","3.3"
"843642","Metro Brands Limited","175.0","3.8"
"123840203","CareerFit.ai","",""
"3711846","Vinayak Ingredients","41.0","3.5"
"833461","Super Knit Industries","24.0","3.9"
"7623","Idbi Intech","557.0","3.3"
"2340070","Collective S","2.0","4.8"
"5556228","D Y Patil University (DYPU)","4.0","1.1"
"123801103","SG Oasis","",""
"123707741","Saraswat Bank","486.0","3.3"
"124394314","Constancia Advisors Pvt Ltd","",""
"6290870","South Star Software","20.0","4.0"
"5254712","Multicareers","",""
"123730635","IC3 Movement","6.0","1.6"
"6189284","YES Securities","198.0","3.8"
"8584","Cushman & Wakefield","1514.0","4.1"
"84136","ETP International","134.0","3.3"
"5247572","Cityflo","22.0","3.9"
"4198288","Global Financial Datafeeds Llp","3.0","4.5"
"944078","Magnamious system Pvt. Ltd.","72.0","3.5"
"385445","Job Search","",""
"4253754","Chalo Mobility","113.0","3.6"
"123921895","Arpanna Motors","12.0","2.9"
"123610911","Ahluwalia Contracts","1054.0","4.0"
"156723","Health Care Global Enterprises","1209.0","4.0"
"125119191","mple.ai","",""
"6485712","Amlf Multimodal","",""
"6778951","Milan Laboratories","181.0","3.9"
"6892139","PT Ecological Services","20.0","3.5"
"2780290","Nexstep Infotech","18.0","2.0"
"735","Mangalam Placement","",""
"4118242","FSP Solutions","9.0","3.3"
"5260778","Grayquest Education Finance Pvt Ltd","92.0","3.4"
"7113481","The Indaco Jeans Factory","7.0","3.7"
"168678","Surya Hospital","122.0","3.7"
"123479919","XLIT Solutions","",""
"133010","Suminter","209.0","3.6"
"1366552"," Crescent Royale Society","",""
"1117064","Spotshine Consulting Delhi","",""
"5849574","Annair Drychill Tech India","2.0","4.7"
"5648204","Reserve Bank Information Technology","181.0","3.4"
"124843593","Trustmore Technologies","18.0","3.7"
"3999478","Impact Guru","375.0","3.6"
"123870159","Affluence Advisory","15.0","4.6"
"3745518","Locobuzz","123.0","2.9"
"123809285","Sir Mohamed Yusuf Seamen","",""
"1094","Shapoorji Pallonji Group","5316.0","4.1"
"221607","Shivani Scientific Industries","32.0","4.2"
"1670990","SML Ltd","164.0","3.9"
"3687832","Stealth Mangement Solutions","",""
"4726074","Heady Technologies Consultancy","5.0","1.9"
"6530062","Idam Natural Wellness","42.0","3.9"
"68845","WTW Global Delivery And Solutions","5.0","3.2"
"6360998","Greatminds Lawsuit Ventures","3.0","1.8"
"986676","Kolte Patil","416.0","3.9"
"124712867","Rigvedit","6.0","4.1"
"124859641","Telesis Consultancy Services","",""
"540127","Proactive Data Systems","72.0","4.1"
"124428224","Alvineient Consultant","",""
"1600776","3SC","286.0","3.5"
"123955401","Teknuova","",""
"16522","Rafaga Infoknowledge","",""
"843287","Piramal Finance","1182.0","3.9"
"124725765","Blumet Tubes Pvt Ltd","",""
"123711965","Komal Exotic","2.0","4.0"
"3100352","91 Springboard Business Hub","15.0","4.5"
"7095003","Savills Property Services (india)","155.0","3.7"
"6132438","Aditya Birla Capital (ABCL)","696.0","3.9"
"126117","Resustainability","809.0","3.9"
"123732463","Shobhav Infra Projects","12.0","3.5"
"2411","Actis Technologies","131.0","4.2"
"123957445","Protechmanize Solutions","74.0","3.2"
"2853026","Swift Placements","",""
"28518","Livlong Insurance Brokers","5876.0","4.0"
"1515456","Prometo Consulting","",""
"892468","Somaiya Vidyavihar","29.0","4.1"
"6774479","The Shakti Plastics Industries","11.0","3.3"
"4968714","Kairav Chemofarbe Industries","58.0","3.4"
"2984760","Electronics Devices Worldwide","40.0","3.3"
"123807167","Apra Innovative","",""
"486533","Flomic Global Logistics","",""
"251024","Sp Ultraflex Systems","27.0","3.4"
"4519948","Learning Spiral","43.0","3.3"
"124347656","Boku Network Services In","",""
"5106482","Navkar Business Services","53.0","2.0"
"124797943","The Messy Corner","",""
"336845","Ventura Securities","342.0","4.0"
"3271494","H R Organo Chem (HROC)","51.0","3.5"
"124570710","Prolegion","8.0","4.5"
"3429908","Vaakruthi","",""
"124826679","Influx Business Solutions","",""
"7100885","Saffron String LLP.","",""
"125121791","Champions Private Tuitions","",""
"4458680","MyGate","377.0","3.1"
"124093514","Q2Pay Technologies Private Limited","5.0","1.4"
"486413","Concept Hospitality","55.0","3.7"
"4424058","Zenium Cables","23.0","3.4"
"124082548","Shreesha Consultants","",""
"5890518","Bhilosa","422.0","3.8"
"124268922","Linkageit","",""
"124351342","Synergy Solutions","",""
"123954893","Pravaayu Healthcare","",""
"124122494","Talenoid","17.0","4.0"
"124272464","Gravia Technologies","",""
"124168504","Midas Fintech Solutions","2.0","2.1"
"123992518","AJ solutions","",""
"125117971","Noya Infrastructure Llp","",""
"123582825","Rioga Premium","5.0","4.6"
"25498","Scan Infotech","14.0","3.7"
"714695","TPF Engineering","167.0","3.8"
"125089417","Fluidscapes Consultants (opc)","39.0","3.8"
"124131388","Sumer Surana & Co","",""
"124103394","Victrix Systems And Labs","5.0","4.6"
"124307304","Sadup Soft","33.0","4.4"
"2254412","Purplle.com","388.0","3.6"
"123882353","Navtor","3.0","3.7"
"1963670","Swan Solution  And Services P. Ltd","101.0","3.8"
"1393898","Bayer Zydus Pharma","147.0","3.4"
"123634427","Weassemble","8.0","4.6"
"5473098","Argus India Price Reporting Services","5.0","4.8"
"5390398","Hrhelpdesk","2.0","4.0"
"123510393","Corsearch","246.0","4.0"
"124215504","Innomotics","18.0","3.4"
"2356926","E Billing Solutions (EBS)","10.0","4.1"
"123922667","Anymind Group","19.0","3.0"
"123699769","LRQA sustainability","",""
"3780952","Cannon Design International","5.0","3.7"
"124893851","Workaspro","",""
"1799252","Dsm Shared Services India","118.0","4.0"
"1685820","Nutanix","184.0","3.7"
"124642928","Probe","26.0","3.9"
"125109819","Sunniva Encon","",""
"5422062","Oliver","6.0","3.8"
"5460728","Alphagrep Securities","17.0","3.7"
"124293296","BSR & Co","323.0","3.2"
"5223468","Bloomfield Agro Products","",""
"4383246","Drip Capital","109.0","3.6"
"4373682","Flexport","",""
"1817458","Parity Cube","41.0","4.6"
"1613186","Sutherland Global Services Inc","8060.0","3.5"
"4795730","Cateina Technologies","18.0","3.4"
"3590220","Madura Coats","492.0","3.8"
"2032986","Design Consultants Architects","",""
"125116931","Cloudtara Technologies","4.0","4.6"
"125106837","Sandu Developers","19.0","4.2"
"124727671","Rishab World","33.0","3.5"
"125116839","Swastik Infra Logics","137.0","4.0"
"125062761","Hospaccx Healthcare Business Consultancy","2.0","3.0"
"3125158","Dolby","2.0","4.5"
"5468044","Doctors For You","127.0","3.9"
"4729006","NIIT Foundation (NF)","194.0","4.0"
"4074672","Praxis Global Alliance","38.0","2.1"
"3588996","DP World","999.0","3.7"
"124563116","Sia Partners","",""
"3906446","Onsitego","382.0","3.9"
"123898925","2070 Health","2.0","4.4"
"3924076","Plante Moran","10.0","4.5"
"3125384","Prudential","6.0","3.6"
"123791543","Step One Step Ahead Llp","34.0","3.8"
"2255416","PSS Global","",""
"123917325","Proinst Techserv Opc Pvt Ltd.","",""
"5518298","Puma Energy","138.0","3.0"
"5306202","i2e Consulting","64.0","4.1"
"4066888","PS  Human Resources And Consultants","",""
"123846541","Mypulse Io","10.0","3.0"
"5636814","Combustion Concepts","12.0","4.1"
"738691","Encube Ethicals","424.0","3.6"
"537375","RWS Group","330.0","3.7"
"11667","Teamware Solutions","",""
"4158452","Caristar Laboratories","",""
"124192344","SI Group","",""
"124858679","Aspira Pathlab & Diagnostics Limited","8.0","3.9"
"5832382","Hipotz","",""
"125120717","Home","96.0","4.4"
"123460151","Transworld ","103.0","3.9"
"123756713","Ranchpride Agrocomm","6.0","5.0"
"2420006","Acura Solutions","",""
"4777062","Rigved Technologies","135.0","3.8"
"1266958","Linedata Services","134.0","3.2"
"580341","Thinkapps Solutions","",""
"3129472","ONN And Associates","18.0","4.5"
"3071884","Sofomation Energy","",""
"5409894","Kumar Metal Industries","69.0","3.4"
"124094924","BSE","222.0","3.7"
"125120391","Thy Sigma","",""
"12592","Evoke Technologies","345.0","3.6"
"3233362","Pentagon System And Services","148.0","3.7"
"125120421","Alpha Media","",""
"536009","Best Fit Recruitment Rider","",""
"3039930","Saman Technosys","10.0","1.2"
"124513138","Freelancer Suruchi Vivek Sable","",""
"124813533","Future Factory","7.0","3.6"
"6461872","Augmont Goldtech","77.0","4.4"
"4775598","Dlecta Foods","94.0","3.9"
"123808227","Ranjit Fab India Llp","4.0","4.4"
"125120351","Envagor Enterprises","",""
"47440","Dess Technologies","10.0","4.4"
"124314126","Leading Renewable Energy Company","",""
"4425478","Ketto","246.0","4.1"
"124035130","Equentis Wealth Advisory","126.0","3.3"
"19417","USV","1610.0","4.0"
"4655","Electrolab","145.0","3.7"
"835493","Narayana e Techno School","511.0","3.8"
"4771694","Jai Hr Management Consultancy Services","",""
"123765993","Torrent Diagnostics","8.0","3.8"
"125020161","Heptaverse Technologies","",""
"4943160","gtprod","1128.0","3.5"
"4728432","Inprocorp India Pvt.Ltd","3.0","4.2"
"6640774","Niwas Housing Finance","34.0","4.0"
"2735674","Albans Projects","26.0","3.4"
"4624376","NeuroEquilibrium","59.0","4.0"
"6606224","Argus India Price Reporting Services","5.0","4.8"
"124991201","Balaji Caterers","11.0","2.5"
"18812","Not Available","7798.0","4.1"
"4260122","Bazana Foods Pvt. Ltd. ","27.0","3.4"
"4500908","Paras Defence & Space Technologies","83.0","3.2"
"5603086","Paresh Constructions And Foundations","30.0","4.5"
"569313","HealthIndia Insurance TPA Services","323.0","3.1"
"6383918","Vibs Infosol","21.0","2.5"
"5672740","Ebullient Services","49.0","4.1"
"5089740","Simpolo Vitrified","207.0","4.1"
"124948299","Constro Systems","12.0","3.2"
"2736466","Leader Board Hr Solutions","",""
"124604794","Wings Inc","",""
"1876810","Homesfy","147.0","3.7"
"4193678","Global Drafting Studio","",""
"7095379","MDC group of companies","317.0","4.8"
"50798","calyx pharma","60.0","3.6"
"2545786","VIKRAN Engineering limited.","295.0","4.0"
"2100554","Kamaths Ourtimes Ice Cream","42.0","3.7"
"647335","Craftworld Events","50.0","3.7"
"124495206","Khaitan Legal Associates","2.0","3.9"
"4308760","86400 (An initiative by Mobileware Technologies)","23.0","2.5"
"3982008","Xceednet Software Solutions","",""
"3429828","Senvion","279.0","4.0"
"124259984","Karman Advertising","",""
"158","BLUE STAR ENGINEERING & ELECTRONICS","2357.0","4.1"
"656281","Object Technology Solutions","175.0","3.8"
"4939098","Dr L H Hiranandani Hospital","131.0","3.9"
"3104","EDGE Executive Search","",""
"3900654","The Ageless Clinic","22.0","3.3"
"1336220","Brainvire Infotech","439.0","3.0"
"93302","Allana Group","281.0","3.8"
"114218","D-tech Management Resource","",""
"62749","Inventia Healthcare","300.0","4.0"
"125118361","Samiksa Food Pvt Ltd","",""
"125118751","Refine U Skin & Hair Clinic","",""
"2500204","Cello World","110.0","3.4"
"2845","Multi Organics","112.0","3.0"
"703345","Vsquare Consultants","",""
"65084","Medusind","780.0","3.5"
"837103","Netcore Cloud","307.0","4.1"
"659971","Munsar Services","2.0","4.9"
"4310758","Varda Hr","",""
"123662191","Aseup Consultancy","",""
"6455590","Amiand Consulting","34.0","4.1"
"1659358","Power Matrix Solutions (PMX)","20.0","4.0"
"124196326","T & D Galiakot Containers Pvt Ltd","11.0","1.0"
"5100052","Indus Instruments","8.0","4.7"
"124082258","Proschool Skill Development","96.0","4.2"
"7101379","Gramercy Trade Industries","11.0","3.5"
"4870068","Tdf Diamond Factory I","75.0","4.3"
"85995","Surelock","67.0","3.2"
"1050504","Suraj Informatics","63.0","3.2"
"2548962","Sgco & Co","53.0","3.5"
"6801865","Pv Power Technologies","25.0","4.2"
"3895450","Bloom Systems","",""
"2568896","Krishna Placement Services","",""
"124112298","A A Garg & Co.","11.0","3.2"
"2550138","Majesco","409.0","3.0"
"87322","Bigul","162.0","3.3"
"5951326","Premium Hr Services","",""
"124086868","Agarwal Herbal Products","5.0","4.2"
"123554759","Shamvik Glasstech","13.0","2.4"
"3299486","Dairy Automation","6.0","4.5"
"2174034","SITEC LABS","125.0","4.0"
"1060188","INADEV","110.0","3.5"
"124086342","GRI Alleset","25.0","2.4"
"125195","Internal","75.0","3.5"
"3727124","Launching Careers","",""
"123982559","Sinobright Pharmaceutical Industries Limited","",""
"6126396","Pmea Solar Tech Solutions Limited","211.0","3.9"
"2650004","Anb Co","",""
"2707676","Fortress Infracon","54.0","3.9"
"138635","Intellectual Capital Hr Consulting","",""
"6801971","Starconnect Business Solutions","32.0","1.9"
"5422582","Nass Engineering Services","2.0","2.2"
"89118","Flamingo Pharmaceuticals","429.0","3.3"
"123922461","Boost Tech","",""
"7040143","Gng Electronics","48.0","3.5"
"83086","Foundever","2329.0","3.5"
"2891724","Fortune 5 Risk Management Solutions Llp","19.0","4.8"
"124405732","Apmh & Associates","7.0","4.2"
"916950","Dev Solutions","",""
"1133914","Verve Financial Services","13.0","3.7"
"123583959","Talish Solutions","",""
"247262","Delight Logistics","12.0","3.8"
"6311772","Sanjivani Group","15.0","4.7"
"4461544","Boldstand","10.0","3.1"
"124669532","Inkarp Instruments","38.0","4.1"
"123688473","Sanskriti Jewels","6.0","2.8"
"321135","Softgainz","3.0","1.0"
"124477584","Fur Jaden Lifestyle","",""
"3933288","Today Global Developers","70.0","4.2"
"733","Management2000 Placement And Recruitment","",""
"29009","Alkyl Amines Chemicals (AACL)","295.0","4.1"
"6756371","Drone Hr Solutions","",""
"1574244","Altaa Vistaa Business Solutions","",""
"6189432","Liquiloans","160.0","2.9"
"5425400","Scicore Nutra Pvt Ltd","11.0","2.7"
"3999584","Ayka Communication","",""
"6160254","Tec Consulting","",""
"1980392","Toscano Restaurants","1028.0","4.0"
"6429880","Party Cruisers","20.0","2.1"
"5865036","Big Data Exchange","",""
"5905912","Pentacle Designing Solutions","2.0","4.9"
"832397","Oscar Medicare","49.0","3.0"
"1268526","Tamarind Global","63.0","3.9"
"1879914","Cci Projects","38.0","4.6"
"2516714","Ami Polymer","164.0","3.7"
"6803535","Jobuss Resources","",""
"78069","Bdh Industries","131.0","4.7"
"1768180","Black Pepper","",""
"3154946","FINE ORGOKEM PVT. LTD","",""
"153984","Job Excel","",""
"1374370","Riskpro","21.0","3.5"
"6656953","Helious Specialty Gases","8.0","4.0"
"4062026","Times Pro","254.0","3.3"
"125092281","Privado Apparels","",""
"3987084","Samvaad Consultancy Services","",""
"86623","Paramatrix Technologies","196.0","4.1"
"1857456","Brennan It","95.0","3.8"
"3086546","Ziphertech","",""
"639077","Zenplus","55.0","4.2"
"5723010","Ithink Logistics","39.0","4.2"
"49030","Samarpan","272.0","4.0"
"1429344","Mosil Lubricants","44.0","3.7"
"124251510","Pradeep Metals","93.0","3.7"
"829043","E CON PACKAGING","65.0","3.2"
"747177","Bfc Forex And Financial Services","37.0","3.4"
"123741005","Baywatch Resort Goa","",""
"4401634","Everestek Technosoft Solutions","27.0","4.2"
"124495266","Continuity 1","",""
"1009380","Klay Schools","357.0","3.6"
"5545076","Trubridge Healthcare","344.0","4.1"
"1096642","Jobs N Ta Hr Services","",""
"4763356","Star India Logistics","14.0","4.1"
"309","LNS Global","",""
"1482690","VitalityBSS","75.0","2.4"
"2147048","Rapidsoft Technologies","92.0","4.2"
"516589","Insteel Engineers Limited","52.0","3.0"
"616865","Job Management Institute","",""
"2651458","S P Jain School Of Global Management","42.0","3.6"
"120574","Creative Indians","",""
"124576348","Advance Consultants","",""
"153567","SGM Placements And Personnel Services","",""
"179932","Equitas Small Finance Bank","6635.0","4.3"
"124246698","Odigoshub","",""
"6779039","Laxmi Organic Industries","490.0","4.0"
"125132063","Nextkraft Parking Technologies Llp.","",""
"124136672","Geekery Video Productions Llp","",""
"124541084","The Thirsty Crow Marketing Services","6.0","2.0"
"124906933","Job House Mumbai","",""
"6529930","Aditi Toys","12.0","4.2"
"1088632","R2R Consultants Llp","",""
"123888559","Segal Port and Logistiks","2.0","3.3"
"65180","ANGEL JOBS","",""
"4660194","Baaya Design","6.0","3.4"
"124541480","Weassemble","8.0","4.6"
"3110070","ADVANZ PHARMA","104.0","4.2"
"125002895","Goldmine Project Consultant","3.0","3.5"
"125021607","Yucollect","",""
"6356496","Make Visions Outsourcing","",""
"125081795","Binni's Wardrobe","",""
"124049938","Nextalent Hr Solutions","",""
"125069277","sales@actonpixel.com","",""
"123678803","Electro Care India","16.0","3.9"
"5673796","Human Resource Search","",""
"3834760","Excelsior","",""
"124443988","Landor","5.0","4.4"
"536733","SS Eduks Management","",""
"4771228","Plume Hr Corporate Services","",""
"1805644","Encorp Powertrans","10.0","2.8"
"901634","SHM Shipcare","46.0","3.1"
"125102261","V.R.ESTATE Consultants Llp","",""
"2701788","Seaspan","22.0","3.4"
"123692745","Zeronorth","15.0","4.3"
"5258544","Believe","27.0","2.8"
"4660462","E Plus Technologies (india)","5.0","2.8"
"5275280","Logic Systech","25.0","3.8"
"2520056","E4 Softwares","14.0","3.7"
"2543350","Abmay Health Ventures Llp","",""
"124048600","Esson Pharma","4.0","3.1"
"1794644","Arihant Industrial Corporation","74.0","3.5"
"4078210","Vishal Plast Pack","",""
"827601","NetApp","407.0","3.7"
"123821267","Sana Search International","",""
"4106262","Highspring India Llp","",""
"124093650","Experentia Marketing Services Llp","",""
"1488494","Itm Edutech Training","41.0","3.8"
"124093136","M Power India","30.0","3.8"
"124215300","Abki Solutions","",""
"124462730","Meredith","28.0","3.7"
"2864034","TechBlocks","64.0","2.5"
"124206584","GYM Bazaar","",""
"24718","Qualitest","742.0","3.6"
"688197","People Tech","684.0","2.5"
"34401","I. R. Technology Services","48.0","3.7"
"5758430","The Hr Dimensions","",""
"6662043","Portcast","",""
"4589998","Legato","3652.0","3.8"
"123999968","Cyitechsearch","",""
"6487888","Team Link Consultants","",""
"5904778","Fixity Technologies","",""
"124229992","Shian Hr","",""
"6166080","AKM Global","137.0","4.1"
"4927590","ScribeEMR Systems Private Limited","151.0","4.2"
"943614","Sigma Byte","101.0","4.0"
"125040041","Stalwart Solutions","",""
"733393","Talent Leads HR","",""
"123738761","Elfonze Technologies","43.0","4.3"
"4832890","Applyboard","132.0","2.8"
"6501398","Freelancer","",""
"569425","Career Point Placement Services","",""
"5121104","Hcds Consultants","",""
"124064132","Applied Data Finance","43.0","4.5"
"3600058","GE Appliances","58.0","3.8"
"4080208","Imeg Corporation","57.0","3.8"
"1187","SIS Software","10.0","4.5"
"6900741","Oben Electric Vehicles","127.0","4.2"
"122545","Stefanini","304.0","2.8"
"3960612","Quench Techno Valley","",""
"125126321","Udai Singh Tanwar","",""
"1847866","Grid Dynamics","66.0","3.0"
"4446266","Aliqan Services","",""
"581669","Tessolve","372.0","3.4"
"3616900","Allengers Medical Systems","248.0","3.5"
"3008216","Careerhunt India","",""
"11961","ABM Knowledgeware","368.0","3.7"
"5709226","Kiash Solution","",""
"84721","Planet Solutions","",""
"6966787","Place Elements Hr","",""
"123508461","India Mortgage Guarantee Corporation (IMGC)","78.0","2.9"
"124739541","Arihant Staffing Vadodara","",""
"3891618","Hirex Services","",""
"22904","Live Connections","",""
"5873","Mott Macdonald","695.0","4.1"
"1290156","Mani Job Destination","",""
"836583","Property solutions India Pvt ltd","260.0","3.7"
"123855021","F&F Consulting Services","",""
"6405004","Prophecy Consulting","2.0","4.6"
"6935159","Mv Palacements Panipat","",""
"214364","V Soft Consulting","",""
"124215408","Jobsmill","",""
"1414864","Om Human Resource Agency","",""
"1326498","Tiger Analytics","867.0","3.6"
"190692","Teksystems","",""
"56","Alp Consulting","",""
"123458785","Redserv Global Solutions","71.0","3.1"
"125087039","Dynatuners India","",""
"2094484","Ishmeet Consultant","",""
"1590794","Kaygen Consulting","",""
"3731048","Vlink","125.0","3.6"
"125037307","Jero Technologies","",""
"124318142","Brightfuture Consultant","",""
"124812225","Catalys","12.0","3.8"
"6300102","Talent Destination","",""
"124014620","Ehealthsystem Technologies","16.0","2.1"
"4183990","Quarks Technosoft","101.0","3.6"
"2356496","Clairvolex","60.0","2.5"
"3987208","Siera It Services","",""
"4469938","Simulation Lab - Scientific Research and Development Center","68.0","4.1"
"839595","Wsne Consulting","",""
"388709","Clarity Consulting","",""
"125100905","Spectral Consultants","9.0","4.1"
"123610781","Magno Fire Safety Services","",""
"2891890","Movate Technologies","2359.0","3.2"
"742605","CorroHealth","1675.0","3.2"
"833687","Pri India It Services","",""
"2837362","SM Technologies","35.0","3.7"
"647775","Expora Database Consulting Services","",""
"3871914","Prointegrate World It Consulting","",""
"6387858","Moder Solutions","215.0","3.3"
"124072476","Arrowroots Management Services","",""
"5146340","Talent Formula","85.0","4.3"
"6700793","Scribeemed","7.0","4.0"
"4271834","Ninth Dimension","2.0","4.6"
"124382184","Isoft Services Noida","15.0","3.2"
"229267","Nityo Infotech","",""
"6938239","Prov Hr Solutions","",""
"896672","Acentra Health","104.0","4.4"
"747213","QX Global Group","895.0","3.1"
"509","Headhunter","",""
"168779","Natwest Digitalx","2.0","4.0"
"2863780","HR India Solutions","",""
"124128498","Eximietas Design","87.0","4.0"
"5035644","PDI Software","22.0","3.6"
"6561020","Renalysis Consultants","10.0","2.4"
"4850674","Systems Advisers Group (SAG)","2.0","1.0"
"5471740","Newtronic Lifecare Equipment","137.0","4.0"
"6996909","Gokwik Commerce Solutions","56.0","2.7"
"1813166","Perficient India","4.0","4.9"
"123752465","Savitr Software Services","11.0","3.5"
"6735209","Spectrum Consulting","207.0","2.7"
"294287","Loalith Manpower Services","",""
"5180728","Instrumentation And Control Solutions","92.0","3.7"
"200119","Hetero","3934.0","3.8"
"4246178","Rite Software Solutions And Services","64.0","3.3"
"6597192","Allyted Solutions","",""
"3077480","Mindpool Technologies","61.0","3.9"
"6303756","Redolent","",""
"5152472","e Solutions India","",""
"2901234","Resmed","96.0","3.9"
"5102832","Excelvana","",""
"6362586","sanjay gupta by Tibarumals Jewellers","2.0","3.1"
"124715469","Letitbex Ai","",""
"4614406","Infometiz","",""
"4319340","Tata CLiQ","204.0","3.3"
"1279652","Kapil It Solutions","49.0","3.7"
"1687868","Dataflow","222.0","2.9"
"124832843","SRI Saivin Hospitality","",""
"2864520","Archance HR","",""
"124472768","MedVerve Healthcare Pvt Ltd","155.0","3.2"
"124411626","QCS Dc Labs","11.0","4.2"
"124534592","Quantumzyme","3.0","2.8"
"124107514","Ricaptos","4.0","4.1"
"124125962","Itilite","96.0","2.8"
"123596699","Intugine","34.0","3.5"
"124556462","Business Labs","18.0","4.2"
"5506962","Ascensus Global Services","33.0","3.9"
"123794281","Techdome Solutions","27.0","3.5"
"4823544","Codemonk","24.0","3.8"
"3255572","Whatfix","99.0","3.3"
"3858112","Outshiny India","38.0","3.5"
"2788164","lastminute.com NV","70.0","3.0"
"124048008","Earthful","",""
"124395996","Tumodo","",""
"6272358","Manipalcigna Health Insurance","653.0","3.8"
"123797589","Hikal","972.0","3.8"
"124894403","Seekho Ai","",""
"125127001","Rockworth International","8.0","4.7"
"124300136","Artisan Field","",""
"1837224","UL Solutions","185.0","4.1"
"4820776","Tradepass","12.0","4.1"
"123692619","Conneqt","9602.0","3.6"
"123739783","U&I Trust","8.0","4.1"
"123503237","Nationsbenefits","13.0","1.7"
"3616928","Amara Raja Energy & Mobility Limited","239.0","4.2"
"4760982","Oasis Technology And Consulting Services","",""
"123479069","Ibrowsejobs Technologies","",""
"1122042","Tradejini Financial Services","14.0","3.6"
"125070083","Studio Cahaya & Snapbot","",""
"937252","Matrimony com","1571.0","4.1"
"124750055","Konnect Consultants Kota","",""
"4365024","Amaravadhis Software Services","4.0","2.8"
"5794554","Arccaa Analytics And It Solutions","",""
"4799352","Emovur","",""
"4770620","Strides Pharma Science","95.0","4.1"
"124659180","Md Manage India","55.0","4.0"
"2547","24 7 ai","3179.0","3.5"
"123519919","Skillkount Technologies","",""
"1956282","NakshaTech","28.0","2.9"
"124762051","Vnetix It Solutions (opc)","",""
"829135","W.E.P.S","",""
"835209","Novel Office","310.0","4.1"
"123839197","Skill Dunia","59.0","4.2"
"1479540","JobShop","",""
"123558257","Vciti","14.0","2.3"
"123579557","KC Global Edutech","",""
"2944194","Nibav Lifts","695.0","3.9"
"295977","Rivera Manpower Services","",""
"3505982","Biz Staffing Comrade","",""
"6319780","ONE Soft Systems","",""
"836851","Guru Nanak Educational Society","",""
"5379768","Freshtohome","133.0","3.4"
"124645634","Smi Staffing Services Hyderabad","",""
"488745","Dodla Dairy","596.0","4.2"
"123653781","TensorGo","5.0","2.3"
"7099227","Flyy","",""
"124014658","TRC Companies","17.0","3.6"
"123546967","Stavtar Solutions","15.0","3.2"
"124117184","Drink Prime","62.0","3.8"
"2524262","Spark Infosystems","",""
"3597144","Trodly","",""
"3976150","Active Soft Inc","2.0","1.1"
"3597156","venuebookingz.com","",""
"124030648","Brik Oven","14.0","4.8"
"3629962","Celebrity Resort","21.0","4.8"
"4930722","Nirman Organisation","3.0","4.9"
"5307948","Arkesh Technology","",""
"123647931","Greenlight Financial Technology","8.0","3.3"
"4833292","Nsrcel","4.0","3.3"
"4115584","Skit.ai","9.0","3.3"
"2522852","Nucleome Informatics","14.0","3.1"
"2245558","Rangadore Memorial Hospital","34.0","3.4"
"124381360","RSM US in India","276.0","3.4"
"124273052","Koyili Hospital","9.0","4.2"
"4503538","Geekyants","107.0","3.2"
"6572590","Burr Pilger Mayer","30.0","2.8"
"4699202","Aspen Technology","5.0","4.8"
"1902184","Techathalon Software","3.0","1.5"
"5127382","Clean Harbors","362.0","3.3"
"124591176","Gleam Innovations","10.0","3.2"
"3569498","Epsoft Technologies","81.0","4.1"
"124684440","Sykam Assets Management (opc)","",""
"3656626","Netcom Learning","135.0","3.6"
"18364","IntouchCX","2264.0","2.7"
"1346914","Morepen Laboratories","460.0","3.9"
"68616","Aliens Group","339.0","3.7"
"1429162","Greet Technologies","384.0","2.7"
"6993063","Netelixir Digital Solutions","8.0","2.2"
"3959026","Maps Hr Solution","",""
"124083756","SVK Information","12.0","3.3"
"459617","Amar Radio Corporation","63.0","4.0"
"2563674","Sahasya Global Solutions","",""
"2973520","Istar Business Solutions","",""
"6205224","Laddu Systems","6.0","3.8"
"125131651","Sids Farm","105.0","3.5"
"123633463","F  J Direct","",""
"124282264","BookMyScans - Amansh Healthcare (P) Ltd","4.0","4.5"
"1067232","Maven Silicon","132.0","4.1"
"922650","Techwave Consulting","469.0","3.7"
"123853507","Rare Solutions","",""
"124053152","Contour Education","6.0","4.4"
"1957300","The Job Factory","",""
"4200182","Neuroglia Health Pvt. ltd","31.0","3.2"
"124028684","Owlspriority","52.0","3.5"
"1350408","Kalpa Electrikal","109.0","3.6"
"125098021","Kiran Nuclear Medicine And Pet Ct","",""
"2449574","Shadowfax Technologies","1681.0","3.5"
"2903148","Techolution","169.0","2.5"
"3985856","Wipro Enterprises","1509.0","3.8"
"4474690","Aurore Life Sciences","118.0","3.3"
"6151850","Wroots Global","",""
"273647","Kaushal Interiors","61.0","3.4"
"1437770","Integra Office Solutions","31.0","2.4"
"911276","Grazitti Interactive","209.0","3.2"
"123904397","Sai Harmony Solutions India","",""
"839097","People Conexxions","",""
"273963","SAI Life Sciences","1313.0","3.9"
"2081142","SKD Group Of Institutions","2.0","1.1"
"123897381","Booking Holdings","35.0","2.6"
"6006756","Technodysis","",""
"124100958","Hridtech Private Limited","",""
"125129733","Ignite Fitness Club","",""
"125079197","Kuja Infra Private Limited","",""
"4400908","Khushi Advertising Ideas","148.0","4.6"
"123731019","Sri Havisha Hospitality & Infrastructure","",""
"4957732","Nasense Labs","17.0","2.9"
"124984525","Manappuram Jewellers","17.0","3.4"
"121","Bajaj Allianz General Insurance","2871.0","3.7"
"4706576","Duru Cooperation","",""
"2954306","Square Business Services","",""
"5929010","Electronics Mart India","130.0","3.4"
"3226614","Tvs Training And Services","",""
"124022494","Team Abc Recruiters","",""
"6249318","Techaffinity Consulting","",""
"124109418","Zybisys Consulting Services","7.0","3.0"
"486943","Neudesic Technologies","212.0","3.9"
"5963574","Deluxe Media","419.0","3.5"
"124652432","Aaryak Jewellery","",""
"123790965","Kumon India Education","90.0","3.5"
"125119309","Vectorx Db","",""
"124878835","Prolifics","308.0","2.9"
"124679768","ZaTok.AI","",""
"2612128","USAM Technology Solutions","51.0","4.0"
"3231252","Telestream","9.0","2.7"
"1813040","Progress Software","33.0","3.8"
"125119167","Geneloom International","",""
"124666486","Wokelo Ai","",""
"5370438","Locus","50.0","2.8"
"123699777","Galaxeye","12.0","3.7"
"123921443","EMO Energy","3.0","3.7"
"123629709","SarvM.AI","19.0","1.9"
"3869136","Emmes Group","",""
"3248122","Hemmersbach","90.0","3.4"
"6144622","Tech India","",""
"123839241","Krishco Medical Products","2.0","5.0"
"125011581","Bizeagles Global Solutions Llp","",""
"125113263","Almighty Genesis Capital Management","",""
"148273","Eurotek Environmental","68.0","4.2"
"123986534","ITAX PLANNER","6.0","3.9"
"3504466","Digit Insurance","1440.0","3.7"
"6497520","Cardinal Health","221.0","4.0"
"5260570","Sensedge Transportation Systems And Solutions","9.0","3.7"
"5081388","Matrecomm Technologies","21.0","3.2"
"125026719","3cherryz","",""
"474305","DEE Piping","386.0","4.1"
"125126485","Lepakshi Furnitures","2.0","4.1"
"5894364","Als Testing Services India","24.0","3.2"
"125122693","Where2invest Limited","",""
"3778918","Inductive Quotient Analytics India","16.0","2.9"
"124744755","Accred","",""
"2926898","R.S Brothers","82.0","4.0"
"4648480","Quintype Technologies India Ltd","16.0","4.2"
"3142502","MSG Global Solutions","97.0","3.6"
"123836641","Uptemus Technologies","",""
"7028901","Intra Life","13.0","2.1"
"150423","Softcell Technologies","291.0","3.8"
"125126169","Sri Wegrow Talearnt Hub","",""
"125103401","Dataannotation","6.0","4.5"
"5741916","White Gold","4.0","1.2"
"6090968","Ringcentral","44.0","3.5"
"3909912","WorldEmp","31.0","3.5"
"4143046","Trupp Global Technologies","42.0","3.3"
"934780","De Corporate Consulting","",""
"6905433","Ascendion Engineering","",""
"124191004","Ajfan International Retails","9.0","4.4"
"4362466","Right Hire Mumbai","",""
"6113164","Takecare Manpower Services","",""
"74955","Genisys Information Systems","288.0","3.6"
"732481","Achievers Spot","",""
"615465","GE","1269.0","4.2"
"197884","Myntra","2105.0","3.9"
"96509","Sita Corp","11.0","2.5"
"2209182","Teletext India","147.0","3.8"
"1042640","Mercer","1474.0","3.6"
"124607710","Ecolab Global Services","156.0","3.6"
"1617980","Microland","1777.0","3.4"
"1877722","Firstsource","5253.0","3.6"
"2522820","Northern Trust","1102.0","3.9"
"2251402","Sneha Software Solutions","",""
"123624497","APM Terminals","204.0","4.5"
"1932062","Gartner for HR","648.0","3.9"
"4582772","Getinz Techno Services","8.0","3.8"
"5955136","Elevation Capital","",""
"1844152","Aparna Constructions and Estates","999.0","3.9"
"1839686","Xinthe Technologies","42.0","3.6"
"2902822","Propel Industries","249.0","3.8"
"4965582","Responsive","19.0","2.9"
"2034668","Mars","324.0","3.5"
"1799358","H&M","790.0","3.8"
"2254456","Reputation","38.0","4.0"
"2357166","Exxon Mobil Corporation","488.0","3.8"
"3851136","Alcon Laboratories","504.0","3.8"
"3311140","Saviynt","89.0","2.4"
"4034146","Quest Alliance","46.0","4.3"
"124743101","Iknanak Recruiters","",""
"23508","Microland","1777.0","3.4"
"6171418","Gainwell Technologies","157.0","4.1"
"1521790","Softura","100.0","3.5"
"26628","Infiniti Research","524.0","3.5"
"655347","Shinewell Consultants Bangalore","",""
"158371","Firstmeridian Global Services","",""
"5636612","THE Talent Keepers","",""
"2652920","Imperial Overseas","",""
"7100833","Grid Dynamics","66.0","3.0"
"6076978","Samay Consulting","2.0","5.0"
"9335","Valuelabs","2008.0","3.5"
"1110644","Vaibhav Inter Decor","22.0","3.6"
"6438244","Unique Hr Consultants","",""
"124095394","Vivify Technocrats","9.0","4.6"
"265817","Himalaya ","2313.0","4.1"
"550","India International Technical Recruiters","",""
"2545428","Hiring Studio","",""
"6129830","Happilo International","101.0","3.3"
"123828823","Gems Consultancy","",""
"3775992","Ajni Consulting","",""
"6989889","Skills Bridge","",""
"124154820","Accountshunt Hiring Solutions","",""
"931452","B2N Management Consulting Kerala","",""
"1803","Ample Technologies","336.0","3.8"
"1056534","ACN Healthcare","219.0","3.7"
"1379744","Gaba Consultancy","",""
"4153946","Centific","227.0","3.4"
"837223","Businez Avenuez","",""
"5529860","Starworth Global Soluitons","",""
"124863639","Algebrait Global Solutions","",""
"717603","Regalix","475.0","2.8"
"3725432","Coventine Digital","",""
"5165802","NJ Technologies","",""
"123890365","Circle Consulting","",""
"124504086","Ramakrishna Associates","4.0","3.3"
"7107057","Sayyam Investments","31.0","3.6"
"6138554","Capital Info","",""
"1580422","Manhattan Associates Brasil","374.0","3.5"
"1685972","Aryaka Networks","62.0","3.1"
"6797777","Nest Digital","161.0","3.6"
"1840908","Aziro","171.0","4.0"
"4829346","ISG","205.0","4.0"
"3143502","GSK India","2060.0","4.1"
"6369700","Global Technology Partners","4.0","4.4"
"1658882","Ryan India Tax Services","353.0","3.8"
"51170","Mascot E Services","",""
"124614626","Value Spectrum Technologies","",""
"124578618","Pranatree Llc Bangalore","",""
"713213","GenNext India Private Limited","",""
"1892276","MicroGenesis CADSoft","69.0","3.9"
"2575324","RF Innovatives","",""
"2418574","Source Engineering Services","46.0","3.6"
"423037","Ramboll","592.0","4.0"
"731997","Healthium Medtech","252.0","3.3"
"6079108","Techprojects","",""
"265596","Ashirvad Pipes","804.0","3.9"
"6643055","Mayank Singh","",""
"1039856","Anewa Engineering Pvt Ltd - NMDC Energy ","160.0","3.7"
"963274","SG Analytics","628.0","2.8"
"6752171","Hire Hubb","",""
"6519384","Jio","28782.0","4.3"
"25496","Harjai Computers","",""
"2706736","Brains N Skills Chennai","",""
"619205","Apollo Health and Lifestyle (AHLL)","607.0","4.4"
"1218","Tata Technologies","2992.0","3.4"
"163003","The Trade Office, Embassy Of The Republic Of Korea","4.0","4.7"
"600263","Northern Trust","1102.0","3.9"
"954784","Hiring Street","",""
"4015182","Value Soft Info Services","",""
"2918136","HR India Solutions","",""
"5471544","Efficiently Global Solutions","62.0","2.8"
"124965575","Zylu Business Solutions","",""
"734","Mancer Consulting Services","",""
"4833594","GUS EDUCATION INDIA","466.0","3.1"
"5101566","Right Track Corporate Services","",""
"123500675","JAHANGEER EDUTECH PVT LTD","",""
"8114","Caterpillar Inc","1516.0","4.2"
"124014514","Stanra Tech Solutions","",""
"1761808","Iron Systems","174.0","3.3"
"124893873","Ajax Engineering","186.0","4.0"
"2700780","Commonfloor","28.0","3.6"
"4681410","Otis","952.0","4.1"
"1895002","Nest Education","2.0","2.9"
"3190402","Orient Electric","782.0","3.6"
"124753291","D. E. Shaw Renewable Investments","2.0","3.7"
"5425446","Win Solutions","",""
"1404","Tmangoes Hr Consulting","",""
"4156342","Rain Cements (RCL)","100.0","3.5"
"486049","ToppersEdge.com India","",""
"902874","Srs Business Solutions India","40.0","3.8"
"106227","Enterprise Hiring Solutions Bangalore","",""
"123605791","Durdharshaya Jobs","",""
"1471994","Vipany Global Solutions","",""
"107309","Adonis Recruitment Consultants","",""
"742315","Calibehr","972.0","4.0"
"3126268","Scope Business Solutions","",""
"1122278","Covansis It Services","",""
"18573","Foresight Management Consultants","",""
"124035450","Allegis Global Solutions (AGS)","",""
"101","ASM Technologies","435.0","3.7"
"2271944","The Dollar Business","122.0","3.1"
"253041","Mirafra","272.0","3.9"
"125102281","Solomon Capital","2.0","5.0"
"6496","Steno House","",""
"124203218","Sri Indrakshi Informatics","",""
"123708807","Sri Krihna Developpers","",""
"5930198","People Positive Solutions","",""
"1428006","LRR Technologies","5.0","3.5"
"6530930","Surabhi Healthcare & Research","",""
"124145572","Armline Measurement Solutions","",""
"551451","Kanini Software Solutions ","210.0","3.6"
"2535592","Sanctus Hr","",""
"2530864","Human Capital Consultancy Services","",""
"517927","Orange County Resorts & Hotels","92.0","4.5"
"124941331","Talentigence Hr Solutions","",""
"6162734","ESN Technologies","10.0","3.2"
"859","Omam Consultants","",""
"124342006","Indicosmic Capital","14.0","3.4"
"124035698","Dr Holistic","",""
"124006356","Karthika Consulting & Solutions","4.0","3.2"
"123641765","Unicon Pharma","7.0","3.7"
"3625660","Bobton It Solutions","6.0","4.6"
"124686980","Conquest Techno Solutions","",""
"739057","Orbis Hospitality Services","",""
"695541","Visionet Systems","943.0","3.3"
"124072666","D.E.C. INFRASTRUCTURE AND PROJECTS (INDIA) PRIVATE LIMITED","8.0","1.7"
"566649","Blue Chip Hr Solutions","",""
"3624352","Obtenir Solutions","",""
"397141","International Sos","96.0","3.8"
"5885664","GMS Consultant","4.0","4.4"
"123555709","Proeffective It Services","",""
"5758740","Maddisoft Solutions","",""
"5456780","Optm Media Solutions","20.0","4.0"
"82035","Suprajit Engineering","474.0","3.9"
"363059","MSN Group","2776.0","3.6"
"444841","Yashoda Super Specialty Hospital","835.0","3.8"
"123609433","Anant Cars","43.0","3.7"
"3566794","AR Xtlabs","34.0","4.0"
"1302206","Thinkhat Software","12.0","2.7"
"836965","Ceyenar Chemicals","10.0","3.9"
"123658287","Vijai Electricals","436.0","3.8"
"270365","Radial Hr Solutions","",""
"698983","Das Manpower","",""
"3944622","Sree Vidyanikethan Educational Trust (SVET)","6.0","2.9"
"6525072","Envelopetechnik Consultancy Llp","4.0","3.1"
"3250484","Trove Consulting","",""
"108566","Bridging Talents","",""
"3502726","way2news","84.0","3.6"
"32605","Netscribes","871.0","2.6"
"2376276","Visteon","640.0","3.3"
"124078426","AliveCor India","18.0","4.1"
"124401100","Yo A To Z Solutions","",""
"3742664","Madhu Jayanti International","221.0","3.4"
"125102241","Advanced Technoline Services","",""
"124315036","Jones Recruitzo","",""
"6660677","3 Point Hrm","",""
"96631","TransDyne ","95.0","3.4"
"80915","Exel Rubber","174.0","4.2"
"584601","O2 Spa","81.0","3.9"
"6870259","Orient Cables","93.0","4.2"
"124209606","Early Autism Ventures","6.0","4.1"
"5209620","Providence Global Center","158.0","3.7"
"7003261","Glympse Human Capital Services","",""
"6854291","UFC GYM INDIA","7.0","4.3"
"124022960","Comfort Click Softech","50.0","3.7"
"5693538","Newportmed","26.0","4.0"
"5840084","Synamedia","134.0","3.2"
"123534291","Livello","",""
"3224652","TYA Business Solutions","30.0","3.0"
"6361272","Tekgence","",""
"635443","Definer Ventures","19.0","4.6"
"5954328","Transformcx India","3.0","3.6"
"79113","Societe Generale Global Solution Centre ","2835.0","3.7"
"5586158","Geekyants","107.0","3.2"
"5172160","Akana Services","2.0","3.5"
"124446806","Scoop Services","",""
"5986960","Acronotics","39.0","3.0"
"958598","Param Info Computer Services","",""
"2515440","Motivity Labs","112.0","3.1"
"124783021","Srr Enterprises","2.0","5.0"
"6170470","Resource Capita","",""
"642605","Straategic Hrd Consultancy Service","",""
"123614843","CRE Spacez","43.0","4.7"
"3273022","Qube Cinema","168.0","4.1"
"124612754","Vantive Healthcare Technologies","92.0","4.6"
"43438","Madura Coats","492.0","3.8"
"123992734","Collaborate Solutions","",""
"68333","VISIONTEK ","196.0","3.6"
"6644315","Brickendon Consulting","",""
"2167828","Propertypistol Realty","480.0","3.5"
"2893622","Aakriti Constructions & Developers","39.0","4.0"
"124183762","ELUNO","",""
"5827748","Enterprise Minds","89.0","3.6"
"124290180","Blackbaud","22.0","2.0"
"6909657","Trellix","154.0","3.3"
"829831","FMC","936.0","4.0"
"397065","Thomson Reuters","1730.0","4.0"
"124174268","Colruyt It Consultancy India","182.0","3.8"
"124574032","Emperen Technologies","",""
"124769115","Nomiso","11.0","3.0"
"124065408","Qcentrio","13.0","4.5"
"123598491","Zorba Consulting","",""
"59823","Cisco","2056.0","4.1"
"30831","Kaizen SRA Technologies Pvt. Ltd.","",""
"1819810","CDK Global","512.0","3.8"
"125141621","Cloudjune Opc","",""
"352549","Zeta Global","134.0","3.5"
"124349856","Pellagic Foods Ingredients","7.0","3.2"
"125140969","Eniac Systems India","2.0","5.0"
"134784","Stryde Consulting Services","",""
"125140871","Rainier Softech Solutions","4.0","4.7"
"4076994","Black Duck Software","8.0","3.3"
"124913739","Capabl India","6.0","4.4"
"3782436","Tablets India (TIL)","156.0","3.8"
"4921128","Novel Office","310.0","4.1"
"6165540","Medi Assist","1711.0","3.5"
"5885104","IntouchCX","2264.0","2.7"
"3006162","Trinet Group","",""
"3190298","Tekion Corp","354.0","3.0"
"4830760","Elemica","15.0","3.7"
"3395532","Illuminz","16.0","2.1"
"2523220","Postman","32.0","3.3"
"3575168","KIMS Hospital","1048.0","3.9"
"4471738","Fanatics, Inc.","31.0","3.0"
"3652810","Futuristic Educational Society","8.0","3.7"
"3576428","St.marthas Hospital","50.0","4.3"
"1959438","Sampoorna Consultants","6.0","4.4"
"4502618","COMSOL","14.0","2.8"
"6102586","Tenthpin Management","5.0","4.1"
"4874162","Prudent Globaltech Solutions","4.0","3.6"
"4699438","Orbcomm Technologies","37.0","2.8"
"4305416","Market Scope","2.0","3.3"
"3782312","Eli Lilly And Company","522.0","3.7"
"125126993","Waterley Pharmaceuticals Pvt.ltd","8.0","4.8"
"125131295","Aksvin Technologies","",""
"125122011","Futurense Technologies","216.0","3.2"
"125119313","Rupeeflows","",""
"124301154","Cigna Medical Group","20.0","3.8"
"125126997","Felisha Cosmetics","17.0","3.7"
"7060473","Softtek India","279.0","3.9"
"125131259","NP Softhub Solutions","",""
"124689026","Swits Digital","9.0","5.0"
"124139360","Mivada","",""
"123692815","Waferwire Cloud Technologies","12.0","3.9"
"7080735","Profinch Solutions","181.0","3.4"
"7070291","ECS","128.0","4.5"
"3156342","Magna International","813.0","3.8"
"3114516","Snow Planet","2.0","5.0"
"125131667","Writers Inc","",""
"125076821","Premium Aerotec","",""
"124894573","Newmark","73.0","3.6"
"2861054","Infasta","",""
"2607972","DigitalOcean, Inc.","15.0","3.9"
"124831017","Span","9.0","3.3"
"124783097","Amgen Inc","38.0","3.2"
"2035772","Rohde & Schwarz","65.0","3.7"
"124754793","Altera Digital Health","228.0","3.4"
"1864442","Exotel","141.0","2.9"
"124739671","Cantor Fitzgerald","4.0","3.0"
"124688686","Al Shirawi Facilities Management","6.0","4.9"
"1861738","Infor","629.0","4.0"
"1853420","Infopace Management (P) Ltd.","16.0","3.4"
"1850126","Transgraph Consulting","26.0","3.7"
"124601268","Novotech","75.0","3.7"
"124423698","Globalfoundries","117.0","3.4"
"124391532","Curriculum Associates","7.0","3.8"
"124298408","Crunchyroll","",""
"6303116","Quince Corporate Services","",""
"5987432","Xlysi","",""
"5887586","CSA Group","9.0","1.9"
"124251104","Sparkcognition","11.0","3.1"
"4964660","Databricks","25.0","3.2"
"124088444","Illumina","18.0","2.7"
"4925038","Globalfoundries","117.0","3.4"
"124057726","Rimini Street","177.0","4.0"
"4371882","Harness","",""
"4234084","Epsilon Data Management","795.0","3.7"
"123741781","Fortuna Entertainment Group","4.0","3.0"
"3884998","Crowdstrike","95.0","4.0"
"3621506","Vectra Ai","",""
"123571547","Kuku Fm","86.0","4.0"
"123560445","Happiest Health","14.0","2.2"
"123483045","Xoom","",""
"3125544","Zendesk","4.0","4.7"
"7110855","Asapp","",""
"7049983","Blend360 India","28.0","3.1"
"7038299","Achnet","",""
"6943268","Resultscx","19.0","3.6"
"2611604","Suse","13.0","4.2"
"2255064","Zenoti","167.0","2.9"
"1847930","Silicon Labs","46.0","3.5"
"1812906","Lera Technologies","25.0","3.9"
"1808002","Ametek Instruments India","123.0","3.4"
"5525320","Youth For Seva","28.0","4.4"
"1394256","Informatica","217.0","3.8"
"6943124","Inoptra Digital","36.0","4.3"
"6453552","Yugabyte","17.0","3.5"
"5422018","Degreed","5.0","3.0"
"5178046","Yestosystems","",""
"1557136","Atlas Systems","50.0","3.2"
"2031444","Inventive Infosoft","2.0","4.2"
"2520906","Headout","53.0","3.9"
"2034006","Moodys Investors Service","298.0","4.0"
"1896400","Qualitech Global Services Pvt Ltd","",""
"6784275","Keyloop","50.0","3.6"
"5772060","Abiomed","",""
"5258500","Sitetracker","6.0","4.6"
"5206322","Ice.com","",""
"5124934","WIPRO GE HEALTHCARE PRIVATE LIMITED","1509.0","3.8"
"1590598","Healthasyst","128.0","3.9"
"3734384","Tarento Technologies","133.0","3.9"
"3647086","SentinelOne","39.0","2.6"
"3597092","Keka Technologies","219.0","3.2"
"1844068","Pan Seeds","109.0","3.6"
"125056915","Nasuni","",""
"124796995","Nymcard Payment Services","",""
"124691102","Emonkglobal","",""
"124681378","Starrez","",""
"124593570","Chevron India","63.0","4.0"
"124495590","Opentext","1161.0","3.6"
"124461160","VXI Global Solutions Llc","248.0","3.5"
"124298296","Dynamix","2.0","4.3"
"124059592","Nextracker","53.0","4.3"
"124023642","Poppulo","7.0","3.9"
"123910993","Masai School","195.0","4.1"
"123677477","Shikshakji.com","",""
"123657965","Orica","34.0","4.2"
"7023911","Bureau","9.0","3.7"
"6797661","Exponent Energy","27.0","3.6"
"6561150","Herjavec Group","22.0","4.0"
"6482494","Devrev","11.0","3.5"
"6372030","Bluevine","28.0","2.6"
"5733842","Ringcentral","44.0","3.5"
"5695566","Amentum","191.0","4.1"
"5632248","Corp Security International","4.0","4.9"
"5503386","Plume Design","",""
"5449272","Ankercloud","31.0","3.8"
"5292844","Keka Technologies","219.0","3.2"
"4750178","Cuddles Foundation","25.0","3.0"
"4681368","Metlife","1676.0","4.0"
"4346398","Capria","",""
"3191734","Simba Technologies","5.0","4.6"
"3153670","Stripe","40.0","3.0"
"3125312","Hexagon Manufacturing Intelligence","28.0","4.0"
"2607452","Celigo, Inc.","35.0","3.4"
"2587384","Narayana Health (NH)","1770.0","3.9"
"2358504","Mapletree Investments Pte","6.0","3.8"
"2033448","Cloudera","68.0","4.0"
"2033046","Digilogic Systems","29.0","4.1"
"1974684","Swiss Re","307.0","3.9"
"1971518","Meta","174.0","4.4"
"1881728","Kofax","41.0","3.6"
"1644058","Lowes Services India Private limited","906.0","4.1"
"1641990","Cubic Transportation","122.0","3.3"
"1394190","Sunquest Information Systems","33.0","3.6"
"1450436","Prakat Solutions","35.0","3.6"
"123468093","Arroyo Consulting","",""
"123563583","Ma Consulting Services","36.0","4.4"
"1548816","Acubetech Solutions","14.0","4.3"
"4641338","Deltacubes","",""
"213639","BVR People Consulting","",""
"4036800","Wanbury","200.0","3.5"
"124139050","Latinem","140.0","3.7"
"124204384","Caledon Technologies India pvt ltd","20.0","2.1"
"123472109","Cielo Talent","",""
"1906928","Entomo Gtdic","2.0","4.0"
"627721","I Share Business","45.0","3.9"
"125141603","Show Management Solutions","",""
"123748665","Infotanks Media","",""
"459817","Platinus Technologies","",""
"124401276","Aram Hiring Solutions","",""
"5510924","Jobdunia Services","",""
"124341888","Uttrayon Properties","",""
"3249518","Vrsit Smart Solutions","3.0","4.7"
"2376150","Ispace","26.0","3.6"
"6405030","Apex Insurance Broking Services","7.0","2.5"
"5441162","Skill On Tap","",""
"123590789","Dwaraka Starline","",""
"6061780","Backbase","52.0","3.4"
"123823805","Wages Provider","",""
"2137","Ethos HR","",""
"124703148","Droplet Offshore Services","",""
"125115601","Unix Conglomerate","3.0","5.0"
"2821308","Tekishub Consulting Services","",""
"517957","First American","1606.0","3.5"
"5372978","Spago Foods","3.0","3.1"
"125141639","Lantrn Marketing","",""
"125141985","Svida Mobilty","",""
"128561","Spigot Software","11.0","3.6"
"125080137","Capgen Services","",""
"80116","Anoo's Electrolysis  Obesity (p) Ltd.","50.0","4.2"
"2207306","Morgan Mckinley","",""
"123715735","Glorious Hr Services","",""
"2572492","LeadSquared","56.0","3.1"
"853008","Savaari Car Rentals","37.0","3.4"
"5911370","Willware Technologies","",""
"6253564","Trackonomy Systems India","3.0","1.2"
"124812995","Radise Intl","",""
"124352320","Future Media","",""
"7050965","Shyamoli Paribahan","39.0","4.0"
"125141945","Vedyah Vast Technologies","",""
"2863444","Baniwal Infotech","27.0","4.9"
"5183464","ZG Staffing Solutions","",""
"123607997","SDI Business Services","",""
"6353652","Shalimar Incense","20.0","2.7"
"124790885","Grotechminds Software","20.0","4.6"
"125136585","Arva Health","",""
"65357","Modus Information Systems","83.0","3.5"
"123984104","Webtech Softwares","13.0","4.4"
"125028845","Vinay H N","",""
"124873853","Fluidcloud ","",""
"123595377","Bluedot Ventures","",""
"3478850","Makonis","33.0","3.9"
"124888765","Abirami Engineering Construction & Co","5.0","4.3"
"5845860","Hirexpert","",""
"124563272","Accela Confer","",""
"7039721","Novora Technologies India","",""
"30970","RGBSI","",""
"3623182","AMR India","98.0","4.1"
"2364","Career Tree Hr Solutions","",""
"125134839","regalrasoibiryani@gmail.com","",""
"124161610","Nymi Store ( by Spatial Guide)","",""
"124437198","AU Finja Jewels","4.0","3.9"
"6521714","Vaisesika Consulting","45.0","4.0"
"2072576","LeadWinner","16.0","2.8"
"3314568","Apolis","",""
"2825370","Itdose Infosystems","101.0","3.3"
"124948565","Navsan","",""
"6338454","SuperSeva","",""
"5803586","Stacknexus Technologies","",""
"6009434","RSN Ginfo Solutions","29.0","4.9"
"124231722","The Job Expo India","",""
"1015428","Bull Machines","208.0","3.8"
"3832566","BT Group","2324.0","3.8"
"3152214","RV Educational Institutions","5.0","3.1"
"4667324","Hustlehub","39.0","3.1"
"124606882","Wisdomwood High","",""
"1020854","Origin Mouldings","9.0","4.2"
"7047961","Algoleap Technologies","105.0","4.2"
"5701026","Interview Kickstart","78.0","3.3"
"124683532","Cloudleap Software","",""
"6321994","Invok Hr","",""
"123708955","Glentzes Tech","",""
"4053022","Apps Business It Solutions","52.0","3.3"
"2855832","Naran Chirakkal Corporate","",""
"5004408","Flipspaces","",""
"124395474","Sawara Solutions","12.0","4.2"
"1806512","Oliva Skin & Hair Clinics","166.0","4.0"
"7095197","OIP Insurtech","7.0","3.5"
"6553190","Unext Learning","266.0","2.9"
"124130168","The Work Tribe","",""
"4084486","BPM India Advisory Service Private Limited","30.0","2.8"
"701645","Indihire Consultants","",""
"124342494","Aksi Ai Aerospace And Agri Technology Ventures","4.0","2.9"
"124596310","Cauvery Buildtech","8.0","3.9"
"117907","NuWare","59.0","4.0"
"7314","Winfort","",""
"124503066","Shree Ramdev Metalex","5.0","4.6"
"1374468","Sagility India","2401.0","3.9"
"498077","Biotecnika Info Labs","",""
"124201456","Nextzen Minds","38.0","4.3"
"3625766","Kasmo Cloud Solutions","39.0","3.3"
"125117343","Build Infinity","",""
"123720591","4PS India Pvt Ltd.","",""
"125141353","Yanamala Malakondaiah","",""
"125075677","Triple C Food Safety And Quality Consultancy Pvt L  Td","",""
"6351934","1box Tickets","3.0","2.1"
"3727948","Santa Monica Study Abroad","98.0","3.9"
"125141245","Galaxy Security Services","2.0","3.2"
"1857346","Zenoti","167.0","2.9"
"5208742","Datazymes Analytics","22.0","3.4"
"5958474","BrightCHAMPS","397.0","3.6"
"2985224","Primenumbers Technologies","21.0","4.8"
"125130587","Acmegrade","1474.0","3.9"
"123846803","Exathought","10.0","3.7"
"123925305","Vashishta Systems","5.0","3.9"
"124627702","Ritwik IT Services","281.0","3.9"
"564059","Augusta Infotech","",""
"2342594","Reckon Solutions","",""
"123569673","Niktor","32.0","4.6"
"5860998","Polestarre","18.0","3.4"
"6712735","Optim Hire","",""
"926294","Essel Synerg Tech (P) Ltd","11.0","4.0"
"87796","Idexcel","150.0","3.2"
"124745623","DMS Unity Homes","",""
"125131943","Mega Compu World","",""
"4048612","Transteel Seating Technologies","36.0","2.5"
"5557252","Jodhani Papers","50.0","3.6"
"4836132","T2 Innovations","",""
"6322368","Sagility India","2401.0","3.9"
"123483551","Pragyan Child Development Centre","5.0","2.1"
"6412094","Isuite Software Solutions","4.0","3.2"
"6899465","ideazmeet (Infotrends Software Solutions)","",""
"125141115","Akshara Enterprises","125.0","3.5"
"977092","Aneja's Training & Placement Services","",""
"125130337","Shivalingam Murugan","",""
"4135390","Ztekin Services","",""
"3049560","Champion Infometrics","",""
"123710727","Happiest Health Systems","2.0","4.2"
"4713182","Klene Paks","41.0","3.1"
"2931000","Maxima Executive Search","",""
"5086100","Ozanera","18.0","4.0"
"124249128","Terra Spectra Spaces","",""
"125110557","Brillen Furniture Showcase","",""
"125140919","Vianaar Homes","82.0","3.7"
"123821927","Infoshare soft","13.0","2.4"
"124017628","Apitoria Pharma","476.0","4.3"
"6001846","Athulya Assisted Living","32.0","4.0"
"124433","Starpowerz Human Resources","",""
"2544828","Gurukul Teem School Dhokheda (run By Shri Sanskar Shiksha Vikash Samiti )","5.0","4.6"
"992","Thakral One","",""
"124978835","6909319839 Mobile User","",""
"124717973","Dollar Dreams Immigration","",""
"1233408","Jodas Expoim","287.0","3.4"
"123815885","Trukker Technologies","85.0","3.2"
"2834842","B New Mobiles","131.0","3.3"
"124023660","Vilwaa Tech Enablers","",""
"1270266","Vajram Group","31.0","4.3"
"1087654","Celekt Gadgets","61.0","3.4"
"6054500","Travancore Tales","",""
"751207","LKQ India","381.0","3.5"
"124993323","Artivo Surfaces","",""
"115820","Objectwin Technology","",""
"6493692","Guidesly","11.0","3.1"
"2527092","VDart Software Services","151.0","3.9"
"124124100","Omni Recruit","",""
"420469","Designtech Systems","417.0","3.2"
"125020193","Deep Cognition India","13.0","3.0"
"96913","Automation Anywhere","167.0","3.6"
"124764499","Inframart Realtech India","17.0","3.9"
"5148846","Skillsoft Software Services","81.0","3.5"
"835215","C&a Sourcing International","14.0","4.9"
"123718167","Cloud Raptor","",""
"4565766","Sarvysampanna System Solutions","",""
"124455044","Vivek Bio-products","",""
"139809","VE Connected Solutions Pvt Ltd","3751.0","3.9"
"3907098","Amoli Talents","",""
"124168260","Grah Realtors","",""
"125117001","Gem Infinity","",""
"4477126","Guitcom Consulting","12.0","3.5"
"124784657","Iskcon Banglore","116.0","3.9"
"124752465","SKR Career Guidance","",""
"2537436","Excel Hr Services","",""
"4991386","Cirruslabs","32.0","3.3"
"844549","Amiga Informatics","",""
"174251","OSI Digital","190.0","3.6"
"124047012","Vrkp Group","40.0","3.5"
"125092237","Nakshavedi Technologies","",""
"1534406","Jobworld India","",""
"124068978","Cerulean Solutions","",""
"6821749","Enormous It Services","",""
"2777914","Jcbl","137.0","2.9"
"124853677","Indian Centreifuge Engineering Solutions","",""
"124578184","Craftsaloonshub","",""
"124574434","Instead","",""
"3999088","United It Technical Services","",""
"4042024","Essencea","161.0","2.5"
"125140459","Chargingadda","",""
"125140463","Hosting Server Solutions","",""
"123577323","Alliad Company Dmcc","",""
"5986572","Prudent Globaltech Solutions","4.0","3.6"
"46629","Tanla Platforms","126.0","3.0"
"124577930","Platform Development  Services (india) Llp","",""
"124676730","Ritu Placements","",""
"3907770","RIG ","26.0","3.7"
"408743","UltraViolet Cyber","2.0","1.0"
"2737292","Tekion","354.0","3.0"
"5948510","Ariv Education","17.0","1.9"
"124671892","Omaza Innovations Llp","",""
"1077354","Tattvam Retreat","10.0","3.9"
"3216124","Talent Vikas","",""
"125140101","Vedayam","",""
"125049229","Qualite Technologies","",""
"123560615","Start Work","",""
"6920875","Applause","9.0","4.2"
"124019270","Creeno Solutions","9.0","4.2"
"124685270","InterviewPanel","",""
"125099119","Aaish Solutions","",""
"124751245","Ridik Grad","",""
"124164214","VHL Technologies","",""
"124086368","Sorren Compliance India Private Limited","28.0","3.9"
"125014053","Spotlyte","",""
"124980557","Dexcom Inc","",""
"125139089","Shadow Teacher","",""
"5285152","Zeominds It Solutions","7.0","3.3"
"125126055","WellnessFast.ai","",""
"125090533","Houseclay","",""
"1027046","Bouquet World","",""
"5843182","Angel Consultants","",""
"4690210","Credible Consultancy","",""
"125138205","Rentomate","",""
"124767867","Astura Global","",""
"3745852","Solenis","25.0","4.4"
"7044845","ValourUSA Inc","3.0","4.6"
"125137703","Dolache","",""
"123787863","Interscripts Software","10.0","3.7"
"5736368","Stellar360 Staffing Services","",""
"105345","ValGenesis","147.0","3.1"
"835001","Mega Hr Consultant","",""
"124741659","Saggian Ventures","",""
"124610148","Mavlra","",""
"4164706","AES Solutions","2.0","3.1"
"5254470","Beats Jobs","",""
"583979","Fourrts","272.0","4.0"
"125134415","Maverick Quantum India","",""
"21798","Sampoorna Consultants","",""
"2290206","Treble Clef Technology","34.0","3.7"
"124071264","Kepio Engineering Services","22.0","3.9"
"125082865","Promea Therapeutics","198.0","4.3"
"124767419","Gnapi Technologies","",""
"5318304","Innowave","28.0","4.1"
"123711327","Liminal Custody Solutions","8.0","3.2"
"6943244","Project44","14.0","3.4"
"4686384","Diligent Corporation","",""
"123717637","Archlynk","22.0","3.2"
"5061050","Vimeo","5.0","4.2"
"124747949","Realfast","",""
"124797627","Jaggaer","6.0","4.6"
"123921915","Scopely","4.0","4.9"
"1703002","Suventure Services","10.0","3.1"
"3596092","Dozee","77.0","3.8"
"2030996","Eretail Cybertech","22.0","4.3"
"124905323","Sharp Control Equipments Pvt Ltd","8.0","2.8"
"124911851","Tech SMCSquared GCC","5.0","3.0"
"125119281","Intent Farm Performance Marketing Agency","",""
"4749336","Imanage","29.0","4.4"
"5989154","Actuant","16.0","3.7"
"124681358","Scimplify","17.0","3.8"
"4182982","Parallelstack Sytems","",""
"124782091","Cheemas Oaktree Group","4.0","4.2"
"123598765","Newtrace","9.0","3.7"
"5542508","Godesi","38.0","3.1"
"6166534","SentinelOne","39.0","2.6"
"6233460","Teachmint","235.0","3.4"
"5357834","Aceto Pharma","9.0","4.7"
"4608514","nVent","69.0","3.7"
"1459164","Amrita Vishwa Vidyapeetham","178.0","3.9"
"124009472","EVERSANA India Pvt. Ltd","201.0","3.4"
"2035604","Processor Systems","5.0","4.1"
"1969302","Check Point Software Technologies","42.0","3.8"
"3235990","Primera Medical Technologies","610.0","3.6"
"1703010","freshworks","779.0","3.4"
"4314370","OVHcloud","22.0","3.6"
"124540628","Candescent Financial Services","7.0","3.1"
"1974804","Saaranga Infotech","",""
"1690330","Berger Paints","3777.0","3.7"
"1428178","Aragen Life Sciences Private limited","1703.0","4.0"
"2701344","Epiq Systems, Inc.","316.0","3.5"
"6942962","Blackline","29.0","2.4"
"6797711","GKN Automotive","586.0","3.8"
"1799124","GKN Automotive","586.0","3.8"
"1702950","HL Mando Softtech","19.0","4.2"
"6845937","Reckitt","1619.0","3.9"
"6488856","NEC Software Solutions","235.0","3.9"
"5404930","JK Technology Services","",""
"1882444","Swathi Business Solutions","",""
"3593868","Volvo Auto","7.0","3.5"
"5252490","Dev Insights","8.0","3.4"
"125133397","Stoex","",""
"3678636","Tasec","5.0","2.1"
"124288076","Stbl Projects","13.0","3.2"
"4582922","Energytech Global","63.0","3.7"
"124907639","Millionlogics","",""
"6847185","Vonage Business Communication","16.0","4.6"
"125097279","Sdcms","",""
"4958942","SourceMash Technologies","32.0","2.6"
"3669290","Btranz Technological Solutions","13.0","2.7"
"1749588","Janaagraha Centre for Citizenship and Democracy ","15.0","3.8"
"3190278","SS&C Technologies","1674.0","3.3"
"3930712","Aeries Technology","373.0","3.2"
"4075916","Tide Software","199.0","3.8"
"3925324","Spectra Technovision","117.0","3.5"
"3869116","Center Study Science Technology Policy","5.0","4.4"
"4140008","Genesys","88.0","4.0"
"4183918","Guidewire Software","61.0","4.6"
"4570924","Bill Gosling","759.0","3.4"
"4681360","Franklin templeton asset management (india)pvt","740.0","4.0"
"5016232","Anthology Inc","226.0","3.3"
"5959152","Pure Storage","35.0","2.9"
"6313522","Rezolve","",""
"123718853","Intelex Technologies Ulc","38.0","3.6"
"124286678","Blismos Solutions","2.0","4.4"
"124295392","Samsara Inc","6.0","2.1"
"4681566","Annalect","556.0","3.3"
"124395940","Kidvento","11.0","2.3"
"5540866","Petsfolio","3.0","4.5"
"2257796","Smec","424.0","3.7"
"3153542","Uipath","76.0","3.6"
"3833092","Codilar","130.0","4.2"
"4629604","Prayoga","6.0","3.4"
"5598866","DAZN","162.0","2.6"
"124581290","Saion Solutions","",""
"124461670","Superstuff","",""
"3951992","Algoleap Technologies","105.0","4.2"
"1641768","WMS Gaming","",""
"1776920","Onsemi Vietnam","30.0","3.5"
"3525992","Powerschool","337.0","3.4"
"123487631","Novick Biosciences","25.0","3.1"
"124618726","Aifa Labs","9.0","4.2"
"4128962","Groww","309.0","3.6"
"3112044","Bottle Lab Technologies","137.0","4.0"
"5632348","Voiro Technologies","7.0","4.2"
"5532754","Fampay","19.0","3.5"
"3940458","Milestone Technologies, Inc","",""
"5226018","ETG","139.0","3.5"
"1893706","ZapCom","66.0","2.8"
"4799850","Regalix","475.0","2.8"
"124802351","Kobie Marketing","",""
"7022935","Perceptive","119.0","3.4"
"1966188","Quantiphi Analytics Solutions","897.0","3.1"
"4749526","Red Matter Technologies","",""
"2610750","Food Safety and Quality Consultants","",""
"123921951","Meta Resources Group","",""
"125112301","Ikigai Labs","",""
"6759067","News Corp Australia","33.0","3.9"
"3310812","Reltio","19.0","3.1"
"2249628","MoEngage ","125.0","3.8"
"6307496","Paychex It Solutions Inida","145.0","3.8"
"1972354","Logmein","30.0","4.4"
"4305028","Acko","567.0","3.6"
"123867451","Aris Infra","9.0","4.0"
"2518996","Bioclinica","783.0","2.9"
"123588147","Prophecy","5.0","3.1"
"7071287","Chart Industries","41.0","3.0"
"124708093","SBS","280.0","3.0"
"5282832","Cloudsek Information Security","20.0","3.9"
"3924254","Accellor Inc","12.0","3.2"
"2360524","ThoughtFocus","444.0","3.5"
"1864558","Gigamon","55.0","3.5"
"1600768","Sabre","291.0","4.1"
"123850493","The TJX Companies Inc","42.0","4.0"
"123699609","Abnormal Security","3.0","2.9"
"3788710","Zeiss Pharmaceuticals","149.0","3.3"
"2609208","IP Infusion US Inc.","",""
"6082542","Safe Security","26.0","2.4"
"5460872","Newton School","141.0","3.5"
"2701116","Aerospike, Inc","2.0","5.0"
"124688684","Global Healthcare Exchange","61.0","3.5"
"124301210","Management Health Solutions India","18.0","4.8"
"123902727","Conneqtion Group","2.0","1.7"
"7071275","Plumhq","34.0","3.6"
"124752283","Boss Wallah","4.0","2.8"
"124823429","Ttec Digital","109.0","3.6"
"5615060","DTS","17.0","3.6"
"5458520","Tripjack","107.0","3.8"
"124394414","Mindrift","",""
"3350518","Applause","9.0","4.2"
"124295380","Tyson Foods India Innovation Center","",""
"1750038","Epicor","201.0","3.3"
"124836471","Lucio","",""
"5257434","Workato","9.0","4.7"
"5674646","Suki","6.0","3.7"
"4662356","Infodot Technologies","9.0","4.4"
"6797623","Alteryx","8.0","4.1"
"5451748","Esper","23.0","3.7"
"3647134","anblicks","80.0","4.2"
"7023019","Hireflex247","",""
"123546953","The Depository Trust & Clearing Corporation (DTCC)","94.0","4.0"
"5022000","Seismic Technologies","",""
"3584810","Amneal Pharmaceuticals","1272.0","4.2"
"124534436","Megavolts Engineering Services","",""
"124577250","Covasant Technologies","",""
"6468140","Globalbees Brands","77.0","3.5"
"3214078","Euclid Innovations","",""
"125137463","Atavishaala Agro exports Pvt Ltd","",""
"6176","Locuz","262.0","3.7"
"3229118","Epsilon","795.0","3.7"
"4036398","Empeiros Talents (opc)","",""
"124552106","Blackridge Research And Consulting","20.0","4.2"
"826529","Smart Ims","108.0","3.7"
"125137075","PEM Technologies","",""
"125004753","Magnemite Media","",""
"124152580","Deployh.ai Technologies","",""
"5965336","Middleware Systems Technologies","",""
"124041752","Scimplify","17.0","3.8"
"125137181","Chess Titans","",""
"4712992","Ensemble Health Partners ","79.0","4.2"
"5852982","Avalon Snh","8.0","4.4"
"124081966","Mayur Group","13.0","4.2"
"6571802","Gostops","70.0","3.1"
"830","New Era India","",""
"1006192","Netscore Technologies","33.0","4.0"
"123822379","Vamana Solar","7.0","4.4"
"6178870","Yotta Techports","20.0","3.7"
"329425","Vrinda Global","",""
"29605","Ideal Placement And Consultants","",""
"835671","Kavayah It Solutions","27.0","4.9"
"123897507","Sindhuja Micro Credit","114.0","3.7"
"123524683","Conexxia It Services","",""
"123909455","Astria Digital","21.0","4.2"
"125098641","Younicorn Management & Entrepreneurial Solutions","",""
"123867647","Kairos Technologies","45.0","3.7"
"3302316","Prospect Infosystem(India) LLP","",""
"123880677","Lakshmi Infra","2.0","3.3"
"123880501","PM Hr Solutions","",""
"1343014","NSR Ventures","6.0","2.0"
"124945947","Hamstech India Limited","55.0","3.6"
"721647","Recruise India Consulting","",""
"5526522","Waisl","86.0","3.7"
"1591762","Bondada Engineering","180.0","3.6"
"125092129","Freelancer Uday Kumar","",""
"837851","Landmark Insurance Brokers","261.0","3.3"
"838217","Sage It","",""
"124074058","Resource Solutions","55.0","3.5"
"6354298","Randomtrees","51.0","3.8"
"125120997","BWT Professionals","",""
"4565540","www.digitsecure.com","17.0","3.4"
"124234972","Ikya Global Edu","",""
"6047656","Talentumcloud","2.0","3.8"
"5213464","ROI Net Solution","145.0","4.1"
"108","Athena","",""
"4250554","Microgreen Technologies","",""
"6031390","Scopehr Services","",""
"231","Classic Search","",""
"53745","Aragen Life Sciences Private limited","1703.0","4.0"
"17113","SP Software","99.0","3.9"
"124498330","AOW Information Technology","",""
"3137","ACL Mobile","154.0","3.6"
"7018869","Malla Reddy Narayana Multispeciality Hospital","88.0","4.0"
"5323440","Rezilient Engineering Consultancy","",""
"841125","Life Educare","",""
"2052264","Calpion Software Technologies","235.0","3.3"
"2330712","Gautam Consultancy","",""
"735475","Dexian India Technologies","93.0","3.9"
"150553","H3 Technologies","6.0","3.4"
"1928770","Feuji Software Solutions","52.0","3.4"
"1003","Redington Group","175.0","3.8"
"179322","Nandan Petrochem","226.0","3.6"
"5548536","Vymo Technologies","101.0","2.4"
"124385184","Switrus Holidays","28.0","4.1"
"123499397","Golden Shutter Studio","2.0","2.3"
"1133950","ISSQUARED","88.0","4.1"
"548421","H K Jewels","207.0","3.6"
"20873","COA Network","45.0","4.2"
"5139","Kirby Building Systems","450.0","4.0"
"124563702","Trucode Technologies","2.0","1.0"
"123840805","Disa Consulting Services","",""
"5404538","Tekworks Enterprise Solutions","",""
"5767698","Religent Systems","6.0","3.0"
"3259324","Aasnaa Engineers","14.0","4.4"
"6976363","Profisolutions","13.0","3.2"
"5285274","Agbe Technologies","14.0","3.3"
"2981820","GHX","61.0","3.5"
"125078677","S3P Trade Link","3.0","4.9"
"7090337","Heptarc Technology Solution Pvt Ltd","2.0","2.1"
"123950719","Rishi Jobs","",""
"6472436","Nexus Professionals","",""
"125136261","Motaram Chellaram Patel","",""
"123727585","Nooha Asp","2.0","1.8"
"125132629","Bytehearts","",""
"124360276","Ratham Technologies","",""
"6033898","Wissen Technology","531.0","3.7"
"5174342","Cygnus Professionals","",""
"5985516","Ileads Auxiliary Services","183.0","3.2"
"135880","Lider Consultancy Services","",""
"4250870","Micron Technology","440.0","3.6"
"4348394","STIC Soft","36.0","3.4"
"4750934","Jef Techno Solutions","72.0","3.7"
"125136147","Lama Design","",""
"124048498","Showkasee House","",""
"630793","Continental Hospitals","187.0","3.9"
"4323604","Khannba Enterprises","22.0","3.3"
"83596","NTR Memorial Trust","1290.0","4.0"
"476319","Jconnect Infotech","",""
"3748950","Tek Ninjas","65.0","4.4"
"125135029","Physicswallah","2130.0","3.6"
"125106731","Finkey Payments","",""
"1564932","Tquanta Technologies","",""
"2138736","Cute Solutions Tiruchirappalli","",""
"124474930","Gitf Consulting Services India","",""
"124922651","Tonique","9.0","3.3"
"4956100","Petra silicon Private Limited","3.0","1.2"
"124271526","Niedlfree Technologies","34.0","4.3"
"6964747","Collective Artists","4.0","2.7"
"124534610","Girija Keeli","",""
"6753177","Scriptbees","3.0","4.6"
"1701368","Kored Infratech","84.0","3.1"
"4856190","H R D Diamond Institute","12.0","4.6"
"123596163","Smartncode","23.0","4.3"
"4429454","Connectedx Techsol","",""
"125109215","Home Triangle","",""
"7142679","Janapriya Ventures Pvt Ltd","29.0","3.0"
"6863853","Zypp","332.0","3.7"
"125045263","Integrated Softtech","",""
"124353068","SMS Autoline Equipments","",""
"4473696","Aurum Data Solutions","",""
"236099","MAYORA India Pvt Ltd","373.0","3.9"
"124679074","Anthea Pharma","121.0","4.0"
"123534713","Galaxy Of Jobs","",""
"6218838","Tekminders Intl Pvt LTD","16.0","3.6"
"123986574","Fastpix Solutions","",""
"667561","Phenom People","306.0","3.7"
"124138012","Simpliigence","21.0","4.2"
"124169128","Cogent It Solutions","4.0","3.2"
"123494191","Coretek Labs India","35.0","4.5"
"124276","Elecon Engineering","342.0","4.1"
"5588344","Maruti Koatsu Cylinders","10.0","2.1"
"4480168","Pacific Bpo","5237.0","3.7"
"4428376","Sapient Realty Solutions","5.0","4.4"
"5664860","Somani Kanak Seedz","6.0","3.6"
"5205","United Hr Solutions","",""
"123737189","Atlanta Electricals","44.0","3.8"
"258900","Ageas Federal","770.0","3.6"
"123613231","Amrach Consulting Services","",""
"124549040","Geniefie","",""
"124348516","The Strutt Store","",""
"124329096","Travelvava.com","",""
"124242430","Shathayu Ayurveda","12.0","2.8"
"124116102","Vriksha Agro Sciences","7.0","2.4"
"123926959","Uncle Sams Kitchen","7.0","3.0"
"123806519","Trajectron Sports","",""
"123596955","Rocket Flyer Technology","7.0","2.7"
"123825227","Livofy","7.0","4.2"
"125027641","Aqua Dev Industries","",""
"124212148","Oji India Packaging","91.0","3.8"
"123483081","Viavi Solutions","71.0","3.6"
"125047955","Zipee","",""
"124269214","Elixr Labs Technologies","22.0","4.3"
"2360108","SquadRun, Inc","266.0","3.2"
"3906642","Adlift","36.0","3.9"
"2033816","Karanji Infotech","31.0","4.0"
"4926392","Rchilli","29.0","3.5"
"124379952","Fusionpact Technologies","8.0","4.4"
"124317356","Infravision","",""
"4550686","WeeTech","13.0","4.9"
"4572066","Cloud Analogy","5.0","2.7"
"4992014","Abha Biotechnology","",""
"4982824","Imagino Solutions","",""
"2788348","N K Instruments","11.0","4.8"
"123556083","Bayone Solutions","51.0","3.3"
"124461780","Lawyer Panel","42.0","3.4"
"125124437","Wisdom Techno Solutions","4.0","4.7"
"123692757","KP Group","140.0","3.9"
"123877969","SRM Institute Of Science And Technology","202.0","3.7"
"125082831","Dailyliv India","",""
"3607794","Homesfy","147.0","3.7"
"4572158","Geo Designs And Research","130.0","3.7"
"123704603","Lemon Yellow Llp","21.0","3.1"
"123887779","Sanjhi Sikhiya","3.0","3.7"
"123922715","Circles","2.0","3.0"
"125065989","Blockwoods Marketing Management (opc)","5.0","3.4"
"4105044","Cityfurnish","66.0","3.3"
"124343358","Freelancer Vinothini Shakina","",""
"123944035","U-connect Global Services","10.0","3.9"
"124707224","Ambition Advisor","",""
"123678563","TMV Global India","10.0","4.0"
"125006561","Maxenra","",""
"125124623","Pinnshiv Realty","",""
"160487","Entrust Software & Services","113.0","3.5"
"3020632","SPNN Business","",""
"6746633","Kabalikrut Group","",""
"1096904","AnnexMed","292.0","3.1"
"123693055","VTZ Logistics ","27.0","4.1"
"123999034","Parshwanath Colour Chem","9.0","3.5"
"323763","Vashi Electricals","285.0","3.8"
"124725533","Saransh Realtors India Pvt Ltd","",""
"2355044","Hanu Reddy Realty","99.0","4.9"
"123583149","Ideal Global Services","",""
"125127601","ANK Solar Energy","44.0","4.9"
"6143988","Rapidise Technology","6.0","3.3"
"6671349","Pizlio Enterprise","",""
"4328474","HR Footprints","",""
"7013815","Kalvi Career Education","5.0","3.0"
"2362782","Agira Technologies","43.0","2.8"
"3779618","Sarvam Safety Equipment","42.0","4.0"
"125027591","Craft Platforms Private Limited ( Theranize)","",""
"1478562","Gowrie Healthcare","62.0","3.8"
"943090","HR World Solutions","",""
"124211230","SGS Herbals","2.0","1.1"
"124651812","Y.V.S.GOPURAM Pooja Stores","",""
"124780407","Nuwizo","",""
"123521133","Hire Hub Hiring Solutions","",""
"124738235","Vedex Global","",""
"4826600","Namdev Finvest","253.0","4.0"
"124068818","Irish Expert","60.0","3.7"
"3781426","Precision Group","816.0","3.8"
"2055452","Domino Printech","218.0","3.9"
"125134189","Malacca Matcha Bar & Bakehouse","",""
"124729745","Fiitjee Foundation For Education Research And","",""
"124820383","Ameha Global","",""
"124591706","Jobography Recruiting Services","",""
"5967626","Brodos India Pvt. Ltd.","5.0","4.6"
"124925287","Mothers Medica","",""
"123746235","Edge Business Solutions","22.0","3.7"
"124547018","Kynhood","30.0","3.8"
"5845996","Creanovation Technologies","41.0","3.2"
"4250404","Canpac Trends","72.0","3.8"
"3720028","CK Birla Healthcare","76.0","3.6"
"123937667","Rodi Consulting Limited","",""
"1134726","Advizuru ","",""
"637941","Astral Adhesives","1113.0","4.0"
"125101941","Newgen","1807.0","3.8"
"125065823","Bullion Knot","",""
"124907003","Xnovaq India","",""
"126440","The Way Consultant","",""
"179239","Invenger Technologies","39.0","3.7"
"1666510","Evodigital Technologies","14.0","4.1"
"127967","Brillex Clinical Research Pvt Ltd.","217.0","3.9"
"15431","NJ Group","478.0","3.7"
"65161","The India Cements Limited","701.0","3.8"
"8102","DELPHI TVS","1897.0","3.9"
"1457422","Dun & Bradstreet Technologies and Data Services Pvt Ltd","390.0","3.2"
"123521581","Lloyds Metals & Energy Ltd.","6.0","3.3"
"612929","Gaurs","413.0","4.2"
"123965075","Vision Books Mahaal","",""
"843971","SMFG INDIA CREDIT COMPANY","5158.0","3.9"
"6299946","Thinkfactory Tech","",""
"124564628","People Pivot","",""
"593281","Tekshapers Software Solutions","",""
"124688960","Ganga Global Homes","7.0","4.9"
"124145434","Hexatron Industries","11.0","3.4"
"1885206","Shubhashray Housing India","",""
"3086666","GTF Technologies","52.0","4.2"
"4199426","GM Analytics Solutions","55.0","3.6"
"124490714","Smartping","18.0","3.6"
"123738219","Jindal Texofab","19.0","3.5"
"3662906","Smart Hr It Solutions","",""
"124316848","OMEGA Elevators","124.0","3.5"
"125131861","Credible Assist And Care","",""
"124320698","Acedynamiz Solution","",""
"124300490","Veritos Infosolutions","8.0","4.0"
"23379","HRH Group of Hotels","4.0","3.5"
"4084718","Finova Capital","506.0","3.9"
"124562618","VKV Matriculation High School","",""
"124744447","Fix Health","5.0","4.4"
"4767252","Kreeti Technologies","34.0","3.1"
"3596410","AllEvents.in","8.0","3.4"
"123696485","Kaleris","24.0","3.7"
"125126679","Indian Industries Association","3.0","2.4"
"124190322","Eglogics","32.0","4.2"
"125124273","Gids Engineering","10.0","3.2"
"124690818","Alfa Intelli","",""
"124433838","Srikamatchi Medical Centre","6.0","4.0"
"5170852","Vardan Environet","14.0","3.4"
"124257436","Fugen Biomed","",""
"125119151","Cancer Centers Of America","20.0","3.2"
"125082945","Edu Expert","",""
"125102357","Virtual Axis Studio Llp","6.0","4.1"
"124670906","Mahathma Gandhi Super Speciality Hospital","",""
"124263036","Duco Tech","13.0","4.1"
"124233192","Sreevalsam Group","7.0","4.9"
"2506634","Baby Memorial Hospital.","68.0","4.1"
"124949989","Whereitz Technology","",""
"2505798","Neometrix Engineering Pvt. Ltd","50.0","3.7"
"5453546","Nexode Tech","",""
"123853857","Follis Hitech Solutions","",""
"123487621","Medhavi Skills University","59.0","4.1"
"124836767","Ewaantech","3.0","4.4"
"124638764","Salad Days","10.0","2.8"
"124267146","Safara Holidays &amp;amp;amp;amp;amp; Resorts","",""
"4616564","KK Global Exports","5.0","3.5"
"4427724","SKV (Studiokon Ventures Private Limited)","65.0","3.9"
"1735884","Ebizon Net Info","97.0","3.5"
"123728495","Graviton Systems","",""
"3125222","Graviton Research Capital","8.0","3.8"
"1837192","Vashi Electricals","285.0","3.8"
"124916767","Anand Shiksha Kendra","2.0","2.5"
"125103581","The Hobbit Land","",""
"124088840","Hitech Electricals And Electronics","",""
"125075315","Talent Connect People","",""
"125029273","Property Biz","",""
"124932343","Finnovationz","34.0","4.4"
"125072179","Nexure Tech","",""
"1452182","Virtue Placement","",""
"78516","Meditab Software","194.0","3.0"
"1367402","Truhome Finance Ltd","717.0","3.7"
"4581940","Navigatehr","",""
"124932923","People Search Consulting","",""
"1815586","Futuresoft","",""
"124163278","Isha Agro Developers","27.0","4.0"
"6262054","Satya Satellite","7.0","3.8"
"647665","Dream Jobs Staffing Solution","",""
"4014838","Pugalia Woollen Mills P. Ltd","16.0","2.0"
"124511704","Green Particle Biotech","",""
"1075058","Isource","135.0","2.9"
"1017070","Proodle Hospitality Service Solutions","43.0","3.9"
"124990313","VIT Bhopal University","358.0","3.9"
"2717084","Oryon","3.0","4.6"
"125131637","Swastikcare","",""
"125080551","Wattmonk Technologies","102.0","3.1"
"624437","Chandigarh University","1193.0","4.0"
"124045838","Orchid Pharma","219.0","4.1"
"124271682","INSPIRE CLEAN ENERGY","59.0","3.2"
"123785859","Uniqlo","226.0","2.9"
"1081778","Portea ","60.0","3.6"
"124981903","Accucorp Global Solutions","",""
"4626","Mohan Mutha Exports","16.0","3.9"
"889060","Namecheap","32.0","4.3"
"4763870","Intelligate Solutions","",""
"1124264","Inlogic Technologies","44.0","3.6"
"123829157","Sarveshwar foods Limited","5.0","3.5"
"123584667","Werizon Groups","4.0","1.5"
"6593726","Patterns Furnishing","",""
"124275162","KARPAGAM FACULTY OF MEDICAL SCIENCES AND RESEARCH","",""
"124627658","Experts Edwise","",""
"6942787","John  Smith Solutions","",""
"377773","SAG Infotech","126.0","3.4"
"124136184","Hiresoft","",""
"125109269","Trade Nova Technologies","",""
"2739448","Zipbooks Software Solutions","9.0","3.5"
"125129927","Krazy Kreators (india) Pvt Ltd","",""
"252","Contata Solutions","76.0","3.6"
"124298476","Happy Holidays","",""
"5644786","Benzeen","17.0","4.3"
"124840325","V4 Recruiters","",""
"45503","Primo Chemicals","3.0","3.8"
"6985323","Sioniq Tech","41.0","3.7"
"1290500","Incaendo","25.0","2.6"
"124708169","Saraswati Saree Depot","6.0","4.0"
"125128701","K.RAMAKRISHNAN Motorss Xmas Pu","",""
"124122814","Synchron Global Onesource","21.0","4.1"
"124969899","Wildscent Life Care","",""
"917994","Gadgeon Smart Systems","111.0","4.0"
"3615496","Robomq","45.0","2.5"
"3461004","Bayleaf Hr Solutions","",""
"125085355","Suronex Cloudsafe","",""
"2028636","Disposafe Health And Life Care","130.0","3.0"
"5274346","Kobelco Industrial Machinery India","40.0","3.8"
"6769989","Claym Media & Tech","3.0","4.4"
"123996916","Sfca Organization","",""
"34470","CES LTD","338.0","3.4"
"15762","Pegasus International","",""
"124750355","Jupisol Power India","",""
"124504286","Satin Finserv","311.0","3.8"
"6933","Ansys","127.0","4.1"
"125125909","Orion Stocks Limited","",""
"124507370","Bio Revive","",""
"125113283","CNS Cables India","",""
"124797107","MMA School","",""
"124293452","Ignitefortune Tech","",""
"6259554","Matamaal Hospitality Private Limited","",""
"125128283","Sri Mireya Builders And Developers","",""
"125100111","Swasth Bachpan Hospital","",""
"1279640","GUGA IT Services private limited","3.0","3.6"
"125130121","D Grand Jewellery","",""
"125025479","Elite Pro Infra","4.0","4.0"
"6188824","Tmsquare Global Solutions","",""
"1920404","Vdc Technologies","20.0","3.0"
"125121347","My Travel Plan","",""
"5432620","Jingle Bells Nursery School","",""
"125129925","United Plastics","141.0","3.7"
"124707166","Centilytics","86.0","1.8"
"1658486","Indel Money","173.0","3.9"
"707511","Synoverge Technologies","57.0","3.3"
"5237988","Dover","256.0","4.0"
"1762212","eG Innovations","33.0","3.9"
"1502","Tractebel","465.0","4.1"
"219988","Zen Technologies","164.0","3.6"
"731915","BIS Research","75.0","2.6"
"25938","Visions","18.0","2.6"
"5437224","KRBL Limited","426.0","3.8"
"4266654","AV Design","",""
"1276334","Kariwala Industries","25.0","3.9"
"6167762","Trakky Techno Services","",""
"2544036","Mazda Consultancy Services","24.0","3.7"
"123773650","Crusaders Technologies","19.0","2.8"
"124374310","Prohr Strategies","",""
"2540140","Adroit Synergies","326.0","3.3"
"6561704","Mahindra Rural Housing Finance (MRHFL) ","2220.0","4.0"
"2361480","Suzuki Motor Gujarat","2359.0","4.2"
"3157936","Brainware University","171.0","3.1"
"124551920","Campushala","2.0","3.2"
"4379544","Ashar Group","61.0","3.7"
"124943945","Vrushank-tech Solutions","",""
"940866","Quadaple Mohali","",""
"124258688","Be Realty","3.0","5.0"
"124983063","Sri Kanaka Durga Drone Spraying Services","",""
"5644406","Sugs Lloyd","58.0","3.9"
"657143","Karunya University","55.0","2.7"
"1467566","SBL  Knowledge Services","154.0","3.2"
"1482012","Werywin Defence Pvt Ltd","28.0","3.0"
"124207644","Uptodd Care","29.0","4.1"
"2193654","Sumitomo Mitsui Banking Corporation (SMBC)","118.0","2.5"
"480159","Unique World","",""
"67665","Theme Engineering Services","312.0","3.8"
"123745039","People Value Consulting","",""
"124540156","Safe Ledger","118.0","3.2"
"3693546","Primrose School","9.0","4.4"
"1015280","Casagrand","728.0","3.8"
"3662296","Eminence Hr Services","",""
"124698142","Hirearch","",""
"1673562","Arman Financial Services","62.0","3.6"
"676057","Touch Consultants","",""
"5091204","Sundar And Co","14.0","3.6"
"124813633","Newgen Staffing Services","",""
"5810692","Piramal Swasthya","367.0","4.0"
"2106250","K.R. Mangalam World School","20.0","3.3"
"1403050","Apollo HomeCare","97.0","3.3"
"2496454","Innaalzarre Solution","",""
"6964557","Trios Technologies","12.0","4.0"
"123686521","Advent Global Solutions","55.0","3.8"
"5551338","Kalkine Consultancy","9.0","3.7"
"125008327","LNE Engineering","",""
"124043654","Maize Products","85.0","3.8"
"16536","Comviva Technology","907.0","2.9"
"124976295","Medichemist","",""
"1650514","Agicent Technologies","47.0","3.7"
"123965755","Healthcare Operations Management","9.0","2.4"
"1548454","Ncr Eduservices","143.0","3.1"
"1642852","Karmick Solutions","44.0","4.2"
"2174690","Anabler Outsourcing Services","",""
"6306986","Vidpro Consultancy Services","",""
"123967165","Echopeak Solutions","4.0","5.0"
"123597413","Bizbrolly","",""
"124836985","Drona Education Foundation","",""
"124460458","Allen Digital","79.0","4.1"
"123867775","Retailcloud","4.0","4.7"
"125121903","Ingenium Education","",""
"124837011","Betterhq","",""
"123662779","Maple Tech Space","7.0","4.5"
"5039712","Iris Solutions","10.0","4.0"
"5012154","Adtric Solutions","3.0","4.8"
"123945085","Lystloc","23.0","4.3"
"3677016","Nanopix Integrated Software Solutions (p) Ltd.","15.0","4.0"
"1081628","Synapseindia","105.0","2.6"
"4074128","Illumine Industries","75.0","3.8"
"125122003","Vision Beyond Resources India Private Limited","",""
"124350664","Poornatha","",""
"124158710","Yanolja Cloud Solution","3.0","4.6"
"5512030","Fireblaze Ai School","4.0","2.2"
"3864696","DB Engineering & Consulting GmbH","151.0","4.2"
"874336","Corient Business Solutions","160.0","3.1"
"123896739","Peroptyx","12.0","3.3"
"6031030","Adrez Advisors","3.0","5.0"
"6258032","GGSH & Co. LLP","2.0","3.0"
"123775644","Resultscx","19.0","3.6"
"6594870","EVK Logistics ","2.0","4.2"
"125123551","Faces N Smiles - Dental Clinic","",""
"53084","SPECTRAFORCE ","255.0","3.1"
"3985326","SBFC Finance","1179.0","3.7"
"124623598","Blue Bird Adventures Llp","",""
"429671","Oodles Technologies","337.0","3.1"
"124313480","NEW Age Education And Skills Foundation","",""
"2750744","Login At Solutions Pvt. Ltd.","34.0","2.5"
"444183","TO THE NEW","690.0","3.6"
"6287280","Jolle Education Society/ Magnutuff","7.0","2.4"
"125125629","John Buildwell India Esta Es Pu","",""
"5427730","Guvi","151.0","3.8"
"154152","Sterling Addlife","20.0","3.2"
"124001320","Prospectus People Consultants Mumbai","",""
"3862760","Bluechip Hospitality","12.0","4.8"
"2170686","SJS Health Care","108.0","4.3"
"3142624","DCDC KIDNEY CARE (DCDC )","306.0","4.2"
"123785027","Mayur Wovens","14.0","3.9"
"5942400","Infinium Pharmachem","10.0","4.7"
"125124679","Thekkanath Technologies","",""
"5376608","Anteriad","38.0","3.3"
"834041","Eye Gear","16.0","3.9"
"5698434","Forte Recruitment Consultants","",""
"3506294","Somanda Vineyards And Resort","",""
"125126857","the Nest Guru","",""
"145159","Brickwork Ratings (BWR)","138.0","3.5"
"124784593","Gayatri Co-operative Urban Bank","28.0","3.5"
"3391860","Eseo Solutions","52.0","3.4"
"757921","Shri Ram Murti Smarak Trust","3.0","4.3"
"3594732","Qvc Exports","9.0","3.6"
"916092","Mindsprint","619.0","3.8"
"124889455","Scaleup Mission","",""
"1473324","Vikram Solar","570.0","3.8"
"5967692","Euro India Fresh Foods","29.0","4.1"
"123996028","Step Techno Solutions","2.0","2.3"
"125108467","Jamex Meditech","",""
"809","Net Access India Limited - Murugappa Group","286.0","4.0"
"125126377","Ajay Kumar Garg Engineering College, Ghaziabad","20.0","4.6"
"124813301","Aicreatives Web Solutions Llp","",""
"2880192","YOU & I Consulting","",""
"1010860","Anmol Feeds","93.0","3.3"
"990692","DTDC Express","3076.0","3.7"
"124260674","Stage Technologies","4.0","4.3"
"3979900","Amartex","280.0","3.9"
"2073880","Malladi Drugs & Pharmaceuticals","252.0","3.6"
"3940118","Sika","212.0","3.8"
"125116957","JM Origin","",""
"1673964","BNY","4788.0","3.8"
"124387268","Sivaroma Naturals","2.0","3.4"
"124864097","Sri Sathya Sai Institute of Higher Learning (SSSIHL)","17.0","4.2"
"1827016","Vestas","1160.0","4.2"
"1081614","Microchip Technology","218.0","3.7"
"1332254","Henkel Adhesives","405.0","4.0"
"124819903","Henkel Jebel Ali","",""
"3664068","Sanmina","472.0","4.1"
"1674554","Dunnhumby","192.0","3.9"
"123981273","Orbit & Skyline, Inc","46.0","3.6"
"5767400","Landis Gyr","444.0","3.0"
"1429660","Stemford India","",""
"6708001","Advance E Services","20.0","2.8"
"606721","Skipper","791.0","3.6"
"125125771","Bright Spark Exim","",""
"2585064","Welspun World","610.0","3.7"
"1079606","Mobikwik","445.0","3.5"
"2885948","Sapphire Foods","562.0","3.8"
"37020","Meyer Organics","399.0","3.6"
"923394","OCS Group","811.0","4.1"
"5736560","HCL Healthcare","492.0","4.6"
"125125191","Gators Web Solutions","",""
"124133846","Pooja Agencies","5.0","4.0"
"1935738","CMR Green Technologies","450.0","3.5"
"457117","Sterlite Technologies (STL)","2406.0","3.8"
"1992","Bahwan CyberTek","621.0","3.5"
"123837757","Arietis Healthtech International","13.0","3.6"
"47","Alembic Pharmaceuticals","3528.0","3.9"
"4869784","Pinnacle Capital Solutions","3.0","5.0"
"125124811","Dev Bhumi Builders And Developers","",""
"899704","Anderson Business Solutions","39.0","4.7"
"1024","RMSI Cropalytics","2052.0","3.6"
"124702250","People Source","",""
"451895","Pacific Global Solutions","130.0","3.3"
"1389052","Halonix Technologies","315.0","3.9"
"569759","Atria Convergence Technologies (ACT)","2370.0","3.9"
"4569266","CTR Manufacturing Industries","168.0","3.5"
"3714746","Propel Industries","249.0","3.8"
"613","Espire Infolabs","404.0","2.7"
"123604229","Hinduja Leyland Finance","1317.0","4.0"
"281115","Oceaneering International","319.0","4.0"
"125102465","Indo Green Solar","",""
"1717672","HIS Pumps And Systems","13.0","4.0"
"2864188","Star Health Insurance","2356.0","3.5"
"872208","Highlands Info Tech","54.0","4.4"
"2528","Integra Software Services","762.0","3.7"
"5004284","Skillsearch Management Consultant","",""
"834","Newgen ","1807.0","3.8"
"6936457","Emeraldera Agro","4.0","2.1"
"7140643","World Vision Vivaan","",""
"6430224","Bright River Mrc","14.0","3.2"
"4340066","Fine Acers Hotels And Resorts","",""
"4011564","Accord Management","33.0","3.1"
"3926524","Kia India","2082.0","4.0"
"701979","Meril","1012.0","3.6"
"124268862","Totale Global","18.0","4.3"
"4397084","Mahindra Accelo","136.0","3.5"
"3997680","Priniti Foods","73.0","3.0"
"124175230","Kiran Motors","121.0","3.8"
"5758132","Entri","128.0","3.7"
"1817454","Wartsila","282.0","4.1"
"3760158","Vertiv Group Corp","931.0","3.9"
"124190292","Meril","1012.0","3.6"
"792988","NXP Semiconductors","318.0","3.6"
"124893659","Godrej Industries","567.0","4.1"
"1827666","Indus Valley Partners","268.0","3.0"
"124366384","Quantum Strides","",""
"3998690","Halliburton","310.0","3.6"
"124796199","Hotel Janta Deluxe","",""
"2710958","The Judge Group","",""
"2414","Progressive Infotech","723.0","3.3"
"2270","Hilti","697.0","3.5"
"6521942","JM Financial","678.0","3.7"
"4721722","Ascend Capital Pvt. Ltd.","28.0","3.6"
"123855921","Ampluskey Consultancy","",""
"6452078","Orion It Services","13.0","3.4"
"5861276","Affinity Education","91.0","4.2"
"218319","Tata Communications","3784.0","4.0"
"5762","Fabindia","1226.0","3.9"
"338831","BERKOWITS HAIR & SKIN CLINIC","85.0","3.3"
"402","Eveready Industries","739.0","3.8"
"123686185","Dslr Technologies","9.0","2.5"
"4216128","Amber Enterprises India","678.0","3.9"
"3678906","Apex Hospitals Private Limited","181.0","3.8"
"14260","Symmetrical Global Search","",""
"961020","PI Industries","1710.0","3.9"
"124261094","Finbros Capital Advisory","19.0","3.0"
"4095338","Momentum","41.0","4.0"
"123590993","Yum! India","297.0","4.1"
"123776070","Coromandel International","1979.0","4.1"
"124091254","Steptrade Capital Private Limited","5.0","4.1"
"749897","Daikin Air-Conditioning India Pvt. Ltd","1949.0","4.1"
"5839928","Perfetti Van Melle","920.0","4.2"
"3714178","Wow Momo Foods","485.0","3.5"
"5566686","Karyarth Consultancy","",""
"5809654","RS Components & Controls","53.0","3.2"
"5063686","AFT Recruiters","",""
"1924738","Sharekhan","1280.0","3.7"
"3824056","Paper Vantage Point","22.0","2.1"
"3301230","B. Munjal  Co.","",""
"1009758","Wilson Drugs & Pharmaceuticals","",""
"1664986","Shri Ramswaroop Digital Technologies","77.0","3.4"
"124054934","RHI Magnesita","256.0","3.8"
"1023918","Mehta Hospital","21.0","4.3"
"123625523","Bhupindra Steel & Wire Industries","",""
"741406","Misha Infotech","48.0","2.8"
"2874270","Lakshya Recruitment & Hr Services","",""
"5884150","Info Way Solutions","26.0","3.9"
"123717711","Techforce Services","5.0","4.0"
"3172370","Invertis University","69.0","3.5"
"1642214","Glenmark Pharmaceuticals","3331.0","3.8"
"1863896","Mott Macdonald","695.0","4.1"
"763468","Stmicroelectronics","201.0","4.1"
"1642160","Expleo","505.0","3.5"
"424961","Geeken Seating Collection","47.0","4.0"
"729169","Ipca Laboratories Limited, Piparia (Silvassa)","3286.0","3.9"
"7020307","Eminence International","",""
"125076073","Sri Venkateswara Homes","",""
"5626576","Value Rcm Solutions","176.0","4.1"
"123795115","SURANA FASHIONS LLP","",""
"123779714","Orient Electric","782.0","3.6"
"125020643","Utharam Healthtech","",""
"5250058","Wiz Digital Services","10.0","3.5"
"6666","Kalpataru International","97.0","3.9"
"667075","Shree Guru Gobind Singh Tricentenary University (SGTU)","277.0","3.5"
"3776594","Maschio Gaspardo India Private Limited","170.0","3.7"
"1693278","Essilor","324.0","4.0"
"913450","Sumitomo Chemical","356.0","4.0"
"124159196","Tikona Infinet Pvt Ltd","913.0","3.5"
"125097989","Mudrax Capital Solutions","",""
"702127","Harita Techserv","",""
"2834802","Mudrax Capital Solutions","5.0","4.9"
"124718473","Aidant It Consulting Services Bangalore","",""
"59036","Intellics Global Services Mumbai","442.0","3.7"
"125087307","Sri Bhuvaneshwari Traders","",""
"947918","Grand Consultants","",""
"14078","Steel Strips Wheels","1345.0","3.7"
"518083","Shri Lakshmi Steel Suppliers","134.0","4.1"
"125006715","Starlink Qatar","20.0","3.7"
"1279896","Eugenics Management Services (p) Ltd.","",""
"4486550","Niveus Solution","135.0","3.6"
"124269552","Eminence Technology","43.0","4.2"
"123970781","Mehr Capital","",""
"1758240","India Nippon Electricals","395.0","3.8"
"124240454","GSV Polymers","12.0","3.7"
"3907152","OOMS INDIA","23.0","3.3"
"4913248","Ethics Development Support","",""
"124776651","Prafulved Infra","",""
"3682254","Buniyad Real Estate Services","35.0","4.2"
"34228","Sahajanand Laser Technology (SLTL)","185.0","3.3"
"7101761","Elekore Energy","",""
"5134338","ACUTAAS CHEMICALS LIMITED","156.0","3.7"
"1900696","Precise Testing Solution","18.0","2.8"
"6107332","Gapblue Software Labs","15.0","3.9"
"1073998","Gus Global Services","76.0","2.9"
"719011","Housing.com","632.0","3.6"
"124337010","Gear Inc","75.0","2.8"
"125097159","Kaneria Business Services","",""
"123648959","Ecaret Solution","4.0","4.9"
"3016486","Anshika Polysurf","65.0","3.8"
"701285","NIIT","1377.0","3.5"
"115815","Navia Markets","60.0","4.1"
"837109","Pyramid Human Resources Consultancy","",""
"123545079","Energy Electric Vehicles","18.0","4.2"
"5422456","BR Placements","",""
"5812796","Hyfun Foods","246.0","4.2"
"124709807","Windson Autolink","",""
"124495140","Eirec Talent","",""
"1038052","Siddhast Intellectual Property Innovations","",""
"123776860","Everrenew","70.0","3.8"
"1570888","MSC Technology","184.0","4.0"
"124659394","Grand Housing Chennai","",""
"1758024","Cct Digisol","43.0","2.8"
"137214","Xebia It Architects","887.0","3.2"
"123658743","M. R. Placement Services","",""
"124598046","Roop Namyang Steering Systems India Pvt Limited","",""
"2990884","Motion Education","177.0","3.3"
"238085","Next Education India","851.0","3.4"
"3440796","KOP Inc (Parent company) / WIT Management","31.0","4.0"
"4233038","Farsighted Systems","2.0","4.0"
"5668370","Waymore Recruiters","",""
"124092504","Cannyfore Technology Solutions","",""
"125112281","Magamor Foods","",""
"125112091","Powercube","2.0","4.9"
"574521","GSN Consulting","",""
"939460","bsl Placement","",""
"6615710","Injala","39.0","4.2"
"961858","Cynosure Corporate Solutions","",""
"123985532","Technosol Corporation","11.0","4.3"
"738837","iVenus","185.0","3.9"
"124006468","Iware Software Solutions","",""
"2457546","OrangeMantra","205.0","3.7"
"70471","Interarch Building Products","209.0","3.8"
"6744597","White Coat Consulting Services","",""
"334353","KNR Management","",""
"3850538","Fresca Foods","11.0","4.7"
"1369222","House Of Diagnostics","173.0","4.1"
"4151582","TVS Industrial & Logistics Parks","36.0","3.7"
"5638354","RKV Cargo Movers","11.0","3.1"
"6784051","Adani Hospitals","",""
"893168","LG Polymers","102.0","4.1"
"6126408","KJS Cement","292.0","3.7"
"5306756","MKS Vision","34.0","3.0"
"124606352","Candid Resourcing Partners","",""
"2863646","Outline Systems","103.0","3.9"
"2094470","Parul University","321.0","3.4"
"2196","Path Infotech","293.0","3.8"
"1005762","Spectra Technovision","117.0","3.5"
"903664","Vision Esteem","",""
"123678109","Knam Marketing","14.0","4.0"
"4210228","Pyramid Business Systems","2.0","5.0"
"4122532","Roundglass","68.0","3.2"
"5299000","Cancer Healer Centre","45.0","4.3"
"4787160","Canon Fasteners","20.0","2.3"
"1133916","Shalby Hospitals","564.0","4.2"
"124271324","Success Stories","",""
"124871623","VKND & Co Chartered Accountants","",""
"124561890","Solar Tech","2.0","5.0"
"1560976","Muthoot Housing Finance Company (MHFCL)","312.0","4.0"
"2740222","PCS","22.0","3.6"
"4935066","CIMET","33.0","3.9"
"4142968","Knowledge Spatial","",""
"546723","Porr & Sons","131.0","3.7"
"4664904","Relevantz Technology Services","187.0","3.8"
"125083361","Miri Piri Institute Of Medical Sciences  Research Charitable Trust (SPGC)","",""
"3665630","Pracemo Global Solutions","3.0","5.0"
"7149197","Opserv Global","5.0","3.1"
"4254488","Innovation & Automation","3.0","1.8"
"935388","Innofied Solution","82.0","4.1"
"124537872","Bathroom Bubbles Bpo Services India Private Limite D","",""
"5830372","Powermaster Torque Systems","",""
"1076596","Amanta Healthcare","154.0","4.2"
"124079772","Kansara Bearings","3.0","5.0"
"3421976","Kreston Snr Advisors Llp","7.0","3.9"
"6821813","Amh Services","105.0","2.2"
"88239","Polymed","734.0","3.6"
"322341","Tek1","10.0","3.9"
"5689734","Shoreline Healthcare Technologies","9.0","3.5"
"123693201","Ellkay Software","17.0","4.3"
"5160772","Bhagwan Mahaveer Cancer Hospital & Research Centre","84.0","3.8"
"717987","Lennox India Technology Centre (LITC)","151.0","3.6"
"6700165","School Of Excellence","6.0","3.6"
"3164962","Pressfit","120.0","4.0"
"124846161","First Lease","2.0","5.0"
"980194","Kripya Engineering","13.0","4.3"
"124918189","Rise Hydroponics","",""
"6648283","Mahajan Imaging","23.0","4.5"
"1029594","Torque Pharmaceuticals","192.0","3.7"
"14657","NOVAC","705.0","3.7"
"1097460","Aban Constructions","5.0","4.9"
"6373126","Mars Planning & Engineering Services","167.0","4.0"
"1287866","Highly Electrical Appliances India","104.0","3.5"
"1751990","Tatvic Analytics","71.0","2.7"
"265476","Rama Medical College Hospital & Research Centre","9.0","3.1"
"707393","Icpa Health Products","207.0","3.5"
"833167","G R Infraprojects","1725.0","4.2"
"6287244","Exotic Mile","135.0","3.8"
"304745","Rahee Track Technologies Pvt. Ltd","330.0","4.1"
"4663720","REISE MITAS TIRES (A Mahansaria Group & Yokohama TWS partnership company)","104.0","3.3"
"915692","Expleo","505.0","3.5"
"5298942","V.R.Talenthunters","",""
"820278","Anil D Souza Associates","12.0","3.5"
"2013710","Effective Teleservices","373.0","3.7"
"210814","BMM ISPAT","374.0","3.9"
"6435230","Southern Trading Co","8.0","3.0"
"4414032","Pandaje Web Services","46.0","4.1"
"593369","Velocity Software Solutions","56.0","4.4"
"632285"," KIMS Alshifa Super Specialty Hospital ","24.0","4.2"
"842067","APL Apollo Tubes","526.0","4.1"
"6931391","Vision Industrial Product","",""
"124765495","Axis Bank","",""
"6041406","United Control Engineers","35.0","4.3"
"124333340","Ekarth Ventures","5.0","1.5"
"4218912","Hyperdart Technologies","",""
"4184","J Mitra And Co","184.0","3.9"
"6968105","TajSATS","264.0","4.0"
"167976","Paras Health","2377.0","4.1"
"5009208","Digital Banjara Media","4.0","3.9"
"972014","SAMRIDDHI IMPEX","",""
"5366254","Onebanc Technologies","146.0","4.8"
"4150160","OneXtel Limited","30.0","4.1"
"2108592","La Renon Healthcare","192.0","4.1"
"976336","Sunrise Enterprises","",""
"1559124","Jaguar Security Services","290.0","4.4"
"395827","Livasa Hospitals","14.0","2.8"
"125045105","Icebergs","",""
"3523378","Smart Lion","",""
"124175492","TOPSEL TOYOTA","143.0","3.9"
"3650114","Impac","",""
"6497370","Arise Iip India","61.0","3.6"
"124632514","Money Forward India Pvt Ltd","",""
"12226","SGS India","1844.0","3.8"
"4250742","Sketchcom Engineering & Design","",""
"124223800","Modelama Exports","143.0","4.0"
"3249968","Tirumala Milk Products","369.0","4.1"
"6598818","Surface Paints","40.0","4.6"
"5461852","Ruban Memorial Hospital","108.0","3.8"
"123853229","G Plast","103.0","3.6"
"1130036","Kellton","439.0","2.8"
"3993678","Sterlite Power","653.0","4.0"
"2081830","Signity Software Solutions","102.0","4.3"
"1921196","Burndy","33.0","4.2"
"2461978","Shri Venkateshwara University","105.0","3.5"
"124299172","Tribastion Technologies","4.0","2.3"
"740719","Kandhari Beverages","424.0","3.7"
"20951","Midland Credit Management India Private Limited","8.0","2.1"
"2493788","Unique Aqua Systems Chemical Industries","4.0","1.3"
"124149386","Agnis Bullion House","18.0","2.4"
"4171988","Glenninfo Techindia","3.0","3.8"
"477833","Hexagon Nutrition","394.0","4.0"
"124401272","Betterbeans Consultants","",""
"123911029","Evaluable Infoserve","4.0","5.0"
"124791727","FULL CHAIN ELECTRONICS MATERIALS INTERNATIONAL INDIA PRIVATE LIMITED","",""
"123596329","Benovymed Healthcare Private Ltd","",""
"123597023","Steerlean","3.0","4.2"
"125141769","National Laboratories","6.0","3.5"
"124534000","Hudson Rpo (india)","",""
"125141475","Proserv India Oil  Gas Solutions Llp","",""
"124240862","Avisoft","",""
"123597013","Sportism","",""
"125141493","Infinia Energy Solutions Llp","",""
"124783905","IQS(Integrated Quality Solutions","",""
"124757617","Versent Systems","",""
"125141445","Lexcru Water Tech Pvt.  Ltd","30.0","3.6"
"2806840","Greenline Management Consultants Pvt. Ltd.","",""
"124980475","IT Pulse","",""
"125141195","Katyayani Yashi Services","",""
"123909337","M R Electricals","11.0","4.5"
"123869927","Rajyog International","12.0","2.2"
"124139566","Greenfinch Global Consulting","8.0","4.2"
"2902562","India Health Action Trust(IHAT)","86.0","4.3"
"4501786","Antino Labs","163.0","2.7"
"2356516","Christian Medical College (CMC)","360.0","4.1"
"3867812","Orchid Shipping","16.0","2.7"
"2643576","PUSHPAGIRI Medical College Hospital","40.0","4.2"
"1877362","Cogniter Technologies","179.0","3.4"
"3733260","Mutha Founders","7.0","3.6"
"3865002","alfanar","371.0","4.0"
"5928982","Jubilant Biosys","350.0","3.6"
"3596960","Shipsy","134.0","4.3"
"5359836","Ascent24 Technologies","9.0","4.6"
"4893714","Dvrtta","",""
"4931766","Posimyth Innovations","2.0","4.5"
"3607938","Aman Group","",""
"4172614","Patra India Bpo Services","1049.0","3.6"
"3865850","Rodic Consultants","747.0","4.2"
"1896198","Profit By Outsourcing","",""
"6200304","Cbts","126.0","3.9"
"5662152","Skylink Fibernet","36.0","2.9"
"4074152","Simpplr Software India","45.0","3.4"
"3883648","RGB Webtech","",""
"125124275","Niraj Public School","16.0","3.6"
"125104375","Adi Shankara Institute Of Engineering And Technology Kalady","7.0","3.5"
"125133365","Karnavati Groups","",""
"125131275","Diamond Flanges Fittings","",""
"124651494","Invest Gold General Finance","",""
"124600912","Pr Ecoenergy","9.0","2.6"
"124476182","Nandadeep Eye Hospital","11.0","3.1"
"125131447","Microne Industries","9.0","4.3"
"124840017","All Care Therapies","",""
"124395878","Nord Anglia Education","10.0","3.7"
"123980215","Kandiga Consultancy Services","",""
"125133371","Govind Kripa Infra Projects","",""
"125132389","Cssplayer It Solutions","2.0","2.8"
"124825657","R Consulting (r Edge)","",""
"124594104","T.EN GLOBAL BUSINESS SERVICES PRIVATE LIMITED","6.0","3.8"
"124341192","Dhanalakshmi Hire Purchase & Leasing","11.0","3.7"
"124129726","Eneos Tide Water Lubricants","9.0","3.8"
"124028732","Amh Services","105.0","2.2"
"123903853","The Hans Foundation (THF)","309.0","4.2"
"123728485","Gokhana","45.0","3.7"
"124546632","National Australia Bank (NAB)","398.0","3.0"
"125133357","Iwwage","",""
"124910481","Justlife","",""
"2608428","Forcepoint LLC.","92.0","2.9"
"2523772","Rotork Instruments","130.0","3.3"
"2252154","Hatch","38.0","4.4"
"1840680","Lakshya Digital","98.0","4.0"
"124564810","Mycpe","4.0","3.1"
"124456800","OCEANIC e store","4.0","4.5"
"1642210","Maruti True Value","8190.0","4.1"
"124404964","Cybix","16.0","4.1"
"124286028","Cowi","195.0","4.0"
"4926138","SE2","91.0","3.3"
"4799902","Mssrf","4.0","4.9"
"123811453","Procain Consulting & Services","7.0","3.0"
"3909122","SUGUNA PUMPS & MOTORS","5.0","3.8"
"123697753","Neetdeep Group","3.0","2.4"
"3678668","Techpro Engineers","12.0","2.4"
"3595374","Netcore Cloud","307.0","4.1"
"3582888","Alight","472.0","3.4"
"3436500","Flixstock","86.0","2.4"
"123604037","Etmoney","37.0","4.0"
"123580377","ViralChilly: Create","",""
"123482525","Fyerx","8.0","4.7"
"7110857","FNZ Group","81.0","3.5"
"7070259","Vensure","188.0","3.9"
"2258370","Ginesys","248.0","3.8"
"1962826","Sourcefuse Technologies","132.0","3.3"
"5508066","Paladin","",""
"5507582","Guidehouse","821.0","3.7"
"2611588","Supercfo Advisory Services","",""
"1393962","CoverWallet","1379.0","3.8"
"1959156","Akanksha Foundation","95.0","3.7"
"1897608","OrangeMantra","205.0","3.7"
"1886316","Dishman Carbogen Amcis","542.0","3.6"
"6594720","Team Interval","75.0","4.5"
"5538376","Virtual Binz","29.0","4.9"
"5399648","Verify","2.0","4.9"
"1837318","Flexsin Technologies","120.0","3.0"
"1807890","Dorman Products India","6.0","4.5"
"1807028","Quickplay Media","19.0","2.8"
"1790310","Master Software Solutions","11.0","2.3"
"125131307","Clients Now","",""
"124617104","Knack Rcm","374.0","3.0"
"124527000","Hash Agile Technologies","11.0","4.1"
"124461424","Cengage Group","5.0","3.5"
"124460872","Clickforge","8.0","3.3"
"124457038","Sustainiam","7.0","4.9"
"124418584","Cenduit India Services","67.0","4.5"
"124354288","Rayzon Solar","59.0","4.4"
"124313372","Baldwin Technology","",""
"124286696","Aloola","14.0","4.5"
"124190332","Level Ai","8.0","3.3"
"124030490","Metaapply","50.0","3.6"
"123921313","Super Scholar","14.0","3.2"
"123920967","Shrmsap","",""
"123774572","Trimble Applanix","",""
"123750475","Study Group","56.0","3.2"
"123692737","I-Net Secure Labs(I-NET CSC)","26.0","4.7"
"123573089","Level Ai","8.0","3.3"
"7140987","Shyftlabs","14.0","2.4"
"6784267","Appy Pie","125.0","4.0"
"6318552","Dario Health Services","12.0","3.3"
"5931914","Solvios Technology","7.0","4.3"
"5275512","Resistoflex","38.0","3.4"
"4896286","Swamy's School","2.0","3.0"
"4807814","SES Global Technology Services","4.0","5.0"
"4361206","Wika Instruments India","256.0","4.0"
"2607472","ChargePoint, Pvt. Ltd.","30.0","3.5"
"2258192","Adsparx","",""
"2252166","Vedam Design Technical Consultancy Pvt Ltd.","52.0","3.6"
"1971582","NineHertz","55.0","3.9"
"1961156","Kovaico","",""
"1932122","Binary Republik","17.0","3.4"
"1893022","Wildnet Technologies","87.0","4.1"
"5522078","Blurn","",""
"125043059","Orbit Project Consultant","2.0","3.0"
"123960415","Bn Agritech","",""
"124128988","Cbayexpress Technologies","",""
"124777159","Housetalk Design Services","",""
"124175190","Vikingcloud","27.0","4.4"
"6974163","RM Ventures India Pvt. Ltd.","2.0","3.8"
"510579","Hays","323.0","3.4"
"199403","Emaar India","494.0","3.6"
"1988660","Aakaar Medical Technologies Limited","26.0","3.5"
"125142145","Quampetence","99.0","2.9"
"124383490","Tough Glaze","",""
"124437496","Media Wonderz","",""
"5707174","Ismedu Software Solutions","2.0","4.5"
"6640224","Thought Circuits Services","32.0","4.5"
"4169656","HYT Engineering","374.0","3.3"
"124879367","Pistis It Services","",""
"3520342","Medhaj Techno Concept (MTCPL)","826.0","3.9"
"1810306","Masin","27.0","3.5"
"124953035","Kisam Enterprises","",""
"115921","Vihita Bio","4.0","3.7"
"49314","Ace Recruitment Placement Consultants","",""
"124072788","Astranova Mobility","21.0","2.8"
"125135121","Nationwide Movers Ltd","",""
"1122704","Vakilsearch","221.0","3.2"
"125077881","TARGET89 ","5.0","4.5"
"123859951","Fintech Blue Solutions","60.0","3.7"
"4402478","Amnex","264.0","3.9"
"124445844","Jeyasorna Agro Tech","",""
"125048727","Kooz Advisors And Technologies","",""
"1225092","Capri Global Capital (CGCL)","1542.0","3.6"
"125141943","Swami Samarth Trading","",""
"124125568","Mayfair Lighting Llp","2.0","5.0"
"124415756","Greenworth Wellness Llp","",""
"124655170","Employee Relations Associates Technology Private L Imited","",""
"125140369","KR Core Services","",""
"6956745","Thinkersteps Technologies","10.0","3.8"
"125142077","JH & Co","5.0","3.7"
"96945","Infinity Exists","",""
"125123631","Vipratech","",""
"124452836","Symconverge","",""
"125105117","Proguide","",""
"5852130","Gocomet","84.0","4.6"
"123574321","First Resource","",""
"251250","Icresset","",""
"833253","Verto Bizserv","",""
"6219666","Cloudsufi","47.0","3.2"
"125142047","Team Royal Intelligence Security And Consultancy Services","",""
"2327822","Mpower Edupreneurs","",""
"4025160","Yanolja Cloud Solution","3.0","4.6"
"113161","MAS Financial Services","758.0","3.7"
"124890401","EIT Automation","",""
"125130607","Confident 32","",""
"1286236","Highrise Management","",""
"4905566","Sunstone Eduversity","372.0","3.7"
"19807","Gujarat Infrapipes","55.0","3.3"
"125141207","Prime Time Enterprises","",""
"123737209","Ally Integrated Solutions","",""
"124142888","Elite Digital Logistics","7.0","3.3"
"123971091","Uv Stacks Logistics","6.0","4.6"
"125142031","Marty India Equipments","",""
"3426028","Nijji Healthcare","109.0","4.3"
"5169900","Emperor Traveline","2.0","3.0"
"124897951","Junigadi","",""
"124072884","Atharva Organisation","2.0","5.0"
"2494046","TekWissen","1203.0","4.8"
"944474","V Surender","9.0","2.1"
"125142007","Epic Prop Ventures","",""
"4677258","Srimathi Sundaravalli Memorial School","15.0","4.9"
"4398914","Paladin Organisation","53.0","3.5"
"4259918","Mapsko Builders","63.0","4.1"
"4217488","TPS Consultants","",""
"827141","Inchcape Shipping Services","188.0","3.3"
"5303932","EXL","8028.0","3.6"
"6994375","B2B Travel Agency","32.0","4.2"
"1499322","Congruent ","29.0","4.6"
"123995922","Avant Garde Technologies (AGTS)","",""
"161658","V Konnect ","",""
"4753424","Trinity Consulting Services","",""
"5543946","Panakoshr Consulting","",""
"479","Golden Peakock Overseas","61.0","4.4"
"125137081","Balakrishnan Nagarajan","",""
"125139217","Dhingra Brothersindia","",""
"1382","Windows Consultants","",""
"124048878","Growthlabs Innovators","",""
"125104559","Smartkids India Innovations","3.0","3.7"
"1094144","Mafatlal Industries","163.0","3.7"
"444285","Softlogique It Solutions","",""
"123815163","Berico Sales & Services Pvt Ltd","5.0","4.9"
"125141881","Haresh Babulal  Chordia","",""
"125112737","Zarc Cooling Solutions (zita  Company)","",""
"6152420","Image Infosystems","64.0","2.4"
"125141839","Monocraft Forge And Machining","4.0","2.6"
"125132769","Freelancer- Priyanga","",""
"6972399","Smart Vision Consultancy Services","",""
"124036282","Aelius Consultants Delhi","",""
"5343322","Jeena Sikho Lifecare","216.0","4.2"
"125141893","Ogfs Business Service","",""
"123461793","Cosmos Pumps Pvt.Ltd.","11.0","3.6"
"557623","Diverse Lynx","359.0","3.5"
"628447","Realistic Realtors","85.0","3.8"
"456147","Sparksupport Infotech","10.0","4.2"
"1477288","Bean Hr Consulting","",""
"3435724","Jayvin Management Systems And Solutions","",""
"7031703","Dineshchandra R Agarwal Infracon","653.0","4.1"
"6021302","Sharayu Hyundai","99.0","4.3"
"3960072","Consern Pharma","82.0","3.8"
"124519132","Signature Work Abroad","",""
"5709990","GNV Commodities","18.0","3.2"
"124048900","N.r. Manpower Solution","",""
"125141813","Mafs","993.0","3.9"
"124230570","Autometers Energitec","10.0","4.8"
"125105019","Intelid India","",""
"1966584","Computronics","57.0","4.1"
"124386072","Royal Enterprise","40.0","4.0"
"125128689","Somans Leisure Tours India","",""
"125054611","Ambrai Hospitality Llp","",""
"67349","Sysfol Enterprises","",""
"123739959","Finyes Consulting","",""
"5627674","TechRBM","80.0","4.4"
"3765236","Cafyo Management Solution","",""
"124034322","Sigma Rail Systems","16.0","2.3"
"2376186","Savita Oil Technologies","190.0","4.1"
"125141865","Foreign Dreams Overseas","",""
"29644","Jakson Group","1144.0","4.2"
"5576244","Geojit","564.0","3.5"
"4864448","Nivagen Pharma (india)","10.0","2.7"
"124310710","Calcutta Springs","46.0","2.0"
"6205146","Physicswallah","2130.0","3.6"
"1853","Compunnel","22.0","2.4"
"6740643","Toolsvilla","81.0","3.4"
"5659878","Webvio Technologies","159.0","4.3"
"6103614","Anveshan","",""
"124607082","Affival","4.0","3.4"
"125134553","C.B. Enterprises","",""
"125141847","Schedio Scientific Pvt Ltd","",""
"5534548","Human Resource Society","",""
"125141843","GO ALKA PVT LTD","",""
"988940","Artemis Medicare","330.0","4.2"
"123636531","PM Publishers","38.0","2.9"
"5043240","Megamax Services","93.0","4.4"
"5679342","Petroexcel Technology Services","142.0","3.5"
"4392126","The Millennium School ( Part Of Richmond Education  Al Society)","154.0","3.9"
"124005214","Udhayretech Systems","2.0","1.0"
"6351742","Fyntax Bizex Llp","",""
"2599360","Source Desk Global","121.0","4.4"
"7026083","Blue Horse Education","",""
"603531","India Pesticides","177.0","3.9"
"123779554","Sisir Radar","2.0","2.8"
"3387460","The Global Zone","",""
"2242996","mastertrust","69.0","3.4"
"124803097","Exclusive Vision Broadcast","",""
"57253","Apogee Services","",""
"125141777","Indi Loan Bazaar","",""
"124939067","Job World","",""
"124897923","Foerster India Pvt. Ltd ","22.0","3.2"
"6420522","Kshema General Insurance","107.0","3.7"
"16591","Tkil","982.0","4.1"
"124148226","Tesla Safetech","2.0","5.0"
"1035696","Exemplar Global","",""
"4559854","Integron Project Solutions","3.0","3.7"
"2839660","Saffron Tech","",""
"827889","Abdos Oil","80.0","2.9"
"123648589","Noida Institute of Engineering & Technology (NIET)","55.0","3.9"
"6109348","Universal Technology Services","13.0","3.3"
"125069673","Spgp Global","",""
"6544956","Eduitalent Co.","",""
"4303000","Prashanth Hospitals","4.0","4.9"
"3969938","Net Impact Solutions","102.0","3.5"
"68771","Pentair","107.0","4.0"
"124545076","Shiva Texyarn","79.0","3.9"
"6287392","Gyandhara Industries","28.0","3.7"
"123678229","Precision Equipments","70.0","3.9"
"124175030","Customs Wise India","",""
"125134241","NRM Analytix","",""
"510603","Login Consultancy Com","",""
"17527","Samridhi","",""
"4420504","Wall Street English","17.0","4.1"
"124272556","Mpowerment Resources","",""
"1261642","Dalal Engineering","20.0","3.9"
"7018059","Scientechnic","13.0","3.9"
"6459516","Cloud Angles Digital Transformation","14.0","3.1"
"123719279","Magnit Global","",""
"125035881","Warjri Consumer Products Llp","",""
"758225","High Street Essentials","147.0","3.8"
"125141711","Unipower Technologies","",""
"4693686","Deccan Sales And Service","80.0","4.2"
"24465","Usha Martin","425.0","3.9"
"125141097","Webingo Infotech Solutions Llp","27.0","4.0"
"124788073","Firstbliss Enterprises","",""
"125129973","7294803574 Mobile User","",""
"855754","ProProfs","111.0","3.7"
"123853399","Vidyog Information Technology Services","",""
"1714184","Flexus Soft Services","",""
"125141679","Oasis Ceramics","5.0","3.9"
"2175206","Stallion Laboratories","99.0","3.1"
"123723625","Zappyhire","4.0","4.5"
"978346","GMR Airport Limited- Delhi Duty Free Division","276.0","3.9"
"5971666","Immersive Technologies","8.0","2.1"
"125118907","Stellmedia Tech Ventures","2.0","5.0"
"124922553","Adople Ai","4.0","4.0"
"124567670","K.D. Motors Org","",""
"831445","Jindal Intellicom","1233.0","3.6"
"125141637","lalitjoshi@magnettutorials.com","",""
"125081927","3 Brothers Agri Export Pvt. ltd","",""
"124050224","Royal Green Realty","11.0","3.9"
"4939162","Icl Fincorp","162.0","3.3"
"124582262","Taluncrunch Advisory Llp","",""
"124770309","Sarah Exim","",""
"2622458","Success Vibrant Hr & Pr Solutions","",""
"123678703","HYZ Ventures Intl","",""
"5313120","Newbie Soft Solutions","23.0","4.3"
"2204246","Dzinexus Studio","",""
"6394518","Dgtlmart Technologies","18.0","4.1"
"123510449","Chanderpur Works","54.0","3.8"
"713667","Kg Foundations","40.0","4.1"
"123960865","3across","",""
"124993785","Staples India Business Innovation Hub Private Limited","",""
"3506660","Digient Technologies","69.0","4.3"
"125141513","Skion Educare","",""
"1004458","Azilen","84.0","3.3"
"124704572","Hiring Saathi","",""
"1345254","Guardian life","787.0","3.8"
"479715","Gujarat Heavy Chemicals (GHCL)","448.0","3.8"
"6408600","Allied Steel Traders","",""
"125123769","Delights Marketing Solutions","",""
"123667289","Pradhan Relocations","5.0","1.9"
"124122214","sasteghar.com","7.0","4.4"
"5183358","Systrust Solutions Private Ltd","",""
"730469","GSPANN","497.0","4.1"
"124763233","GD Goenka Group","",""
"123712373","Kiranotech","2.0","4.9"
"4335158","Winjit Technologies","231.0","3.5"
"1301412","Harsh Engineering","9.0","4.0"
"124506896","Hira Home","",""
"125126655","Poddar Udyog Limited","",""
"43673","L&T Technology Services (LTTS)","21514.0","3.9"
"125140753","Hashpixel Studios","",""
"2473424","Bankers IVF","1013.0","4.0"
"123798627","Skyline","25.0","3.7"
"125141589","Prashant Enterprises","4.0","3.5"
"2840482","Trueblue","",""
"6327128","App Technology","",""
"4765230","Patra Corp","1049.0","3.6"
"125054435","AH Automotives","",""
"125037077","Yantros India","",""
"2876358","Clirnet Services","125.0","2.9"
"124368764","Aerolens","",""
"6865035","Vansun Mediatech","15.0","3.4"
"4246500","DIN Engineering Services (DIN)","154.0","3.8"
"125141563","Propfront Technologies","",""
"904242","Indus Flavour","15.0","2.5"
"125141543","Open Mind Services","52.0","4.4"
"124658030","Ece Industries Limited","138.0","3.4"
"39017","Premier Consultants","",""
"5066032","Adlite Electricals","17.0","4.1"
"1264410","Thinksys Software","151.0","3.6"
"124119380","Repco Home Finance","347.0","3.7"
"3429572","Snappyhire","",""
"898016","OCS Services","112.0","4.4"
"123492089","Elevado Softwares","",""
"6206050","Alfa Destinations Marketing","",""
"124948823","Neartekpod Technologies India","",""
"154246","Cue For Good Solutions","2.0","5.0"
"123881943","Reign Recruitz Solutions Imited","",""
"123970701","Positive Metering Pumps","26.0","2.6"
"124577192","Skyvo Technologies","2.0","5.0"
"124668968","Orthomax Mfg Co","",""
"2511548","New Korba Hospital","10.0","4.5"
"4428302","Delta Autocorp","27.0","3.8"
"125141135","Kalyani Health Plus","",""
"5739696","Hailstone Innovations","108.0","3.7"
"2503392","Otsuka Pharmaceutical","456.0","4.1"
"3542316","Bcforward","",""
"125109649","Book Your Keys","",""
"124575012","Solitaire Global","",""
"124375814","Prudent Partners Llp","3.0","2.3"
"1493076","Shree Vasu Logistics","133.0","3.2"
"755097","Karomi Technology","43.0","3.6"
"125141467","Electoai Analytics Magnifier","",""
"100874","Creamy Foods","244.0","3.7"
"125141447","Vectra Mechnovations","",""
"5994244","Hirva Hr Solutions","",""
"125087815","Unimarks Legal","",""
"3543310","Chakr Innovation","193.0","3.2"
"1207","TalentAhead","",""
"124562272","Frevolt Green Energy Technologies","",""
"1488656","ARK Infosolutions","132.0","3.9"
"123865181","Par Enterprises","26.0","4.0"
"125141225","Critimak Formulations","",""
"124455964","Vivek Pharmachem PVT Limited","6.0","4.2"
"125079583","Avanti Institute Of Cardiology","10.0","4.9"
"3269010","Nexg Apparels","10.0","3.0"
"123781482","SAEL Industries Limited","344.0","3.8"
"125139757","Scholiv Education","",""
"125141373","Babu A. Kallivayalil & Co.","",""
"835607","Metaflex Doors India","40.0","4.1"
"3178034","Innovatiview","362.0","4.1"
"123677341","Byte Digital Solution","",""
"642221","iOPEX","1460.0","3.4"
"123912273","SSR Marine Services","8.0","3.7"
"7099327","Neuranics Lab","",""
"124982975","Vinson Logistics","6.0","4.6"
"150352","Dalmia Cement","65.0","4.5"
"5739590","Vidarbha Housekeeping Solution","",""
"530713","Flipkart Logistics Instakart services Pvt.Ltd.","11933.0","3.9"
"124613810","Kumbayah Foods","",""
"125104079","Durar Web Solutions","2.0","4.2"
"1711430","Ablehunt Consulting","",""
"7150203","Fhrm","47.0","3.7"
"4570728","RS Software","142.0","3.7"
"125052291","Viya Design","4.0","2.4"
"123830673","Moody International India","1130.0","3.7"
"7140511","Maxemo Capital Services","9.0","3.4"
"124745671","Esse Dew","",""
"123800451","Vedapro","",""
"124511312","Talent Campuss","",""
"124064036","Convatec","42.0","3.1"
"6797047","T3cogno","",""
"4863386","Naveen Jain Metal Udhyog","4.0","1.1"
"2438128","Sun Consultants","",""
"5256820","Steady Rabbit","14.0","4.7"
"123515319","Avasara Consulting","",""
"124788471","Dipak Kumar Sharma","",""
"123908661","Preet Brothers","28.0","3.3"
"125056635","Swarajya Healthcare Recruitment","",""
"4402148","Viva Composite Panel","262.0","4.5"
"124708245","Ideal Prepaid India","17.0","3.0"
"124982855","Nursing Station Health Care ,","",""
"5169334","Twelve I Consultant","",""
"124973323","Versatile","",""
"4962350","Effivity Technologies","7.0","4.3"
"125141247","Moneymentor Wealth Management","",""
"4417106","G M Engineering","26.0","3.6"
"124926035","Insakal Services","8.0","3.9"
"125141283","Nurture And Peace Foundation","",""
"4626744","BIBA Fashion Ltd","13.0","3.7"
"4694634","Global Fpo","",""
"125140343","APK Aquatech","",""
"1386150","Mobolutions","61.0","3.8"
"125088431","Rajalakshmi","5.0","2.2"
"4147298","Sv Creditline","216.0","3.7"
"3713148","Factentry Data Solutions","48.0","3.3"
"124699284","Totalika Sustainable Management Systems Llp","",""
"123698721","Fullstack Education","",""
"429","Fena","483.0","4.1"
"6275538","Zapminati","17.0","2.9"
"123894133","Skill Hub","",""
"125141139","HRH Next","638.0","3.0"
"125141281","Sarvin Supplies Llp","",""
"125119495","Enigoal Startup Advisory","",""
"1757630","Posimind","",""
"124135224","World Peace School ","",""
"532","Iquest Management Consultants","",""
"6837113","Vasal Educational Society","5.0","2.6"
"383361","Ambience Group","132.0","3.6"
"1485246","Adityaram Properties","23.0","3.2"
"123571165","ABP Management Services","",""
"1021138","Spark Minda","1925.0","3.9"
"125141197","Crossbow Trading Company","",""
"124658614","RD Hospital","",""
"124043262","IT By Design","276.0","3.3"
"202","Careerist Management Consultants","",""
"124874413","Impleton","",""
"3639834","Indifoss Analytical","56.0","3.7"
"123929053","AA Enterprises","",""
"125141165","ScaleSage.in","",""
"124563764","Kajla Santa Poly","4.0","4.7"
"125141103","Catlabs","",""
"1123830","Renew","1402.0","4.3"
"125135951","Sypa Iicpr","",""
"125141153","Sharpassets Consultancy","",""
"123758347","Shanthi Gears Limited","995.0","3.8"
"4425534","Leom International","",""
"125141143","Power Control Systems","12.0","3.7"
"123930137","Pripton Innovations","3.0","4.4"
"123460911","Digivibrant Techsolutions","",""
"124321900","Amty Global","",""
"125141159","Codeneva Consulting Services","",""
"124513726","Stockyaari Technologies","",""
"1773078","Frank Institute Of Medical Sciences","",""
"6719909","Medwise Overseas","20.0","4.3"
"124202330","Rajkot Aayush Hospital","",""
"6018680","Implementers Retail India","4.0","4.6"
"125134689","Propedge Realty","3.0","4.0"
"5884862","Malodia Business Coaching","30.0","3.3"
"745989","Mainee Steel Works","28.0","3.7"
"125094841","PROTON STUDY CENTER","",""
"246406","TURCK","19.0","3.2"
"124167342","Growbiz Solutions","",""
"123996078","Hiringtales Llp","",""
"755135","Kosamattam finance","249.0","3.6"
"123757451","Shri Raj Construction","4.0","4.3"
"2101082","Mouri Tech","788.0","3.6"
"124552838","Mannat Home Estate","",""
"125042359","Blackfrog Technologies","5.0","3.4"
"62994","CPM","281.0","4.1"
"1069688","Fastech S&s India","",""
"5581004","Suntek Axpress India Limited","64.0","3.5"
"17246","Roots Group of Companies","202.0","4.1"
"125125459","BNK Realtor","",""
"125140927","Amrutha Ayurveda And Siddha Hospital","",""
"2442716","Transsion","666.0","3.9"
"123794845","Target Hydrautech","2.0","3.0"
"5237724","Codeviser","",""
"125104177","hr@theprominds.com","",""
"67263","Tynor Orthotics","152.0","3.5"
"4356008","LAXMI INDIA FINANCE","167.0","3.8"
"124576538","Prudence Group Of Institutions","",""
"124381728","Delivede Tamilnadu","",""
"125141029","ORVO Co.","",""
"1256","The Search House","",""
"1013240","Edubridge Learning","780.0","4.0"
"2540384","Honda Logistics","434.0","3.7"
"226657","See & Recruit","",""
"5880302","Xforia Technologies","",""
"124133318","Aatral Hr Consulting","",""
"6482678","Ideaspromo Solutions","",""
"6570966","WTP Cost Management","66.0","3.7"
"3915126","Neuronimbus Software Services","73.0","4.3"
"4009826","Emperium re","2.0","5.0"
"3","Anthroplace Consulting","",""
"125099363","Morepankh  Diamonds","",""
"125140917","Zynitha Digital Marketing Agency","",""
"4259680","Paracoat Products","142.0","3.6"
"2828836","Evolutyz It Services","76.0","4.3"
"124483330","Rayzon Solar","59.0","4.4"
"3934794","Competitors View","",""
"125121359","Astrologer Mahesh Mankar","",""
"123558495","Pivotdive","",""
"5736814","DGB Training And Consulting","6.0","1.9"
"124311200","Med-metrix","19.0","2.7"
"124161846","Bluejay Travels","",""
"124342346","Maxwell Opportunities Thrissur","",""
"124058494","Babcock Power","2.0","4.2"
"6306998","La Sirene Exim","3.0","3.6"
"7111675","Bros Labs","7.0","3.5"
"6200006","Webrins  Technologies","",""
"4369258","Irdeto","3.0","1.5"
"125132275","Sunce Renewables","8.0","4.6"
"124695166","Hasna Technology","4.0","3.2"
"2046754","Sruthi Total Hr Solutions","",""
"7013631","Govel Trust","",""
"3624590","Corporate Concepts","6.0","3.8"
"124909901","ACE Renewtech Engineering","3.0","4.5"
"5615780","Statusneo Technology Consulting","290.0","3.9"
"125140865","Travelholic guide","",""
"125118183","Studio Habitect","",""
"1762728","Bct Consulting","",""
"123528191","Girnar Insurance Brokers","515.0","3.6"
"123898843","Trehan IRIS","3.0","4.9"
"5066488","Prayastech","",""
"3075762","Focus Point Career Solution","",""
"124470900","Apnewala","",""
"125140859","Indowest study & immigration pvt. Ltd","",""
"4789256","Doctors Door Health Care Staffing And Consultant","",""
"125120937","Prabhu Sales","",""
"1330978","Smart Call Center Solutions","135.0","3.2"
"5357484","Trangile Services","69.0","3.7"
"123554793","Vrb Consumer Products","342.0","4.2"
"1110248","Tex Corp","114.0","3.7"
"6504662","Shanmuga Hospital","11.0","3.7"
"123558809","Mettle Minds","10.0","4.2"
"451609","Corrtech International","168.0","3.6"
"88747","Amrutha Business Solution","",""
"123830133","Migrate Medico","",""
"124392894","Aigiri Jewels Com","",""
"4972758","Aventar Placements","",""
"1124506","Alten","877.0","3.6"
"4012838","Pitson Transmission Technologies","4.0","4.1"
"124850085","Adhrrit Engineering","",""
"124962143","Thanima Farm Life","",""
"124277694","Deevia Software India","",""
"732325","Core Integra Consulting Services","",""
"1023482","Amiable Services","",""
"303569","Schott Poonawalla","205.0","3.6"
"4625004","Chandigarh Group Of Colleges Landran Mohali","239.0","3.6"
"122495","Infoaxon Technologies","55.0","2.9"
"3117046","Sysarc Infomatix","136.0","3.5"
"123590229","Trashcon","12.0","2.8"
"82226","PureSoftware Pvt Ltd","532.0","3.0"
"6450972","Raudra Engineering","51.0","3.0"
"123559867","Greenhrm Solutions","",""
"124081512","Kobus Logistics","",""
"123460921","G Joseph & Associates","",""
"4688498","VS Trans Lojistik LTD","15.0","3.2"
"123551029","Hikom International LLP","",""
"6685917","XPO Hr","",""
"125124645","Trilok Nath Immigration Services","",""
"6740703","Vsap & Company","4.0","4.1"
"804128","Bpo Integra","27.0","3.1"
"124876809","Aero Homes Infra","",""
"125140183","SIP Abacus Thiruvanmiyur","",""
"125133267","Sales Hub","",""
"5260256","Boston Business Solutions","",""
"124475998","Sree","",""
"680487","Career Inn","",""
"742975","Hubert Enviro Care Systems","107.0","3.2"
"125140667","Rahamath City Developers","",""
"124592288","Helios stone surfaces","",""
"604055","Metco Roof","16.0","3.6"
"6438684","Skill Associates","",""
"125140719","Kwaliteit De Servici","",""
"124380038","Kasa Anlagen India","17.0","4.2"
"124240146","Succeed Services","",""
"6810797","Prabh Dayal Om Parkash Infrastructure","9.0","2.8"
"124570112","NR Navrang Realty","",""
"123813439","THM Huade","7.0","2.6"
"2706102","IPL Biologicals Limited","145.0","4.0"
"757987","Incture","275.0","2.7"
"5461570","SDP Hr Solution","",""
"5697468","Ranchhill Software Solutions","",""
"124869763","Elite Media And Technology","",""
"124040364","Gallant Sports & Infra","",""
"1368656","Smart Source","",""
"125136883","Aditech Plastics","5.0","3.5"
"4500020","Zealous Health Care","385.0","3.0"
"125140591","Spinhomes","",""
"124386048","Sudarshan Saur Shakti","16.0","3.1"
"125070091","Sampathi Credits","",""
"124644338","23 Solution","4.0","4.7"
"123864921","Seabird Resorts","5.0","1.7"
"2693986","Heritage Girls School (a Unit Of Eklingshila Foundation)","25.0","4.8"
"125140623","Shastha Systems And Solutions","6.0","1.5"
"4192640","ActionEdge Research Services","39.0","3.5"
"125082193","Mini App Tech","",""
"123772596","NV Infra","",""
"125140611","ELESONIC GROUP","",""
"125046873","2K Accounting Services Llc","",""
"98999","Theon Pharmaceuticals","153.0","3.7"
"3735306","MANSART","",""
"124371054","Indosol Solar","27.0","3.9"
"125140571","Dezy Dental Omr Perungudi","",""
"4568996","Focus Organisation","72.0","3.9"
"1761894","Singhal Power Presses","11.0","2.6"
"124295666","Myblocks","4.0","3.5"
"123977267","Aprailic","",""
"124968859","Sir Bhola Ram Multispeciality Hospital","",""
"125140477","WaB Cafe By Wat-a-burger","",""
"125052773","Jk Oil Company","",""
"4798426","Ndr Group","10.0","3.8"
"5155806","Sevvel Healthcare Management","",""
"48206","Sycone Cpmc","87.0","2.6"
"2544606","Advantmed","1016.0","4.3"
"6747401","Neeraj & Co","2.0","3.7"
"227163","Harman Finochem","496.0","3.7"
"124778265","SUDHA HOSPITAL","5.0","4.2"
"700879","Commure","34.0","3.3"
"125140439","Ijas Ahamed","",""
"420","Fact Personnel","",""
"123845609","Kiotel Hospitality","5.0","2.1"
"125140373","Tuvi Smart Tuition Center","",""
"124464056","Trimurti Panel Products","",""
"6722859","Hindustan Power Exchange","36.0","3.8"
"5136970","AI Based company in UK","3.0","4.0"
"124759093","DS K V  Co.","",""
"6100542","Total Marketing Support - Ds Smith","16.0","3.6"
"3723460","Ascent Hr Services","",""
"124724485","Primesoftware Technologies","",""
"125140257","Henosistech Solutions","",""
"125086503","Phiawell Llp","",""
"125139915","G Multi Trading And Services","",""
"3344648","3Pillar","149.0","3.0"
"4310238","Integrated Institute Of Facility Management (IIFM)","",""
"125140229","Experience Destination","",""
"720095","K K Nag Private Limited","81.0","4.0"
"124446130","Livnest Technologies","13.0","4.7"
"2296200","Annapurna Finance","1450.0","3.9"
"845175","Sehat Health Placements","",""
"125054729","Namo Steel Point","",""
"124836153","Eewa Engineering Co","",""
"124857983","Distinct Destination","",""
"123914109","Prapti Agarbathies","2.0","4.9"
"125140169","Quick Hotels","",""
"124042078","National Oilwell Varco","122.0","3.8"
"124011352","Adpumb","",""
"5997378","Natura Vitalis Industries Pvt Ltd.","",""
"125140143","Be Child Again","",""
"2063886","Integrated Enterprise Solutions","",""
"124603266","Ntmd Rcm","",""
"3555626","Solitaire","22.0","3.7"
"3624574","Miraclus Orthotech","32.0","3.3"
"125099687","Oliver Rubber","",""
"125109675","Cool Scrap","",""
"123934961","Crossing Hurdles","",""
"123643529","Hire On","",""
"124541102","360 Degree Sims","",""
"4285748","Adboxers","15.0","4.0"
"125139879","smartaryan80@gmail.com","14.0","4.0"
"6188502","Alaric Ventures","4.0","4.9"
"1269726","Acp Billing Services","60.0","3.1"
"927658","Allan Lloyds","15.0","2.9"
"124231346","Nihon Renewable","",""
"125139835","Doton","",""
"1320334","Analytix Business Solutions","183.0","3.4"
"5445352","Silicon Brains Technologies","7.0","3.1"
"123765205","Bhima Jewellery","75.0","4.1"
"124635724","Sanagruham Llp","",""
"124873031","Gurpreet S  Associates","",""
"125139371","HNK Media","",""
"4260582","Recmasters","",""
"123609147","Rigel Incorporation","6.0","5.0"
"1326304","BiigTech","7.0","3.2"
"124546464","Pharmapodium","",""
"5281760","Fishfa Biogenics","44.0","3.0"
"3265088","Talent First Hr Services","",""
"124579492","Indway","",""
"7146823","Kailash Healthcare Ltd","54.0","3.4"
"125139603","Raj Estate","",""
"5724362","Paradise Isle Beach Resort","",""
"2362174","Global Job Placement","",""
"1610370","Worktual Innovation","117.0","2.1"
"124792421","Domatel Services","",""
"294","Deepak Chem Tech","678.0","3.9"
"6920275","Rpr Data Services","6.0","1.7"
"1723802","BIZ2X Platform Private Limited","325.0","3.7"
"124958383","Hireized","",""
"123798233","Jyoti Electronics","11.0","3.2"
"125115535","Punit N","",""
"141694","Linkz Consultantz","",""
"124908487","Finstreet India Consultants Llp","",""
"6761993","iRely","11.0","4.0"
"125093773","Vidtech Solutions","",""
"125139265","Hind Empire","",""
"124795039","Aman Fincap Limited","",""
"125139189","Nova Ai","",""
"749909","RSPL Group","3022.0","4.0"
"839749","Q Way Technologies","205.0","3.1"
"3862464","Sehdev Travel","9.0","3.9"
"124176038","Matrix Weighing Systems","2.0","5.0"
"125126747","Goldnwelkin","",""
"124591124","Knovator Technologies","18.0","3.6"
"125136835","Modi Associates","",""
"124749077","Happyrays Consultancy And Services Delhi","",""
"6122514","Cherry Enterprise","",""
"6022538","Consult Shekhar Pandey","",""
"125138811","Olix Lab","",""
"125138745","Semtronics Computer","",""
"125096327","CAS Coffee Llp","",""
"124383310","SK Fastener Machinery And Metals Corp","",""
"125128669","Shankar Paints","",""
"125138619","Sai Ram  Enterprises","15.0","4.1"
"5663318","Strongbox It","11.0","4.4"
"124950145","Little Shop","6.0","4.6"
"2150608","Mindbiz","",""
"125101189","Gojo Holidays","",""
"125138489","Milestone Child Development Center","",""
"125138517","Jasleens  Skin And Laser Clinic","",""
"2474306","Jagdambay Forgings","5.0","4.0"
"1811498","Jakap Metind","22.0","3.7"
"3645178","SP Mani & Mohan Dairy India Private Limited (Amirthaa Dairy)","28.0","3.4"
"123900743","Vascloud Staffing Solutions","",""
"2846666","Workfreaks Business Services","",""
"4558728","ASN India Fincorp","",""
"125078253","Indo Lifestyle  Ltd","",""
"37006","AM Consultants","",""
"124235024","Birla Carbon","87.0","4.0"
"125092193","Frontline Solutions","4.0","4.3"
"124853063","Augumentive Technologies","",""
"5418652","R G Industries","63.0","3.9"
"123980683","Truliv Properties Services Chennai","",""
"125138045","Oxfyn Technologies","",""
"125137991","Nitify Solutions","",""
"125137731","Mjhs Inc","",""
"124525228","Urban Production House","",""
"123845291","Pursuit Advisor Com","",""
"124805729","Ahura Web Services","",""
"125113721","Bytish","",""
"124946675","Barenexus Consultants","",""
"125137683","A&K Suppliers","",""
"124967961","Betel Talent Solutions","",""
"123464935","Five D Engineers","",""
"1283438","Neha Herbals","83.0","4.3"
"676697","Golden Enterprises","",""
"992552","Univlabs","42.0","3.8"
"125137067","Diamond automotive","",""
"3551594","Telmat Materials And Technologies India","20.0","3.9"
"124993425","Seoyone Hwa Summit Automotive Anantapur","421.0","3.5"
"125137039","Victreesolutions","",""
"1434422","Estee Advisors","35.0","3.7"
"125136725","SAU Mathurabai Bhausaheb T Horat Seva Bhavi Trust","",""
"4206444","Armec Cooling Tower","",""
"125134721","Trident Creation","7.0","3.5"
"2944058","Datamark Bpo Service","497.0","3.5"
"123869811","Massive Mobility Pvt. Ltd","",""
"1255622","Aries Marine Engineering Services Pvt. Ltd.","63.0","4.0"
"124318450","Santriya Technologies","",""
"124563042","Earl Gem & Jewelry Kolkata","",""
"124160178","Swageazy","7.0","3.0"
"124807161","Sellowrap Industries Limited","45.0","3.8"
"4583024","Crest Ventures","9.0","4.2"
"124443918","Bot Consulting","",""
"124965767","Ganesan Builders","24.0","4.0"
"125133375","Priniti Foods","73.0","3.0"
"124595676","Viprush Technologies Nagpur","5.0","4.6"
"125097957","Silver Streak Multi Speciality Hospital","40.0","4.0"
"2033438","Frappe Technologies Pvt. Ltd.","2.0","2.0"
"5790602","Dhyeya IAS","16.0","3.0"
"124325394","Alter Marketing Solutions","5.0","3.2"
"4681112","Hollister Medical India","340.0","4.1"
"5956596","Amplework Software","8.0","4.6"
"5259596","Masters India","58.0","3.3"
"2042594","Xantatech","10.0","3.1"
"124794769","Dataslush","",""
"124766333","Rational International India","8.0","3.9"
"125097423","GiL Institute","",""
"124461748","Adequate Bookkeeping Services","10.0","3.3"
"124460450","The Evolve Back Kamalapura Palace","92.0","4.5"
"124666488","Cognet","3.0","3.8"
"5035430","Entra Solutions","118.0","3.4"
"4802498","RM Education","257.0","3.5"
"3924722","SolvEdge Inc.","39.0","2.6"
"3589808","KKR India Asset Finance","7.0","2.7"
"7122302","Athelas","19.0","3.0"
"5542804","ONE Impression","22.0","1.8"
"4558014","Airpay Payment Services","132.0","2.7"
"124796993","Tactus Nutrasciences Llp","8.0","3.4"
"124769587","Institute Of Marine Engineering, Science & Technology (imarest)","",""
"6475896","Bonami Software","83.0","4.0"
"1807988","Dharani Info Technologies","40.0","4.5"
"124395860","Bestsuppliers","",""
"3618772","Jyoti Trading Corporation","",""
"3582410","Trident Lifeline","8.0","3.3"
"1970012","Aparajita Consultancy Services IT Services Company","900.0","3.8"
"124618424","Kombee","",""
"3575516","Apex Heart Institute","10.0","2.6"
"4139594","(TASC)Total Application Software","",""
"2860910","Green Valley International Public School","11.0","3.4"
"2750692","Fims Sonipat","35.0","3.4"
"1642990","Thyssenkrupp Materials It Services India","24.0","4.0"
"1971360","eXtensible IT Solutions (EITS)","9.0","4.4"
"1884000","Webguruz Technologies Private Limited.","34.0","3.5"
"124247914","mx","2.0","3.6"
"3575080","Ernakulam Medical Centre(EMC)","13.0","4.6"
"3113964","Curtiss-wright Corporation","19.0","3.9"
"124651690","Atoss Software Se","2.0","3.0"
"4512072","Element8","",""
"2902938","SKS Enterpprises","",""
"4240806","International School of Engineering (INSOFE)","61.0","3.4"
"123585191","Cavli Wireless","8.0","4.1"
"4852490","RDS Webetch","",""
"123773698","Educare Solution","",""
"1970598","Astreya","87.0","3.5"
"4227126","Unlimit","12.0","1.5"
"125131299","Elina Interior","",""
"5127146","Valuecoders","93.0","3.4"
"3832820","Sumedha Softech","10.0","3.8"
"4617662","Sails Software Solutions","47.0","3.5"
"4845744","Galtech","",""
"5034500","Indian School of Development Management (ISDM)","5.0","2.3"
"5516738","Transfunnel Consulting","11.0","4.2"
"5573812","Pallium India","8.0","3.8"
"6371896","Celeros Flow Technology","37.0","4.2"
"6993977","Cirruslabs","32.0","3.3"
"123784949","Smartinfo Care Solutions","2.0","5.0"
"123781956","Metayb","142.0","4.0"
"124012826","Hillenbrand","12.0","3.3"
"124144356","Mornisa Bio-organics","3.0","3.2"
"124158656","Mold Masters","46.0","3.6"
"124320322","AOR Brijesh Gupta","",""
"124831855","Growth System","",""
"124460748","A N And Co","",""
"124395876","Strada","247.0","3.5"
"3784020","Therawin","",""
"5542308","Coox Online","35.0","3.7"
"1968698","9series Solutions","43.0","4.5"
"2360260","Swaniti","15.0","2.6"
"2518268","Agappe Diagnostics","215.0","3.9"
"124869915","Savista","309.0","4.0"
"3924424","Intrinsic It Solutions","",""
"4006878","AES Technologies","41.0","3.2"
"123977923","Unison Consulting","5.0","3.6"
"4125554","Welocalize","40.0","3.8"
"3924436","Paramount","19.0","3.8"
"123702339","Impronics Technologies","",""
"124540636","Rightsline Software","",""
"125051265","Thrive Management Services","",""
"5293732","Spyne","62.0","3.1"
"124926807","Rishfotech Solutions","18.0","4.1"
"2041822","Uffizio India Software Consultants","33.0","3.3"
"124392068","Uptitude","9.0","3.1"
"3660082","Bimex Engineers","5.0","3.7"
"123693643","Wiser Solutions","20.0","3.5"
"1878548","Prudent Corporate","",""
"124761105","Jurong Consultants","13.0","2.8"
"2607788","CRF - Chest Research Foundation","5.0","4.0"
"2933202","Air India","1534.0","3.5"
"3968130","Netcom Learning","135.0","3.6"
"124460740","Wishlink","7.0","2.7"
"3585362","Barry Wehmiller","57.0","3.9"
"124053646","Barry Wehmiller","57.0","3.9"
"6572546","Consumertrack","",""
"2519468","CoreStack","3.0","3.2"
"124840033","Arthur D. Little","15.0","2.7"
"3190410","Saleshandy","15.0","3.1"
"5479442","Staffice Global","8.0","4.0"
"4124048","Rightpoint","63.0","3.9"
"2255506","Expeditors International","166.0","3.7"
"123732681","Alpha Ori Technologies","21.0","4.0"
"2703252","Wipro Infrastructure Engineering","717.0","3.7"
"6188504","Plaksha","32.0","3.6"
"7023907","FTC Solar","18.0","3.9"
"125131303","Velvetsoft Technologies","",""
"124679760","Otrix","",""
"7112807","Tsaaro","86.0","3.4"
"4729892","Classic Technologies And Business Solutions","7.0","3.3"
"7111443","Procdna","57.0","3.8"
"7110879","Big Oh Tech","56.0","2.7"
"1894054","TechStreet Solutions Pvt. Ltd.","9.0","3.8"
"125092321","Virtual Real Event","",""
"6415634","Attentive Ai","44.0","3.4"
"6984117","Simcorp","66.0","4.2"
"124802347","ibis Hotel","205.0","4.5"
"3681710","Evidence Action","34.0","4.1"
"125137611","Anjana Technologies Spoo K Zoo","",""
"123563999","Mr.","",""
"125133635","Concepta Branded","",""
"3096388","Masters India","58.0","3.3"
"124314300","Jupiter Aluminium Industries","",""
"123699831","Epicle Solutions","26.0","3.6"
"125137395","Vivinkumar R V","",""
"125137393","Plate Date By Rhea Jaitha","",""
"125137405","Bagchi & Gupta","7.0","4.6"
"124272618","Enkel","15.0","2.2"
"124576580","AIA Solution Llp","",""
"124518266","Bilagos Softwares","",""
"125110991","Cinovations Business Solutions","",""
"123970523","Aptia Group India","119.0","2.8"
"125113833","Karnila Delivery Services","",""
"755819","Virtuoso Staffing Solutions","",""
"125137281","Yelsangikar Vinod Kumar","",""
"125137279","HRwala","",""
"124547948","FK Enterprises","4.0","1.0"
"125137119","Guideforplasticsurgery","",""
"125136927","Little Gems Child Development Center","",""
"124307682","Elegant Engineering Solutions","",""
"124279442","Model Business Services","11.0","1.5"
"6320086","VHT Business Solutions","13.0","3.2"
"125137155","Winpay Fintech Solution","",""
"1301466","Alpha Educational Society","",""
"1289222","Richi Circuitronix","102.0","3.4"
"123971843","Freelancer","",""
"1496780","Cynet Systems","",""
"142022","Amzur Technologies","90.0","3.8"
"496265","Supercfo Advisory Services","",""
"5523012","Safeaeon","50.0","2.1"
"124901","Shaleen management consultants","",""
"124604400","Phoenix logistics","10.0","2.0"
"124520116","Allegiance Allied Services Gurgaon","",""
"2149004","Kalibre Global Konnects","",""
"4716730","V4U Consultancy","",""
"725612","Leewayhertz Technologies","79.0","3.1"
"125137027","Lok Report","",""
"124140692","Integrated Project Design","7.0","3.2"
"124287678","Ocube Services","79.0","3.3"
"124178574","Reboot Xp","140.0","3.5"
"3524472","Zealmax Innovations","29.0","4.6"
"3911584","Core Staffing Solutions","",""
"125137021","Jurian Architect And Design Studio","",""
"125124155","Kanav Fitness & Sports","",""
"5273724","Entrepreneurship Development Institute of India (EDII)","82.0","3.6"
"123614299","XON Solutions","",""
"124857625","Datrix It Services","",""
"4544628","Streamline Beauty India","15.0","3.2"
"124099880","Ziel Financial Technologies","33.0","4.1"
"6146642","Opes Healthcare","4.0","4.4"
"6811649","Skye Air Mobility","35.0","2.1"
"124671964","Elite Dhobilite Laundry","2.0","4.5"
"21508","Sensiple","137.0","3.0"
"116064","Wave Infratech","202.0","4.0"
"64085","Pyramid E&C","30.0","3.6"
"2350","Antares Services","",""
"1058300","Phiedge Talent Enhancers","",""
"6047324","Unicloud","7.0","3.4"
"124400674","Talent Career Consultants","",""
"5843810","Exotel","141.0","2.9"
"5964","HR Services","",""
"3378072","Mw Mines","13.0","3.9"
"125136965","CirclePe","",""
"829497","Strada Global","247.0","3.5"
"123729275","LCC Projects","227.0","4.2"
"763366","Rostfrei Steels","240.0","3.7"
"124260526","Apex Acreages","11.0","4.3"
"2921106","Squirrel Softech Services","44.0","4.3"
"124483578","Bytepx Technologies","",""
"123518781","Servglobal","",""
"125136715","Benefact","",""
"123965145","Hirojet Consulting","",""
"3818942","Axiom Ayurveda","82.0","3.6"
"124607198","Suisan Services","",""
"1031132","XRM Labs","13.0","3.7"
"1603172","Career Strategy Solutions","",""
"5764492","Astitva Systems","2.0","4.4"
"124088092","Magneum Technology","42.0","4.7"
"4425774","VR Management Consultants(career Midas)","",""
"6719499","Moon Beverages","390.0","4.0"
"125136857","Chizel Werks","",""
"124647384","Ganit Star Engineering","23.0","3.7"
"123575993","Goodwill Advance Construction Company","18.0","3.4"
"124731107","RS  Hs Industries","",""
"123885907","London Company","",""
"123955417","Gitcs India","",""
"123906429","Talf Solar India","2.0","3.7"
"124013002","Sefal India Pharmaceuticals","",""
"124840951","Octopi Technology","",""
"125136819","Ratan Chandak & Co LLP","",""
"2544","Rishabh Software","222.0","3.8"
"123866703","Kite Media","",""
"123646323","Gedu Services","101.0","3.5"
"124114516","Nexon Software Solutions","3.0","3.3"
"2146422","JIL Information Technology","97.0","3.8"
"125018383","Ranniti Business Consulting","",""
"124930685","Acellus Hospital ","",""
"124840509","Amtex Dyechem Industries","2.0","5.0"
"7001377","Raptakos Brett And Company","378.0","3.5"
"7076479","Durogreen Waste Management","",""
"3077674","Snva Ventures","296.0","3.5"
"6289800","Fieldcircle","",""
"121754","Luthra Group Company","181.0","4.2"
"125103443","Hotel Saravana Bhavan","30.0","3.1"
"5398814","Proso Ai Technologies","12.0","4.9"
"355","Easy Source Hr Solutions","",""
"5118386","Affixious Consulting Pvt Ltd.","71.0","3.6"
"2995258","Resume Destination","",""
"124156446","Rednirus Digital Media","",""
"1603738","Lumax Industries","1372.0","4.0"
"124901213","Grambask","",""
"4538052","Karan Kothari Jewellers","34.0","3.1"
"123586011","Saadaa","9.0","3.0"
"123654667","Cubnet Service","",""
"2273668","Eclat Health Solutions","215.0","3.6"
"124200788","Safe Ledger","118.0","3.2"
"125136727","SME Experts","",""
"125058167","Force Lifts","",""
"125136693","Froebel Cambridge Preschool and Daycare","",""
"123958217","Jash Energy","42.0","3.3"
"1714916","Care Essentials International","9.0","3.3"
"125037527","Lamaxai Technologies","",""
"6206056","ProConnect","292.0","3.6"
"271231","Tagit","85.0","3.2"
"930050","Unisource Trading","21.0","2.0"
"154","Black Turtle","",""
"6495618","Pyramid Jobs","",""
"5813204","Pinnacle Consultancy Services","",""
"3679636","CodeStore","25.0","4.2"
"6208412","Plaksha","32.0","3.6"
"1044792","SOTI","138.0","3.1"
"5576452","Varsed Detective","",""
"4170118","Obbserv Online Services","61.0","3.9"
"116648","Bptp","371.0","4.1"
"123796493","Guljag Industries Limited","",""
"898644","Metlife","1676.0","4.0"
"123981513","Jackson And Frank India","",""
"124194212","Fortuna Enterprise","",""
"827173","Richestsoft","39.0","3.9"
"4195834","Concorde Textiles","3.0","4.9"
"124351148","Anna Ratna Organics","",""
"124681444","Acropolis Industries","3.0","4.9"
"6341140","Fuji Silvertech","54.0","4.1"
"4761718","GK Power Expertise","56.0","3.2"
"5566734","Lozen Pharma","38.0","3.8"
"3670608","Inxee Systems","28.0","2.8"
"125130015","Deborah Technologies Llp","",""
"595915","Axa Xl","465.0","3.6"
"124589876","R. S. Gupta & Co","3.0","4.8"
"397789","PCBL Chemical Limited","594.0","3.9"
"3668544","Teacher's Consultancy Services","",""
"4185898","Neelam Healthcare","",""
"124028022","Bsln Consultancy","",""
"125136577","Urbanite Luggage","",""
"4227998","Prashanti Medical Services And Research Foundation","",""
"1520900","Shree Ram Kripa Build Home","22.0","3.6"
"125136617","Ev Urjaa","3.0","2.9"
"6969827","Farmjunction Marketing","150.0","3.8"
"125073395","S K Traders","22.0","4.3"
"5120320","Bop Realty","103.0","4.7"
"126141","NEC Corporation ","1632.0","4.2"
"5120826","Wellsure E-comm Services","3.0","4.0"
"125004269","Genesis Technology Services India","",""
"125136537","Mieux Display","",""
"125132289","AM Arfaat Developer","",""
"1616232","KC Overseas Education","186.0","3.6"
"748219","Practicesuite Inc","41.0","3.0"
"124464314","Studycaller Edutech","",""
"4103300","Talent Source","",""
"6947527","Remagine Ventures","2.0","2.2"
"720085","Lulu Group","152.0","3.6"
"125134489","Anantsiddh Engineering Pvt Ltd","",""
"3482514","Trademill Technologies","3.0","2.0"
"6415392","Find Good Resource","",""
"125136443","House Of Muzba","",""
"4489138","Evanik Networks Private Limited","22.0","2.9"
"125125551","Pixellab Media","",""
"7141967","Ambition Colonisers","",""
"2744554","Bhargava Phytolab","88.0","2.8"
"4620532","Simply Vyapar Apps","465.0","3.4"
"124087246","E Success AI Technologies","",""
"11583","Egis ","855.0","4.2"
"5995672","Cyboard Foundation","",""
"2288212","GMP Technical Solutions","134.0","4.0"
"125118123","Nutanvij Electricals Pvt Ltd","3.0","3.4"
"124929233","Shree Kameshwari Edutech","",""
"838481","Digital Web Arena","2.0","1.2"
"6294944","Franchise India Brands","428.0","2.0"
"124071548","Maharishi Ayurveda Products","109.0","3.7"
"123546055","Dharra Advance Business Solutions","",""
"125136429","Siti Siri Digital Network","",""
"124686814","Suredrive Assist","12.0","4.6"
"125133915","Hotel Raj Palace","8.0","4.8"
"648489","Sigma Hr Consultants","",""
"4051010","Showcraft Productions","5.0","3.0"
"124498676","Profex Tech","4.0","3.6"
"123547555","Rfsys Technologies","",""
"125121625","Trans Oceanic Chemicals","",""
"124107958","Karyan Group","5.0","4.9"
"6657605","4sun Powergen India","",""
"124995395","ASK Fitness Club","",""
"124905107","Pineq Technology Labs","",""
"5190916","Barbrik Project","147.0","3.7"
"1497282","Ziffity Solutions","24.0","4.0"
"5826850","Triveni Almirah","150.0","3.9"
"125039463","The Card Company","",""
"124969059","Bath Care Bilaspur","",""
"123712201","Tridots Tech","6.0","4.3"
"124930589","Niche Consulting Services","",""
"123978415","Sevencore Techstack","",""
"7073967","Veeshna Polypack","6.0","4.7"
"3532128","Aatish Management Consultants","",""
"139394","Polyplastics Group","310.0","3.7"
"125136377","Idreamcareer","37.0","4.0"
"3571852","PAN Healthcare","62.0","3.5"
"123782967","Key Software, Inc","",""
"125114365","Micro- Mech Engineers","",""
"124667752","Rigsdock","",""
"125134533","Sahyog Job And Multiwork Solutions","",""
"124157806","VICM Consultants (India) Pvt Ltd","2.0","1.6"
"125114855","Molecules Bio Labs","4.0","3.3"
"124318482","Sainik Infratec","2.0","5.0"
"124774751","Repairoo Services","",""
"18535","Siyarams","396.0","4.0"
"4159648","Samsara Buildtech","13.0","4.7"
"2541656","Zoftsolutions","11.0","4.7"
"4939020","Willstrong Solutions","3.0","4.2"
"124770089","Penguin Consultants","",""
"4574826","Wyzmindz Solutions","143.0","3.1"
"6990095","Veersa Technologies India","60.0","3.5"
"65884","Aeonx Digital Technology Ltd","398.0","4.1"
"6656717","Gearlinc Systems","5.0","3.7"
"123782823","Sab's Healthcare","",""
"4578838","GIST Management Solutions ","",""
"3018370","Talent Stock","",""
"5906660","Shiv Hari Plywood","3.0","3.4"
"5424508","AltF Coworking","9.0","3.6"
"125136299","Best Agency","",""
"124209204","Novargi","20.0","3.7"
"125136297","P P Savani Cambridge School","2.0","2.3"
"603865","Advance Career Solutions","",""
"124860689","Fibitech Solutions","",""
"124120640","ACV Auctions","",""
"4784022","Talent Ghar","",""
"3767120","Psp Projects","803.0","3.8"
"124789335","Justwravel","17.0","4.2"
"5422644","Virtuxient Technologies","10.0","4.5"
"125046115","Thundertactics (opc )","",""
"124281532","Sahi Hr Services","",""
"2598","SCL Lifesciences Ltd","250.0","3.8"
"123646669","Trufrost & Butler Pvt. Ltd.","",""
"125132231","Cerulean Technical Service Private Limited","",""
"329099","Sysmind","",""
"124836495","Skyzers","",""
"125133503","Onflap Technologies","",""
"124290494","Mirago Managed Services","",""
"5531516","Herbal Canada","",""
"124310988","Moonstruck Wedding Photography","",""
"4776042","Avaada Energy","415.0","4.3"
"124068816","QuaXigma IT Solutions Pvt Ltd","2.0","3.7"
"123915121","Textrades Associates","",""
"125136185","Dr Arora's Clinic","12.0","2.5"
"124922449","Saara Enterprise","",""
"663427","Strategic Alliance Management Services (SAMS)","",""
"125134663","Dreams And Degrees Edutech","",""
"124972139","Dakshin","",""
"123845369","Mangopaw Technologies And Solutions","",""
"418637","Talentmat","",""
"5951184","Ultrafresh","30.0","3.0"
"125136129","Morning Meadows Solar","",""
"124007288","Marq Bpo Solutions Llp","10.0","3.6"
"124009658","Thriving Talent Recruitment Services","",""
"125136113","Reweb Digital","",""
"123629447","M M Industrial Controls","2.0","4.5"
"123984706","Navigateglobal Cfo Services","12.0","4.3"
"124696138","Atharv Intertrade","2.0","5.0"
"4779250","Stylein Consultancy","",""
"5546","Qualitykiosk Technologies","1358.0","3.3"
"125021733","Shree Rajnagnechi Construction","",""
"123600701","Bim Home Studio","",""
"410485","Hyundai Autoever","64.0","3.2"
"4001510","Avanti Fellows","55.0","3.1"
"1532966","Digidarts Marketing","80.0","4.5"
"119552","Tds Placements","",""
"125135981","Nobexe Interiors Llp","",""
"123589331","Jagadish Das & Co","",""
"5716134","Pagarbook","187.0","3.6"
"125135985","Lingayas Vidyapeeth","83.0","3.0"
"15819","Hi Tours","24.0","4.3"
"2695040","O P Jindal Global University (JGU)","229.0","3.8"
"3915090","Tops Infosolutions","65.0","3.9"
"124975087","Kailash Rug Industries","",""
"124293106","Winable Consultancy Services","",""
"680691","Ifanglobal","",""
"16937","Zonka Technologies","65.0","4.4"
"124846029","Upalaksh Job Recruitment","",""
"42666","MAHLE Engine Components","357.0","3.7"
"5005160","Consolidated","62.0","3.6"
"5984136","Mantle Solutions","110.0","3.5"
"4368094","Riya Placement","",""
"124533904","Infrax Renewable Limited","",""
"125102617","Ravant Technologies Fzco","",""
"125135755","One Desing","",""
"125135781","Codewonder Tech Llp","",""
"5165630","Cantik Technologies Pvt Ltd","66.0","3.8"
"2348454","Talent Finder","",""
"125135753","The Biswas & Co","",""
"124793931","Avcon Controls","31.0","3.6"
"125135739","Matter Agency","",""
"125070617","Krishna Enterprises","110.0","4.2"
"124759629","Yapma Buildtech","",""
"125053567","gunjan.kalra@vwmart.in","",""
"913356","Skyleaf Consultants","",""
"6585382","Shri Kartikeya Pharma","12.0","1.8"
"125135707","Scalin Service","",""
"124662922","Promark Technologies","",""
"505783","Intelizign Lifecycle Services","293.0","3.4"
"6482868","Crew Kraftorz","",""
"123773560","Hiring Stop Recruitment Solutions","",""
"123689515","Care Group","78.0","4.2"
"102959","Pasona","",""
"125135557","Inizio Media","",""
"5717212","DBG Technology India Pvt Ltd. Unit 2","717.0","3.7"
"125135493","Dharam M Shah & Associates","",""
"709977","Inductotherm","150.0","4.0"
"842263","WOG Technologies","54.0","3.8"
"5283172","Eventus Technology","4.0","2.8"
"6385606","Zepto","2144.0","3.5"
"510213","V3 Staffing","",""
"125135235","Gramdharaa","",""
"6136428","Loopstream Technologies","8.0","4.7"
"168518","Digitide solution ltd","2364.0","4.0"
"5886876","Logistixian Technologies","",""
"124440832","Namra Tech Solutions","3.0","3.0"
"123903749","Ajays Good Food","26.0","3.8"
"4232500","Tnqtech","832.0","3.5"
"124747413","Hiring Club","",""
"124882687","Antriksh Bus Services(opc)","",""
"7068355","Bloom Solution","",""
"6711191","Lavasya Consultancy Nagpur","",""
"5834410","Promho Energy","8.0","4.2"
"125128035","Global Diagnostics & Intervention","",""
"125004201","Bath & Beyond","",""
"553433","Amrit Cement","635.0","4.1"
"4919476","Cogito Tech","31.0","2.6"
"125127439","Emkay Techno Chem","",""
"124921239","CityMart Supermarket","2.0","5.0"
"124263912","JD Jones  Co.","27.0","2.8"
"125086349","Capsdata Technologies","",""
"125126263","SRI Venkateshwara Blue Metals","",""
"123466821","Promind Solution","13.0","3.7"
"8223","Troikaa Pharmaceuticals","1101.0","4.1"
"125110069","Aarogya Sampark","",""
"5853884","Kusum Agency","",""
"4182816","Blackberrys","548.0","3.8"
"29513","Sharda University","342.0","3.6"
"2285638","ERD Technologies","108.0","3.8"
"3864004","Paraminfo","128.0","3.9"
"124854319","Yogkarma Consultancy","",""
"125136549","AD URGENCY","10.0","3.5"
"124677506","Webberz Educomp Limited","25.0","4.3"
"124000068","Orbit Staffing Innovision","",""
"3304998","Hasan And Singh","10.0","3.7"
"6467072","S7works","12.0","1.2"
"5160526","Aayuv Technologies","106.0","3.0"
"2956302","Novaya Software","",""
"1487190","RM Global Consulting","",""
"733715","Cybersoft Technologies","11.0","3.3"
"124082074","Consult Asia","",""
"6282830","Asky Services Llp","3.0","5.0"
"124913929","Strivant Global India","",""
"6548208","Arison Business Solution","",""
"4568210","Connexion Group","",""
"3807252","Eminence Technosystem","",""
"123687927","Fortitudecareer","",""
"124135246","Kspark Talent Services","",""
"123959817","Mintopps","",""
"4250802","Talentico Consultancy Services","",""
"6637656","Cosmic It","",""
"124478120","Mahardhan Business Solutions","",""
"5783576","Basic Enterprises","23.0","3.0"
"5512304","Net2source Llp","",""
"4822402","Carnation Infotech","44.0","4.1"
"6458128","Blend360 India","28.0","3.1"
"5567488","Innodesk Modular","",""
"125112295","Technoladders","",""
"832817","Infinity Data Technologies","158.0","3.7"
"2477394","Techavera Solutions","",""
"5015564","Zigma Global Environ Solutions","46.0","4.0"
"5289498","Aspyra Hr Services","",""
"124751495","Cynbrix Consulting","",""
"124335984","Guna Solar","",""
"5654610","Acenet","7.0","4.0"
"700657","Spanidea","214.0","3.6"
"3097806","KPI Partners","149.0","3.5"
"669637","Tech Vedika Software","35.0","3.4"
"124388260","Innoverv Global","7.0","2.4"
"209583","Apexon","1204.0","3.3"
"732609","Alphawave Semi","9.0","3.1"
"1132050","SmarTek21","95.0","3.7"
"125019185","Savi Technologies","",""
"5058662","Geeksforgeeks","222.0","3.1"
"756193","Abhi Resource Management","",""
"124418838","Synthexa Services","",""
"6282330","Energeia Microgrid","37.0","4.6"
"124070318","Skyline Consultants","",""
"3618904","Argano Software","59.0","3.5"
"620175","Aziro","171.0","4.0"
"620721","I Square Tek","",""
"4261618","RMD Food  Beverages","",""
"124654930","Informica Technoservices","",""
"125123827","Udashmi Cloud Design Labs","",""
"6206174","Valiant Business Solutions","",""
"4495130","Systech Solutions","142.0","3.5"
"3158622","S-Square Data Systems Pvt Ltd","",""
"5250136","Arista Networks","92.0","3.9"
"3212","ACL Digital","807.0","3.6"
"6388516","Medicamen Biotech Limited","136.0","3.4"
"4618802","Lazer Ken It Services India","83.0","3.2"
"5601552","Urbint","6.0","4.2"
"6962751","Acqueon","27.0","3.2"
"4821718","Rapidue Technologies","137.0","4.3"
"974518","Addnectar Solutions","63.0","2.7"
"6922725","Saira People Tech Solutions","",""
"4973370","Aar Manpower Services","",""
"3143090","Numinolabs","25.0","4.4"
"82314","PBL Transport Corporation","31.0","2.9"
"123748197","Ugam","604.0","3.6"
"123732317","Apex Engineering Solutions","",""
"3950434","Kuvam Technologies","9.0","4.4"
"123978529","Plugin Live Technologies","",""
"631973","SS Consultancy Services","",""
"124512134","Pexrise Solutions","",""
"124199586","Beyond Hiring Mumbai","",""
"5360068","Ingold Solutions","61.0","4.2"
"123944539","Aim Placement Services","",""
"4364560","Om Tat Sat Solutions","2.0","1.0"
"913830","Orient Bell","380.0","3.3"
"124433910","Tetra Laval","",""
"125119267","Bio Resurge","26.0","2.1"
"4969532","Arbutus Consultants","18.0","4.3"
"6968083","Alfanzyme Life Science","10.0","3.8"
"5770956","Frontline Electronics","39.0","2.4"
"124931267","ABS Group","",""
"6820563","Italia Ceramics","45.0","4.1"
"5142280","Achieve High Hr Services","",""
"3856886","Kgc Logistics","15.0","3.2"
"124401062","Shri Krupa Services","20.0","3.4"
"31986","IBN Technologies","99.0","3.7"
"75343","Athalye Management Consultants","",""
"124494238","Luxon Business Processing Services","2.0","3.3"
"124647684","Dr Kamthe Piles Hospital","",""
"124055874","Brandbucket Enterprises","5.0","3.0"
"124522714","Elintex Technologies","",""
"124479222","Cyquent","",""
"2962564","Human Network","",""
"6097442","Shobi Solutions","",""
"1106096","Yogeshwar Associates","2.0","5.0"
"6601594","Africa Kpo Services","",""
"124714969","Pulse Orbit Entertainment","2.0","4.9"
"125071189","Gcentri Force Engineering","7.0","1.8"
"124017606","Talent Visionary Ahmedabad","",""
"124040134","Tssind Industries","",""
"125038689","Technocrats Plasma Systems","20.0","3.1"
"5991564","Kbros Aristo","75.0","3.8"
"403","Evereen Consultant Delhi","",""
"1115466","Yash Foods","26.0","3.5"
"125116701","Genisysapp Solutions","",""
"3386828","Uprotec Earthing","",""
"124714555","Edubotix AI Solutions pvt ltd","3.0","1.0"
"125133551","Intra Industries Pvt. Ltd.","5.0","2.9"
"61996","Job Planet","",""
"1019568","Pinnacle Info Services","",""
"125133865","Assistorix Systems","",""
"812258","Velociter Solutions","10.0","4.4"
"123576591","Nishtek Engineering","",""
"972424","Oxford Golf Resort","20.0","4.2"
"125075051","Amar and Sons","5.0","1.1"
"4635672","Hopestar Solutions","",""
"4093024","Rankskills Knowledge International","",""
"2185134","Polestar Consulting","136.0","4.3"
"125049749","D P Construction","4.0","4.6"
"125097539","Refudrive","14.0","3.0"
"1225720","Accurate Industrial Controls","62.0","3.8"
"123925191","Innovus Talent Solutions Nashik","",""
"1769260","Ace Brain Technologies","20.0","4.4"
"125085273","Elite Workforce Solutions","",""
"124925341","Suretaas Digital Services","3.0","4.2"
"124335074","Bharati Robotic Services (india)","3.0","1.6"
"3481364","Nissar Consultancy","",""
"124858241","Mytholog Innovations","",""
"4552230","vmedulife Software","10.0","4.2"
"124254676","V S Services","",""
"6851855","Propark Mobility","8.0","4.9"
"1559","Mindstech","",""
"4985190","Worksymphony","",""
"125132339","Skua international","",""
"7007817","Genius Minds Consulting And Services","4.0","4.5"
"665517","Vaze Placement Services","",""
"124885683","Feyncode","",""
"612235","Workmethods","17.0","4.7"
"6780149","Metamorphosis","7.0","4.3"
"125098105","Ytry Labs","",""
"6752811","House Of Speciality Coattings","",""
"124077792","Sanyog Insurance Brokers India","2.0","2.5"
"124816001","Orchid Furnishings Llp","",""
"3329774","Techexpert","10.0","4.2"
"124354910","Zenith Career Consultancy","",""
"6191914","Cybaem Tech","27.0","3.9"
"123976893","Freelancer","",""
"123931313","Vaayu Smart Technologies","",""
"125131931","Tools Depot India Llp","",""
"5188010","DMC Finishing School","34.0","3.6"
"125097915","Spazioliv-space Interior Design Company","",""
"6620264","AS Technology Corporation","",""
"123984548","PDA E Services","7.0","3.7"
"240906","OM Software","61.0","4.4"
"6839283","Shahjis","",""
"833311","Shri Ganesh Placement Services Pune","",""
"125109311","Bytesar Technologies","8.0","4.2"
"5135906","The Hiring Xpert","",""
"124126294","Kshitij Constro","",""
"123916425","Sudeep Polymers","9.0","4.0"
"1017698","Super Management","",""
"125131521","Bizclar India","",""
"124812987","Cloudpoint Systems","",""
"4414444","Medion Healthcare","47.0","4.2"
"124737195","Dream Care Staffing Services","",""
"6996333","Talent Surge","",""
"125097463","Abisky Ritkriti Projects Keshavnagar Limited Liability Partnership","",""
"2566378","Go Propify","17.0","3.8"
"6960231","Innoplix It","",""
"1247860","Thoughtbridge Hr Solutions","",""
"510003","Puranik Builders","225.0","4.2"
"124016862","Maxim Smt Technologies","39.0","4.3"
"125119939","Mutha Writing Instruments","",""
"604021","Industrial Personnel Network","",""
"4559606","Visdin Solutions","2.0","4.0"
"124235682","Interstea Constructions Llp","",""
"4957406","Talserv India","",""
"4610786","Elpro International School","",""
"1665100","Crimsoncobalt Digital","8.0","3.5"
"124406096","Populace World Solutions Pune","",""
"124659960","KBJ Hr India","",""
"30769","Badve Group","1468.0","3.7"
"125130711","Skyi Technology","",""
"5914094","Quantian Technologies","5.0","2.8"
"125130495","Stone Lounge & Bar koregoan park","",""
"125130483","Motospot auto-tech services pvt. ltd.","",""
"645687","Sagesurfer Online Services","12.0","2.0"
"1087876","Cornerstone","146.0","3.5"
"124593046","Freelancer Abdul Mateen","",""
"2595042","Tooltech Global Engineering","55.0","2.9"
"4088060","Mantras2success Consultants","",""
"125127623","Vardhaman Auto Components","3.0","3.9"
"6221060","Mahasurya Ventures India","",""
"124663196","Riseco Infra","",""
"4869434","Yewal Food Products Pvt.Ltd ","66.0","4.6"
"124558678","Cherry Park Speciality Foods","",""
"124876913","Harness Cable Connector","3.0","1.1"
"6781851","SFORCE SERVICES","",""
"123545597","Atharva Enterprises","",""
"125128811","Nath  Manpower Services","",""
"125115747","Youth Power Technology","",""
"125128845","Clinisun","",""
"123866357","JOB INDIA","",""
"123579335","Millennium Developers","15.0","4.2"
"62056","Dia Aluminium India","10.0","4.2"
"4870048","Prashant Enterprises Pune","",""
"7063345","Meenamani Ganga Builder","",""
"4142122","Smartnet Software","9.0","4.3"
"124592028","Edjobster","",""
"1809","NVS Consultants","",""
"123620901","Wisecow","",""
"124687100","Align Spark Solutions","",""
"3838486","Jayashree Electron","33.0","4.1"
"125099161","AD It Robotics (opc)","",""
"3849356","Omkar Staffing Solutions","",""
"2858444","Gelegenheit Consulting","",""
"5675462","Astrica Technologies","",""
"6312630","Job Fittment Finder","",""
"124146384","Cait","7.0","2.8"
"123668897","NRS Bridge Construction","7.0","3.5"
"123469915","Orca Fitness","",""
"4691696","Clean Science And Technology","173.0","3.6"
"125127565","Amol Angad Gunjal","",""
"5826784","Sakshi Chem Sciences","36.0","4.4"
"124923489","Al-mawa International (opc)","",""
"6097802","Quloi","24.0","2.2"
"179907","Rian Placements","",""
"5151794","Willpower Consultants","",""
"125127215","Race (royal Academy Of Career Excellence)","4.0","3.6"
"124382306","Enthusiastix Management","",""
"154724","Indian Placement Services Pune","",""
"124710125","APS Hr Solutions","",""
"2492768","Chrysalis Software & Systems","",""
"123603591","Sbem","49.0","3.8"
"124234094","Chaitanya Artistry","",""
"124872167","Itech Scientific","5.0","4.9"
"4950162","Little Millennium Preschool","201.0","3.7"
"124893245","Raptech Engineering","29.0","3.4"
"2271","Icon Consultants","",""
"2472324","First Solution","",""
"1633530","Elly Child Care","7.0","4.6"
"4654246","Rudder Analytics","24.0","4.4"
"917252","Equiturn Management Services","",""
"2157868","SAV Chemicals Private Limited","9.0","3.8"
"125123147","Karagya Foods","",""
"124617132","Global Hr Consultants","",""
"125125747","MRUNALINI@RAFTAREXPRESS.COM","",""
"124311148","Saheel Properties","",""
"3429868","Micrologic Integrated Systems","41.0","3.5"
"125071435","New Leaf Designs","",""
"3013478","ECO MOBILITY","",""
"3966824","Altum Credo Home Finance","168.0","4.1"
"124461812","Astitva Medical Care","",""
"124458826","Outmarch","",""
"124085558","Neurotech Designs","",""
"4139290","Agco Corporation","72.0","4.3"
"124298448","Precision For Medicine","9.0","3.3"
"1813124","Quark","21.0","3.6"
"4844450","Codevian Technologies","10.0","4.3"
"1901904","LeadSquared","356.0","2.7"
"4923480","Screen Magic Mobile Media","48.0","3.6"
"125121897","Pure Machine Design","6.0","3.2"
"7071283","Rationalz","",""
"4945272","Numerator","199.0","3.9"
"5039072","Siteminder","6.0","4.2"
"4419148","AB","65.0","3.9"
"4687158","Dgtra Consultancy","10.0","4.1"
"3976508","Williams-sonoma","32.0","3.5"
"5126562","Wesco","49.0","4.0"
"5472500","SPAR Solutions","2.0","4.0"
"123482521","Aumni Techworks","18.0","4.5"
"123813383","Agivant Technologies","32.0","4.2"
"125106683","Skyline Labs Inc.","",""
"5035450","Infinite Uptime","70.0","3.8"
"5064554","Coditas Technologies","280.0","3.7"
"7038331","Cleanmax Solar","137.0","4.6"
"123652553","Power Bridge","2.0","2.0"
"3520202","Sidel","128.0","3.8"
"1690036","Apexon","1204.0","3.3"
"4366288","Routematic","25.0","4.0"
"1707082","Jade Global","341.0","3.4"
"4922326","Liebherr Appliances India","165.0","4.0"
"124526356","Landytech India","8.0","2.5"
"17260","Extentia ","187.0","3.4"
"7146167","Ashwamedh Spaces","",""
"3919162","Luxoft","750.0","3.6"
"963836","Multibrands International","27.0","3.3"
"582351","BNY","4788.0","3.8"
"2378166","TESTQ","12.0","3.1"
"125093317","Qbits Education","",""
"1705916","Paradiso","19.0","3.1"
"5868504","Fifth Estate Agency","19.0","4.0"
"1530642","Krsnaa Diagnostics","566.0","3.7"
"124194196","JHTS Offshore Resource Pvt Ltd","",""
"124890543","Vyntrapro Innovations","",""
"6248592","Innovalus Technologies","",""
"1087784","Aspire And Succeed Hr","",""
"5696944","Murtaza Davawala  Associates","",""
"124609750","Assent Inc","",""
"124044192","Actin Technologies","3.0","3.8"
"123893971","Southco","78.0","3.4"
"4365292","Zygal","",""
"5971888","HR Guru Placement Services","",""
"123777160","Baranwal Consultancy and Services","7.0","3.7"
"4047484","Mahindra CIE","1306.0","3.6"
"124042200","Tech Arch Autocomp","15.0","3.4"
"3287088","Roxiler Systems","8.0","3.9"
"18685","Opus Technologies","137.0","3.3"
"6460402","Asb Enterprises","",""
"2855316","Anil Plastic & Enterprises","7.0","4.5"
"260227","Vj Coresoft","18.0","2.6"
"123867877","Primaverse Idc","12.0","3.1"
"124344078","Supreme Universal","58.0","3.7"
"5619594","Namura Hr Consulting","",""
"5005864","Easy Home Finance (EHFL)","177.0","3.9"
"3143818","Shubh Realty (South) Private Limited","",""
"1013636","Ambit Software","87.0","4.1"
"124396556","Kognivera","",""
"3069360","G Square Techsystems","",""
"124657046","Revcare Analytics","",""
"7005793","Reveille Technologies","24.0","2.8"
"124925609","Corefinexperts Global Technologies Aka DhanXpert","",""
"731449","Nakoda Machinery","70.0","3.5"
"124049478","Infidocs Technologies","",""
"2168624","Agappe Diagnostics","215.0","3.9"
"124400366","Krigger Organisation","4.0","2.6"
"475025","Symbiosis Centre for Distance Learning (SCDL)","36.0","3.2"
"1118168","Rayna Group","31.0","3.6"
"2867320","Executive Car Rental Services (ECRS)","17.0","3.9"
"2939478","Ityx","30.0","4.4"
"4358920","Hyundai Engineering Plastics","18.0","2.9"
"4231158","Trimasys Control Solutions","76.0","3.8"
"5245732","Patil Group","315.0","3.7"
"920870","Miles Education","115.0","3.0"
"5334468","Covalensedigital","89.0","3.5"
"125117095","Kotadias Dental Care","",""
"123737263","Softtech Engineers","136.0","3.4"
"4983366","Yoga Enterprises","8.0","4.4"
"124539550","Technochem","2.0","5.0"
"87214","Mothers Recipe","89.0","4.0"
"2224732","Healthpole","2.0","5.0"
"124603346","Ashvini Magnets","19.0","3.6"
"125116607","Avatrita Heal Smart","",""
"6085004","Rainbow Developers And Promoter","3.0","2.9"
"124261822","Aanseacore","",""
"477341","Millennium Semiconductors","62.0","3.7"
"6361650","BSC Services","",""
"89123","INNOVATION TRIGGERS MGMT PRIVATE LIMITED","",""
"4778184","D Source","",""
"125122119","Confidential","",""
"124504246","Volt-age Energy","4.0","4.6"
"244776","Kumar Elastomech","76.0","3.5"
"5699254","iT Gurus Software","25.0","4.0"
"3125722","Align Technology","61.0","2.8"
"5030488","HeapTrace","36.0","1.9"
"124364718","Critical Start","5.0","3.5"
"5943644","Inspirext Consulting","21.0","3.5"
"5645940","Encora","915.0","3.4"
"123621009","Mittsure Technologies","118.0","2.8"
"123883841","Ssfm Group","8.0","3.5"
"2607876","Ddn Services","35.0","2.9"
"5573824","Platform9 Systems","2.0","3.3"
"1886268","Dimakh Consultants","19.0","2.9"
"124023646","Zentrades","14.0","2.3"
"1965136","Neova Solutions","43.0","3.9"
"5885078","Pattern Technologies","79.0","4.2"
"124313342","Alifcloud It Consulting","16.0","4.6"
"125119145","Rohit Group","3.0","3.8"
"4485700","Applus+ IDIADA","231.0","4.0"
"3236042","Wurth Information Technology India","39.0","4.3"
"5210396","Levitek","2.0","3.6"
"5358944","Sentio Technologies","2.0","5.0"
"2609404","Keywords Studios","107.0","3.1"
"2031602","ITALIA Group","45.0","4.1"
"6903917","Youwin Technologies","3.0","5.0"
"4254052","Gnr Solution","24.0","3.8"
"124682364","Pravin Realty","",""
"6969213","On Direct Marketing Services","46.0","2.8"
"123838269","Vionsys It Solutions India","31.0","4.1"
"124346516","Edgily Technologies Pvt Ltd","",""
"5984194","Karma Realty","15.0","3.8"
"124430342","Lucerne Waters","4.0","1.0"
"124924959","AL Arabian Express","",""
"123590163","Gokloud Software Solutions","5.0","4.4"
"4708396","Mantra Properties","277.0","4.2"
"3176406","OMFYS Technologies India Pvt. Ltd.","40.0","2.6"
"124309776","Iair Technologies","14.0","3.8"
"4021710","TRC Corporate Consulting","",""
"124291864","Wisteria Properties","15.0","3.5"
"125120607","Tanaji Shankar Yadav","",""
"125119547","Sunil Kale And Associates","5.0","3.8"
"124777497","Mahir Investment Advisers","",""
"2545202","Kalyani Technoforge (KTFL)","448.0","3.7"
"2847060","Trinamix Systems","398.0","4.4"
"124847249","Smart Employment Services","",""
"5553074","Marketing And Management Solutions","",""
"757991","Altera Digital Health","228.0","3.4"
"123754257","Vivandi Group","",""
"33839","Synoptek","86.0","3.6"
"1774106","UEI Global","39.0","4.0"
"124399250","Enlighten Schola","",""
"125016733","Pride Group","5.0","2.5"
"5685662","Pearl Precision Products","188.0","4.0"
"487313","PubMatic","135.0","3.7"
"1753854","Discreet Solutions","22.0","2.9"
"124887957","Successful Corporate Service","",""
"64902","TUV SUD South Asia","1228.0","4.0"
"124181140","Rightwood","",""
"5907508","Seikor Group","",""
"5037028","Tradexa Technologies","43.0","4.6"
"5896290","Vidya Online","23.0","3.9"
"124843093","Spinta Technology","",""
"3999066","Aeron Systems","31.0","4.3"
"964168","Medsynaptic","27.0","4.2"
"177003","Sarla Advantech","135.0","4.0"
"4317822","Hira Walraven Installations Systems","3.0","3.3"
"5740332","Gefit Technologies","",""
"3909768","Unitherm Engineers Limited. ","76.0","3.9"
"740049","Atidiv","193.0","2.9"
"123547671","FOCAL CHARGE","",""
"730395","Human Capital Solutions And Services","",""
"124371244","Nikhil Constructiongroup","13.0","4.3"
"125117911","Eli Technical Economic Services India Private Limi Ted","",""
"915728","Satcom Infotech","11.0","3.3"
"5317072","Offshore Accounting & Taxation Services","50.0","4.2"
"889970","MMF-Hospitals Association","6.0","4.2"
"199351","Ascent Business Solutions","435.0","3.2"
"124495182","Adeptuz Management Solutions","",""
"124101110","Imocha","58.0","3.9"
"83919","Aar Em Electronics","19.0","4.5"
"124908815","Ithena","12.0","4.5"
"124583524","Agilysis Global It Solutions","",""
"124544166","Newbridge Fintech Pune","",""
"124521224","Alligator Energies","",""
"123817283","Mangoapps India","13.0","2.5"
"124813653","Sumeet Ssg","",""
"125120377","Ratnapriya Enterprises","",""
"124384746","P R Consulting Engineers","",""
"124701600","Elliot Systems","7.0","4.7"
"3395772","Cargill","1940.0","3.9"
"3946996","IDP","546.0","3.6"
"5756070","Hydro Prokav Pumps","18.0","3.6"
"123573449","Evora","52.0","3.6"
"3924162","Ascent Technosystems","6.0","4.9"
"6166498","Bbdit","6.0","1.3"
"124461410","Kaeyrus","",""
"5029978","SecurityHQ","",""
"5303220","Netspi","16.0","3.7"
"124391314","Vcheck","3.0","2.0"
"124633744","Tulip Infra Pune","",""
"124602974","Hemocue","21.0","4.0"
"4479426","Optima Solutions","37.0","3.8"
"123881193","Parentpay","77.0","3.7"
"124110582","Geminus Tech","2.0","3.0"
"3939324","Tops Technologies","61.0","3.3"
"125116955","Sapphire Taxofinance Consultants","2.0","4.0"
"125090147","Recktronic Devices And Systems.","17.0","4.5"
"1686172","Sustainable Agro commercial Finance (SAFL) ","109.0","4.2"
"1881534","Vidushi Infotech","42.0","2.9"
"123741557","Kibo Commerce","14.0","3.4"
"123487497","Cogniwize","15.0","2.9"
"124350648","B U Bhandari Mercedesbenz","19.0","3.9"
"1963478","Zymr Systems","80.0","3.0"
"124894395","Freightfox","",""
"125047273","Iconic Brand Solutions","",""
"124310202","Critical Start","5.0","3.5"
"237641","Option Us","",""
"5605400","Igrow Virtual It Solutions","",""
"3680728","Partex.AI","220.0","4.0"
"125049611","Palmonas","10.0","2.4"
"3668532","Human Asset Management Services","",""
"124616484","bp","527.0","3.8"
"118473","Patvin","50.0","4.0"
"6204362","ACCELINE DIGITAL MEDIA PVT. LTD.","16.0","3.9"
"123725539","Ms Veeraja Industries","11.0","3.9"
"333","Drishti Consultants","",""
"2734678","Shipco It","172.0","3.7"
"125120463","Berln Elevators And Electricals","",""
"123564369","JSM Consulting Inc","",""
"898642","Enrich Energy","129.0","4.1"
"5265602","Accelirate Softech","",""
"2084882","Micro Supreme Auto Industries","34.0","3.0"
"4553424","Bluvium Technologies","14.0","3.4"
"5091980","Jaytech","",""
"6782463","Hatchway Windoor","10.0","2.4"
"124862299","Pioneer Enterprises (india)","19.0","4.1"
"5891564","Nirman Developers","19.0","4.3"
"893922","Indovance","26.0","2.0"
"3278080","Reliance Nippon Life Asset Management","471.0","4.4"
"5448734","auxilife scientific services pvt ltd","6.0","2.1"
"125112719","Zendesk","4.0","4.7"
"992848","Servion","330.0","3.4"
"2834180","Vivaldis","28.0","3.0"
"997254","Leser India","19.0","4.1"
"125081999","Sensia Energy","19.0","3.0"
"123470459","Transace Tax Hr Advisors","",""
"123999788","Agile Technology Solutions Your Technology Partner","",""
"74030","Century Enka","241.0","4.0"
"4566774","SPARK IT Training institute","33.0","4.1"
"5158938","Seamless Education Academy","16.0","3.6"
"6832307","La Densitae Clinic","18.0","3.0"
"5445756","Wardwizard Solutions","180.0","3.4"
"123765693","Whitefield Network","",""
"3273584","Nexapp Technologies","32.0","3.5"
"124017050","Iatika Technologies","10.0","3.6"
"125119469","Samarth Diagnostics","",""
"7038091","Mangalam Landmarks","152.0","4.7"
"1341346","Gurucul Solutions","33.0","4.0"
"124308086","Bector Automation","63.0","3.4"
"6074444","Vilas Javdekar","261.0","3.7"
"6598520","Sharp Facility And Placement","",""
"6539872","Unity Small Finance Bank","847.0","3.7"
"124043690","Duncan & Ross","28.0","4.1"
"740260","Transcom","",""
"5609904","Essem Talent","",""
"508499","Hansol Logistics","82.0","4.0"
"6402542","Nutanxt Technologies","10.0","4.6"
"4057754","Huntwin Dimensionz","",""
"124005800","Kelvion","100.0","3.8"
"658861","Walchandnagar Industries","258.0","3.3"
"124375818","Fukoku","152.0","3.6"
"124636580","Shriram Enterprises","56.0","3.4"
"1404524","Pragmatic Career Solutions","",""
"489369","Akas Medical Equipment","56.0","3.7"
"5191616","Logicmonitor","83.0","3.5"
"124400782","Iagami Technologies","3.0","5.0"
"124397152","Inorg","60.0","4.5"
"5825616","Checkmate Security Solutions","",""
"10820","Focus Management Consultants","",""
"4397166","Hitachi Vantara","305.0","3.5"
"5251496","Yotta Infrastructure","137.0","3.6"
"1912096","BroachcutterMagnetic","16.0","3.9"
"123857555","Rescon Manufacturing Co","",""
"123796199","Kamdhenu","163.0","3.6"
"607521","HRD House","",""
"3565864","Techbulls","38.0","4.0"
"124739985","Dream Works Realty","",""
"4491610","Avior Enterprises","19.0","4.0"
"6226004","Everest Technical Services","60.0","4.2"
"149232","Aditya Birla Memorial Hospital","1729.0","3.8"
"124970305","Talentserv Consulting","13.0","4.9"
"123711921","Ezinformatics Solutions","",""
"6895675","Yashasvini Recuriter Services Pune","",""
"124533508","Abyss Realtech Solutions","",""
"731677","Innofitt","16.0","4.5"
"935308","Regal Management Services","",""
"124299000","Rojo Consultancy","",""
"493595","Yuva Hr Services","",""
"4166902","Connectors","",""
"5839288","Teclogos Automation","24.0","3.7"
"400167","Technossus Software Services","17.0","3.7"
"124453034","Redaptive","28.0","2.4"
"4238254","ASP Ol Media","204.0","4.2"
"123965907","Boxoffice Space","3.0","3.1"
"20239","Shivrai Technologies","37.0","3.0"
"217789","IDP","546.0","3.6"
"123809327","House of Edtech","143.0","3.9"
"124452114","Verve Global Services","",""
"4575272","Meritus Management Service","",""
"125131635","Arabia Originals","",""
"124118666","ASK Corporate Services","",""
"2585916","Master Tour Organisers","2.0","1.6"
"6210240","Pixelque Software","39.0","4.4"
"5418590","Infogrowth","41.0","4.5"
"2666492","Chellaram Hospital","5.0","4.4"
"4848310","Garrett","112.0","3.3"
"4354028","General Energy Management Systems P","230.0","3.6"
"3909454","Uttam Sucrotech International (USIPL)","50.0","3.9"
"123777294","Cacti Legal Services","62.0","3.5"
"124562314","Nirman Aakruti Design Studio","",""
"4378006","Fps Innovation Labs","3.0","3.0"
"125122151","NEO Kinetic Services India","6.0","3.2"
"1578124","Hummingbird Web Solutions","64.0","3.0"
"1885858","Tenneco","1165.0","3.7"
"1817528","Brose Fahrzeugteile GmbH & Co.","157.0","3.7"
"125109817","Speed It Innovations","",""
"4793828","Univision Technology Consulting","15.0","2.8"
"124556756","Cygnus Professionals","",""
"3869794","Iinsight Consulting","",""
"124460660","ANJALI T.PRECISION","16.0","3.3"
"124624904","Billion Broadcaster","6.0","3.0"
"123624767","The Emprego Consultants","6.0","4.8"
"12021","Binny Wads","17.0","2.7"
"6166096","Vensysco Technologies","4.0","4.3"
"1513","Aum Staffing Services","",""
"6031656","SBS Consultants","",""
"123950895","Aeon Integrated Building Design Consultants","22.0","2.9"
"755801","Aabhaas Manpower Services","",""
"4716768","OHI Marketing","2.0","4.0"
"5094590","Anglerfox Transverser Labs","",""
"2715554","Multiplejobs","",""
"124965965","Anishine Talent Partners Noida","",""
"124746957","Omega Healthcare","153.0","3.6"
"3992616","Lawrence Consultany","",""
"125079751","Adroit Recruitment Solutions","",""
"5933264","Kredx Finance","",""
"123540079","Kairos Human Consulting","",""
"124098350","Grey Lake Solutions","",""
"124808739","Syncup","",""
"1636574","Sharda Consultancy Services","",""
"2328004","Abrasive Engineers","15.0","3.6"
"124276712","Savani Financials","",""
"1135312","Vilas Vasudev Desai","",""
"1796010","One March India","",""
"714649","Zessa Wellsol Pvt. Ltd.","140.0","3.3"
"5195630","Four S Hr Partners","",""
"125125673","Doton Industries","",""
"967268","CLR Facility Services","209.0","3.8"
"123916917","A Sure Consultancy","",""
"124504772","Hrji Consultancy","",""
"4961122","Lagozon Technologies","46.0","4.0"
"5339382","Renaissance Investment Managers","8.0","1.7"
"5853078","Kartavya Healtheon","142.0","3.9"
"3137754","Aroha Technologies","",""
"6915203","Future N Career","",""
"1014332","Basiz Fund Service","57.0","3.4"
"1988260","raj Enterprise","",""
"4568310","Savit Interactive","26.0","4.1"
"3720666","Wahaa Travel And Tours","",""
"123569275","Ritinox Overseas Llp","4.0","3.4"
"6019982","D&H Secheron","25.0","3.9"
"2920738","Extrius Consultants","",""
"4423304","Harman Plastic Industries","16.0","2.4"
"125124311","Intouch Leather House India","",""
"718989","RK Hr Management","",""
"730417","Anyonyam Consulting Services","",""
"1722894","Azure Systems","2.0","1.3"
"5160842","Fazlani Exports","44.0","3.9"
"125108599","AKA Business Solution","",""
"123827909","Nido Machineries","129.0","4.0"
"2043292","Bombay Hospital and Medical Research Centre (BHMRC)","137.0","3.8"
"175922","Step Up Placements","",""
"7104897","Straviss","29.0","2.9"
"123751291","Deep Consultancy","",""
"5299652","Gala Shrink Fit","23.0","3.4"
"124169286","Naukri E Hire Campaign","",""
"123650109","Radcliffe Education","8.0","3.6"
"1647254","eSecForte","65.0","3.9"
"1283112","Kantilal Chhotalal","6.0","5.0"
"124789365","ANITZ HR SERVICES","",""
"123877869","Shree Associates","",""
"123981457","Aeke Consultancy","",""
"124153438","Freelancer Shobitha Alva","",""
"4488768","Millennium Organisation","85.0","4.1"
"6814569","Rachana Construction","55.0","3.6"
"124891741","Chartered Accountants","29.0","4.3"
"6755503","Renowned Branded Apparel-Textile Manufacturing Group head office at Thane (West) Mumbai","",""
"6031642","Asha Ashok Mahadik","",""
"749925","Tulip Consulting Services","",""
"124574392","Accutick India Corporate Solutions","",""
"5603084","V Connect Management Services","",""
"124787943","Appzime Technologies","19.0","5.0"
"4947710","Tis Labs","",""
"124118488","Proficient Hr Services","",""
"125090327","Joboppor Hr Consultancy Services","",""
"827675","Wize Careers Consultants","",""
"124891883","K J Infrastructure","7.0","4.5"
"459903","Empower Recruitments","",""
"1994098","Exponent Jobs","",""
"124375726","Esenca Skin Sciences","",""
"123580441","Development Consultants (DC)","197.0","3.4"
"125058973","Let2b","",""
"4533180","P3 Architectural Solutions","46.0","4.2"
"157674","Pal Fashions","32.0","3.7"
"123510133","Lakshachandi Housing And Infrastructure","",""
"125113469","Tangerine","3.0","3.5"
"123789257","Jaincotech","",""
"647807","Texperts India","69.0","4.0"
"123710135","Cerity Global India Llp","",""
"124824631","Ada Lovelace Technologies Mumbai","2.0","5.0"
"125120015","Sycamoree Technocraft Limited","",""
"7125462","Jobsphere Hr Solutions","",""
"6205174","V Chains Jewellery Tax","",""
"124811803","Highness Microelectronics","",""
"124098580","KBM Engineering Consultancy And Manpower Supply Services","",""
"6177320","Urja Talents ","",""
"5558790","Apto Management Services","",""
"125004","Acma computers","168.0","3.1"
"124078504","Talentxplore","",""
"123744151","Minita Gupta","",""
"1480522","Executives Corridor","",""
"6904875","Crest Management Solutions","",""
"6193192","Parasrampuria Finstock","",""
"2275798","Pplanet Hr Services","",""
"782096","HD Fire Protect Limited","49.0","3.6"
"3544902","FINTOO","3.0","3.4"
"529071","PRIME PLACEMENT & HR SOLUTION PRIVATE LIMITED","",""
"124786171","Wilson Pen","",""
"424785","Zodiac HR Consultants","",""
"4214566","Skywings Advisors","",""
"2401430","Scottish Chemical Industries","12.0","4.2"
"2401620","Bliss-ca Technologies","",""
"123564721","HR Lexcalations","",""
"115660","Aratis Consultants","",""
"1482260","Ipsaa Holdings","14.0","3.1"
"5034342","Synaptein","6.0","2.2"
"4077846","Anita Gas Service & Evita Home Appliances","",""
"6675925","Beauty Concepts","44.0","3.3"
"123584453","Flying Collars Solutions","",""
"123853617","Boston Institute Of Analytics","187.0","4.3"
"123697189","Uniform 2 Corporate Hr Services","",""
"124704232","Aiipo Equipro Advisory Nagpur","",""
"750627","Corporate Stalwarts","",""
"2646826","Wachstum Consultants","",""
"123725571","Jobz Un","",""
"125028173","Triology Solutions Pvt Ltd","",""
"125122403","Texwiz","4.0","3.0"
"123590985","Arck & Co","2.0","3.7"
"2462034","PSA Cargo","48.0","3.1"
"4663794","Snapmint Credit Advisory","49.0","3.7"
"5589414","Sunita Agri Exports","",""
"3968490","KK Technocrats","18.0","4.3"
"728947","Career Genii Consulting","",""
"4021342","Emids Technologies","583.0","3.7"
"4438406","Steel Infra Solutions Company Ltd. (SISCOL)","213.0","3.7"
"5045118","Systechcorp Inc","18.0","4.2"
"845041","The Kids Clinic","60.0","4.4"
"123472451","Advantage Club","62.0","3.8"
"5928634","Sr Maxskill Manpower Consultancy","",""
"5422282","Tiki Tar And Shell India","25.0","4.2"
"124901645","Shivin Hr Professionals","",""
"2005360","Techstar Software Development India","",""
"6980519","Synkcode","23.0","4.7"
"4413804","Sumeru Talent Management","",""
"6743125","Myjobcart Software","",""
"1656816","Mobilution It Systems","",""
"5951352","VC Nutri Foods","5.0","3.2"
"124026156","Scignohub India","35.0","3.2"
"4258464","Innovation Meditech","14.0","4.3"
"124986395","Rudram Realty Services","",""
"124085926","Scindia Kanya Vidyalaya","10.0","4.0"
"4948968","Truminds","106.0","3.6"
"6622436","Attero Recycling","114.0","4.4"
"3974784","Carelon global solution","3652.0","3.8"
"1060","Sapient (publicissapient)","3590.0","3.4"
"123983992","Svarapps","7.0","4.7"
"4416250","Achievin Solutions","",""
"4036142","Clix Capital Services","409.0","4.0"
"3400552","Aaneel Technology Solutions","21.0","4.5"
"7134337","Aviva India","858.0","3.5"
"3036112","AVASO Technology Solutions","106.0","3.5"
"6711879","Frootle India","86.0","3.8"
"124669342","GE VERNOVA","1351.0","4.1"
"125119159","Tatpara","",""
"3618116","Emkay","96.0","3.5"
"1751148","Adventum Technology Consulting","",""
"1839642","Neogrowth Credit","381.0","3.2"
"1703046","WinWire","177.0","3.2"
"1013146","Clinchoice","110.0","4.0"
"5619844","Mygo Consulting Inc.","13.0","4.5"
"123682381","Kezan Consulting","34.0","3.8"
"124756861","Can Fin Homes Limited","273.0","2.9"
"124712809","Infotech Consultancy","",""
"124120448","SCS Engineering And Technical Services","3.0","3.5"
"5168296","Pioneer Placement Services","",""
"123670615","Mileage Media Mantra","",""
"124806889","Ushramedge Technologies","",""
"406549","Trans Acnr Solutions","72.0","4.1"
"4495664","Sigma Hse","5.0","3.5"
"124140034","Select Technologies","9.0","3.6"
"14258","Corporate Connections","",""
"5915276","AV Global Advisory Services","",""
"124411400","Sekhmet Pharmaventures","35.0","3.6"
"124471702","Dishha Staffing Services","",""
"1821920","Casantro","1493.0","3.4"
"124073522","Growtele Communication","2.0","3.8"
"1257300","Spectramedix","35.0","3.8"
"124007920","Alms Group","",""
"6341722","Cloudodyssey It Solutions","25.0","3.5"
"3237926","Success Booster","",""
"314399","Pega","338.0","3.6"
"4658864","Epiroc Mining India","435.0","4.0"
"5807126","Yitecoat Consulting","",""
"5835490","Elfonze Technologies","",""
"5994182","Phygital Insights","",""
"2285840","Primera Medical Technologies","610.0","3.6"
"5763830","Red Shift","",""
"123760317","Virtuoso Technologies And Consulting","2.0","3.6"
"123712769","Gold Tree Hr Solutions","",""
"6581230","Mastersearch Hr Associates Limited Liability Partn Ership","",""
"124390244","SSA Nirman India Pvt Ltd ","2.0","4.0"
"756187","Sandhata Technologies","52.0","3.9"
"3946952","Rightpoint","63.0","3.9"
"138937","Career Solutions","",""
"991412","Stefab","29.0","4.6"
"6419986","Techedge Inout Solution","",""
"123807649","Ultra Stone Impex","4.0","3.4"
"4633814","Astreya","87.0","3.5"
"123792709","Nexucon Consultancy Services","",""
"124152966","Oigs Consultancy","",""
"6235542","Telcovas Solutions Services","11.0","4.2"
"593193","Clinisys Group","58.0","3.3"
"6670095","Digital Mapout Solutions","8.0","2.8"
"125107181","Stringserve Technologies India","3.0","3.2"
"14928","Innominds Software","524.0","3.3"
"6149554","Edelweiss Financial","1104.0","3.8"
"686503","WinWire","177.0","3.2"
"3957460","Ikrux","",""
"125119299","Inevitable Electronics","6.0","4.9"
"123580331","Good Life Placements Glp","",""
"4646124","Ficuslot Innovation","10.0","3.5"
"5317490","DPIIND","12.0","3.7"
"3273840","Direct Dialogue Initiatives","46.0","4.0"
"94697","Dream Solution Indore","",""
"25559","Immunoshop","33.0","3.4"
"5321138","BHANWAR RATHORE DESIGN STUDIO (BRDS)","64.0","3.6"
"984948","Zillion Technologies","41.0","3.7"
"124986631","Origain Global Corp","",""
"123677103","Pyks Co","",""
"5800626","Icreative Solution","",""
"518527","In Time Tec","425.0","3.6"
"124318556","Delhi Tashan Restaurant","",""
"123754145","Seleccion Consulting","4.0","1.8"
"6744619","MSM Global Education","12.0","1.7"
"2181460","Ablycon Global Angalore","",""
"689041","TEG India","3.0","4.0"
"1403068","Hitechmind Solutions","",""
"124754473","Strategic Concepts","",""
"5373204","Attendasoft","2.0","5.0"
"6302642","Edurun","",""
"124101780","ConnectIN Jobs Global","",""
"6268390","Sukcez Career Consulting Services","",""
"123982809","Jobbycart Technologies","",""
"1112986","The Firm P","",""
"5865112","Virtual Building Studio","",""
"125080283","Vishvavyapsamadhanam Services","",""
"913438","Stemrobo","95.0","4.1"
"123710563","JSM Engineering & Consulting Services","",""
"4752190","Razor Sharp Hr And Consulting Opc","",""
"5004358","Akgvg & Associates","111.0","3.2"
"124677074","Cloud Talent Search","",""
"124469564","Health Bloom","",""
"310","Digvijaya Management","",""
"250038","SSC Technologies","1674.0","3.3"
"2204696","CIL Securities","5.0","4.4"
"124560312","Karujha","",""
"123943249","GlobalXperts Technology Pvt. Ltd.","43.0","2.6"
"124467512","Planet Herbs Lifesciences","6.0","4.9"
"124172924","IHX","24.0","3.8"
"124080786","Event-u-all","",""
"124038962","Makrocare","98.0","3.2"
"124607642","Amoga","7.0","2.5"
"124497498","RGA Software Systems","2.0","4.1"
"123596287","Huquo Consulting","15.0","2.8"
"123596625","GM Global Products And Sales","",""
"124595900","Infosun Technology","20.0","4.4"
"124017998","Cloud Peritus","20.0","3.7"
"68199","Apps Associates","178.0","4.0"
"4706514","Iolite Technologies","32.0","4.1"
"526871","Progress Rail Innovations","34.0","3.7"
"123598207","SMART4TALENT","",""
"123597383","AVE-Promagne Business Solutions","",""
"123722451","Pericius Technologies Private Limited","17.0","2.6"
"123856861","KARESS CONSULTANTS","",""
"124536906","Mydbops It","30.0","4.0"
"5022626","Certara Software India","3.0","1.6"
"5035398","Qure.ai","33.0","4.0"
"5399780","Media Iq Digital","97.0","3.2"
"125090453","Acumera Rigel","8.0","4.2"
"3590702","Mtar Technologies","230.0","3.9"
"4988640","Biomatiq Quality Solutions","6.0","4.4"
"3595884","Hiver","10.0","3.2"
"6847181","Deliveroo","28.0","2.8"
"124944503","Sanlayan","",""
"124584640","Valenta Bpo Solutions","162.0","3.7"
"124650446","Anko Gcc","7.0","3.8"
"1963148","Clover Infotech","1452.0","3.4"
"5277472","Diligent Force Labs","",""
"124704084","Sarvam","",""
"124184140","Olr India Consulting","7.0","4.2"
"124581772","Mushroom Solutions","5.0","4.2"
"5507346","Docusign","16.0","3.1"
"123711323","Bell Textron","",""
"1887226","Bizacuity","30.0","2.7"
"124460994","Karbon Card","16.0","3.3"
"123887845","Assembly Global","31.0","4.1"
"4697600","Awign Expert","315.0","3.7"
"124899579","Krafton","",""
"6452480","KRAFTON India","",""
"124084568","Relanto","50.0","3.7"
"1894944","Infotrack Telematics","15.0","3.9"
"4419016","Arcesium","345.0","3.5"
"3526032","Omron Industrial Automation India","81.0","4.1"
"124049480","Gallagher Service Center (GSC)","2305.0","3.7"
"4901150","The Edge Partnership","14.0","3.0"
"123927289","One Identity","4.0","4.0"
"5105124","Royal Cyber","170.0","3.3"
"124893663","Intuitive Surgical India","15.0","4.8"
"123538341","Cloudifyops","28.0","3.8"
"124429814","Radancy","2.0","4.5"
"3737830","Conviva","14.0","3.6"
"4845132","Vunet Systems","58.0","2.6"
"4893890","Intuitor Softtech Services","7.0","4.2"
"6569918","Techcarrot Fz-llc","26.0","3.0"
"6307456","Syneos Health","724.0","3.7"
"124369022","Artex Risk Solutions","",""
"124128556","Himalaya Wellness","2313.0","4.1"
"124012740","Leaguex Gaming","5.0","3.9"
"124458806","Brickwork Ratings (BWR)","141.0","3.4"
"125116959","Gravitye Steel Structures","",""
"2041726","Trelleborg","270.0","4.0"
"125126991","Keekoo","",""
"3111122","Teri","19.0","3.4"
"2611762","Taylor & Francis","31.0","3.2"
"3595674","Bempu","8.0","4.5"
"3940096","Stats Systems India","171.0","3.5"
"4803536","Ralph Lauren","64.0","3.9"
"4673036","Q2","91.0","3.4"
"6456888","Credit Saison","197.0","4.0"
"124543888","Informa Connect","",""
"124781507","ModMed Technologies India Private Limited","29.0","3.0"
"4203664","Myhq","12.0","3.2"
"4680950","Valenta Bpo Solutions","162.0","3.7"
"5049422","Tyasuite Software Solutions","28.0","3.4"
"5303244","Dover Corporation","102.0","3.7"
"6529956","Camcom","7.0","4.9"
"124651700","Maag Pump Systems","",""
"1581650","Model N","153.0","4.2"
"2257712","Bloom Energy","60.0","3.8"
"3593740","Veolia","295.0","4.3"
"4183818","Sixt Research And Development","55.0","3.3"
"4419618","Infoblox","130.0","4.0"
"123811459","Inoapps","21.0","3.5"
"123513681","Remotestar","2.0","5.0"
"6728665","BILVANTIS TECHNOLOGIES","3.0","1.3"
"123787595","Prudential Corporation Asia","",""
"124028422","Bread Financial","209.0","4.0"
"124300106","Evnek","3.0","4.2"
"124651394","Vantive","92.0","4.6"
"124681362","Instead","",""
"124370704","Outreach","8.0","4.9"
"833933","Fission Labs","66.0","4.1"
"124089930","Appxcelerate Solutions","4.0","4.0"
"6006398","Haystek Technologies","4.0","3.1"
"756773","Affine Analytics","186.0","3.3"
"123474385","Emergeus Staffing Solution","",""
"124309968","Emsec","9.0","3.6"
"759389","Arvind Fashions Limited","829.0","4.0"
"6756991","Getix Health","170.0","3.7"
"2208812","American Unit","18.0","4.0"
"6980309","Digitral","21.0","3.5"
"86685","Futurestep Recruitment Services","",""
"125135073","RC HOLIDAYS","",""
"123849797","DCS Industries","",""
"125030523","JSD Medical Business Management Services","33.0","2.7"
"6955743","Sberbank","70.0","3.3"
"6913633","Giant Eagle Global Capability Center Llp","95.0","3.3"
"6673569","H J Software","8.0","3.0"
"2543434","Q2","91.0","3.4"
"125134913","Launched Global","60.0","4.3"
"6250780","Keyloop India","50.0","3.6"
"4885894","Koireader Technologies","17.0","4.4"
"6985457","Agrizy Ventures","4.0","4.0"
"10835","Zodiac Clothing Company  Ltd","153.0","3.2"
"1188","Sutherland","8060.0","3.5"
"45612","Wockhardt Hospitals","487.0","4.0"
"4927312","Bajaj Housing Finance","1214.0","3.7"
"51229","Dr Lal PathLabs","1769.0","4.1"
"1295512","Muthoot Finance","5707.0","3.6"
"717","Randstad","",""
"1384","Wipro","59857.0","3.7"
"47643","WABAG","680.0","3.9"
"122","Bajaj Finance","8015.0","3.9"
"124359050","Digital Mart Lab","",""
"1366640","AtkinsRéalis","1285.0","3.8"
"1613050","STARTEK","8732.0","3.1"
"125122431","Target Defence Academy","3.0","5.0"
"1394252","Fairmont Hotels Resorts","",""
"1269608","Goldman Sachs","1429.0","3.4"
"1127994","Flex","2581.0","3.9"
"728620","AMERICAN EXPRESS","3575.0","4.1"
"728574","Amazon","28774.0","4.0"
"1428182","PwC Service Delivery Center","11129.0","3.3"
"1127058","EY","12826.0","3.4"
"1576824","Teleperformance (TP)","34166.0","3.9"
"1642074","Tata Chemicals","845.0","4.1"
"731247","HCLTech","41803.0","3.4"
"194374","Amazon","28774.0","4.0"
"30975","Genpact","38095.0","3.7"
"10111","2coms","454.0","3.4"
"125127637","Bharat Batuk","2.0","5.0"
"67223","Asian Paints","8551.0","3.9"
"84477","Lifecell","699.0","3.4"
"82782","Fortis","2371.0","4.0"
"33486","Kotak Mahindra Bank","20306.0","3.7"
"5054286","MRT Infotech","",""
"6028240","KBC Infocom","",""
"4985058","IGT Solutions","3210.0","3.3"
"832893","Narayana Health (NH)","1770.0","3.9"
"30210","DMart","5396.0","3.9"
"1041214","HDB Financial Services","23344.0","3.9"
"841281","Delhivery","7045.0","3.8"
"302585","NTT DATA, Inc.","3290.0","4.0"
"123853025","Neha Mathur","",""
"4781408","ALLIANZ SERVICES PRIVATE LIMITED","506.0","4.2"
"3018490","IndiGo","3018.0","3.5"
"19311","Suguna Foods","1397.0","4.0"
"4368150","Stanza Living","1015.0","3.0"
"2374520","Global Talent Track","112.0","3.3"
"4187456","Manipal Hospitals","1713.0","4.0"
"3389506","Kotak Mahindra Bank","20306.0","3.7"
"838417","HCLTech","41803.0","3.4"
"44759","Pfizer","1970.0","3.9"
"31163","Indusind Bank","12822.0","3.4"
"16564","Hexaware Technologies","6931.0","3.5"
"4429644","Veolia","295.0","4.3"
"43920","Hexaware Technologies","6931.0","3.5"
"2052","Nestle","2514.0","3.8"
"4359208","HCLTech","41803.0","3.4"
"5090676","HCLTech","41803.0","3.4"
"4263814","HCLTech","41803.0","3.4"
"5081834","Evolvous Infotech","4.0","2.5"
"3266166","Tech Mahindra","39993.0","3.4"
"1632940","NoBroker","2368.0","3.0"
"835109","SUEZ","459.0","4.2"
"6611","ABB","3102.0","4.1"
"124381392","Equiniti India","422.0","3.7"
"3648980","HCLTech","41803.0","3.4"
"144993","Mphasis","9509.0","3.3"
"123791941","WMart Infocom","",""
"1086232","Sprinklr","370.0","2.8"
"4534218","Red Hibiscus Info Solutions","",""
"3909676","Adidas","676.0","3.9"
"410527","Infosys","44792.0","3.5"
"3432","Kotak Life Insurance","3325.0","3.6"
"2536620","1mg","1392.0","3.6"
"333369","Jaquar Group","1290.0","4.1"
"1129648","Ienergizer","26517.0","4.7"
"5889206","AMERICAN EXPRESS","3575.0","4.1"
"2114","Cognizant","56879.0","3.7"
"602","Ion Exchange","1129.0","3.8"
"5877178","Mata Laxmi Nursing Home And Investigation Centre","",""
"106668","EY","12826.0","3.4"
"5082998","Airtel International","15743.0","3.9"
"57496","K Raheja Corp","728.0","4.2"
"728545","Trigent Software","",""
"40927","Hdfc Bank","46424.0","3.8"
"3796418","Blackbuck","2447.0","3.7"
"6519476","Reliance Industries (RIL)","18462.0","4.0"
"5628896","Next Business Services India","",""
"60445","Relaxo","1413.0","4.0"
"111","Atos","4665.0","3.8"
"1873918","Bureau Veritas Consumer Products Services","2140.0","3.8"
"139895","Amar Ujala","488.0","4.1"
"123802593","Collabera Talent Solutions","",""
"5427528","Beeu Infotech Limited","",""
"7679","eClerx","5685.0","3.1"
"4178872","Havells","4067.0","3.9"
"123968901","Trident Global Corp","",""
"1601","TELUS International","1603.0","3.6"
"32423","Vadilal","541.0","4.0"
"84517","Lodha Group","2028.0","4.0"
"168577","Airtel","15743.0","3.9"
"751955","Alkem MedTech Ortho Private Limited (Formerly known as Bombay Ortho Industries Pvt Ltd)","3218.0","3.9"
"58983","Zydus Lifesciences","6735.0","4.0"
"78775","Malayala Manorama","190.0","3.8"
"374","M/s Gi Human Resources And Services","",""
"179085","Torrent Power","1705.0","3.8"
"1495124","Kaya Skin Clinic","425.0","3.6"
"8916","KSB","318.0","3.9"
"9364","Shahi","2001.0","4.0"
"4714786","Ienergizer","26517.0","4.7"
"1123068","G4S Corporate Services (india)","2477.0","4.0"
"18536","Marico","1475.0","3.9"
"27977","JINDAL STEEL & POWER","3663.0","3.9"
"16987","IBM","24311.0","3.9"
"27117","Accenture","66726.0","3.7"
"7053","Capgemini","48684.0","3.7"
"124060648","Indifi Technologies","322.0","3.6"
"6595","Avantor","306.0","3.6"
"109948","Wipro PARI","723.0","3.3"
"6762","Conduent","3018.0","3.4"
"93105","Qualcomm","1094.0","3.7"
"3830654","Meesho","1982.0","3.7"
"1773","S&P Global Market Intelligence","2897.0","4.0"
"1755700","Keysight Technologies","443.0","3.9"
"2700948","Pitney Bowes (PBI)","292.0","3.7"
"2029608","Apollo Tyres Ltd","2652.0","4.0"
"2258940","Clinton Health Access Initiative (CHAI)","47.0","4.2"
"3143370","Deloitte Consulting","20917.0","3.7"
"4794426","Hir Infotech","12.0","5.0"
"1776356","Kellogg Brown & Root (KBR)","496.0","4.1"
"1749566","Marriott","1415.0","4.2"
"1970324","DBS Bank","2322.0","3.8"
"6283142","Reliance Industries Limited","25308.0","3.9"
"125131301","SBS Food Mart","",""
"125126989","Ksquare Architects","",""
"125124363","Proowrx Knowledge Centre","4.0","2.2"
"1642240","Fiserv","2676.0","2.8"
"1617910","Ameriprise Financial","122.0","3.5"
"124429774","Pratham Software","83.0","4.2"
"3006198","WPP","267.0","2.9"
"2732416","Mahindra & Mahindra Limited.","5121.0","3.9"
"1360428","Cargill","1940.0","3.9"
"1963312","Pakka Ltd","72.0","3.6"
"1430370","Tech Mahindra","39993.0","3.4"
"6569890","Hitachi Energy","855.0","4.1"
"5528382","Silent Infotech","3.0","2.3"
"1617368","Schaeffler","987.0","4.0"
"1123086","IHG Hotels & Resorts","642.0","3.7"
"1440010","KPMG India","6568.0","3.4"
"3220780","Clove Dental","406.0","4.0"
"1885846","FCM Travel","382.0","3.1"
"1641726","Jubilant FoodWorks (JFL)","3715.0","3.7"
"1617326","ICICI Prudential Life","7193.0","4.0"
"1543690","Uflex","1768.0","3.8"
"1418848","Oracle","5904.0","3.6"
"1417130","Abbott","3386.0","4.1"
"1412794","Ericsson","7948.0","4.0"
"1368070","Indian Hotels Company (IHCL)","381.0","4.1"
"1366660","Cvent","539.0","3.3"
"1360470","DECATHLON Sports","1170.0","3.7"
"3722388","Larsen & Toubro (L&T)","21513.0","3.9"
"1779586","Medtronic","615.0","4.0"
"124537432","Imhr Academy","",""
"5516714","Techies Infotech (amritsar)","54.0","4.4"
"3124988","Rockwell Automation","732.0","3.6"
"2254888","Times Internet","730.0","3.4"
"2248000","Swiggy","4910.0","3.7"
"1690188","Pfizer","1970.0","3.9"
"1641836","Nagarro","4567.0","3.9"
"1127084","Ford","776.0","4.1"
"754916","Bechtel","810.0","3.8"
"8474","Adani Group","2121.0","3.8"
"3634","Coronis Ajuba Solutions","261.0","3.8"
"13512","Cummins","3646.0","4.3"
"1739498","REBEL FOODS","890.0","3.6"
"124332152","Staffing Mart Surat","",""
"198177","Paytm","8512.0","3.2"
"3713280","PVR India","",""
"967498","CBRE","4674.0","4.1"
"1374238","OYO","3764.0","3.1"
"3277692","Teamlease Digital","",""
"36356","Schneider Electric","4528.0","4.1"
"835397","Kirloskar Brothers Limited","995.0","3.7"
"580077","Varun Beverages Limited","4223.0","3.9"
"827015","Carlsberg","510.0","4.0"
"125141755","Divya Patthar","",""
"4359500","HCLTech","41803.0","3.4"
"5445794","Phoenix Mills","340.0","4.0"
"4135144","Kaar Infotech","11.0","3.2"
"1124","Sodexo","3437.0","4.0"
"124755737","Shriram Life Insurance","1347.0","3.5"
"2790976","Pvr Systems","15.0","3.4"
"731195","HCLTech","41803.0","3.4"
"68313","Tata International","444.0","3.4"
"3466740","The Hi Tech Robotic Systemz","122.0","3.7"
"125141365","Maudrik Infotech","",""
"124580798","Fateh Chand Bansi Lal Jewellers","",""
"3762410","Muthoot Homefin India (MHIL)","448.0","4.0"
"1136814","Sun Life Global Solutions","86.0","4.0"
"124016256","IndiGo","3018.0","3.5"
"21993","NCR Corporation","1787.0","3.6"
"892542","Tata Consultancy Services","104448.0","3.5"
"1324522","Bigbasket","5235.0","3.9"
"21647","GEP","1186.0","3.6"
"125141271","Visa Permit","",""
"3626434","Cars24","4148.0","3.5"
"193488","Dainik Bhaskar Group","1403.0","4.2"
"81590","Club Mahindra","2188.0","3.5"
"6483","PwC India","11129.0","3.3"
"124092436","Grm Academy And Consultant","",""
"4444740","Paisabazaar","1796.0","3.4"
"125141005","Code7 Academy","",""
"126573","Optum","7174.0","4.0"
"1944808","Hdfc Sales","2751.0","4.0"
"7151511","Sterling And Wilson Renewable Energy","150.0","4.2"
"5261246","Bain Capability Network","323.0","3.9"
"149618","CIMIC Group","437.0","4.1"
"125109141","TVS Shreshta Infracon","",""
"79208","Schindler","1330.0","4.0"
"6232604","Innovador Infotech","6.0","2.6"
"124503218","Glitz Info Solutions","",""
"6038","Bar Code India","115.0","3.7"
"6129","Satven","355.0","3.6"
"125122033","Fudiac Academy","",""
"81854","Berger Paints","3777.0","3.7"
"2619278","Mobis India","1012.0","3.8"
"125139427","RR Tvs","",""
"6756","Nagarro","4567.0","3.9"
"124310612","VBC Infotech","",""
"124483424","Abhineh Infotech","",""
"3334","Axis Max Life Insurance","6428.0","4.0"
"486913","Startek (Aegis Customer Support Services Pvt. Ltd.)","8732.0","3.1"
"125138453","THE Ryasa Academy","",""
"124899861","Sutherland","8060.0","3.5"
"604","Iris Software","1764.0","3.8"
"124890879","Adharshila Power","3.0","4.8"
"5009932","Taskus","2014.0","3.1"
"6670099","Nokia","2739.0","4.0"
"124878841","SAP","1872.0","4.2"
"124830895","Alo Info-tech","21.0","4.7"
"125124837","Kvggn Synergy","4.0","3.5"
"1254544","ALSTOM India Limited","2982.0","3.7"
"2357590","Home Credit ","4475.0","4.0"
"1384122","EXL","8028.0","3.6"
"1617572","G4S","2477.0","4.0"
"5435000","Synergy Resource Solutions","12.0","5.0"
"1804796","Sprinklr","370.0","2.8"
"1877448","Innovaccer","473.0","3.5"
"4649416","Millipixels Interactive Llp","46.0","4.7"
"1599548","ATT Communication Services","480.0","3.9"
"1613028","Adobe","1276.0","3.8"
"1799256","Thales","430.0","3.6"
"6342432","Encore India","21.0","3.7"
"124681330","Flsmidth Cement","6.0","4.3"
"1616880","The Tata Power Company Limited","1683.0","3.9"
"2521478","Isha Foundation","143.0","4.0"
"3594060","Yamaha Motor Solutions","106.0","3.4"
"1645600","Avery Dennison","438.0","3.8"
"1369478","Hsbc","5563.0","3.9"
"124965193","Fluor","779.0","4.1"
"124714029","Merkle B2b","3.0","3.8"
"2252470","General Mills","886.0","4.1"
"5462544","Blueberry Group","10.0","3.2"
"2735708","Centre For Sight","334.0","3.9"
"123822601","Allianz Distillery","2.0","4.5"
"3888642","Techno Compass Consulting","7.0","4.0"
"4068974","Huawei Telecommunications (India) Co. Pvt. Ltd.","3.0","1.8"
"699083","LOreal","902.0","3.8"
"9681","Lupin Diagnostics Limited ","6783.0","4.1"
"124783867","United Fins","",""
"5463","Kone","1515.0","4.1"
"14822","Emami","1485.0","3.8"
"645145","HLFPPT","249.0","3.5"
"3192700","Asian Christian Academy Of India","2.0","2.6"
"94315","TTK Prestige","629.0","3.8"
"125087737","Codedge Academy","",""
"125136737","Gaurav Bhagat Academy","",""
"615571","Jindal Stainless (JSL)","2718.0","4.2"
"1414824","Metaphor Infotech","",""
"1609908","Swiggy","4910.0","3.7"
"2114484","Amway ","548.0","4.1"
"2706722","Incred","425.0","3.8"
"123749457","Teamlease Education Foundation","",""
"7137139","Delta 360 Services","16.0","4.8"
"499125","Frankfinn","1592.0","4.0"
"4677170","KD Hospital Rb Shri Harihar Maharaj Kamdhenu Gau Seva Ashram Dharmik Trust","19.0","3.9"
"4323166","Shiv Nadar University","110.0","4.0"
"164600","Hdfc Securities","1579.0","3.5"
"5616444","Star Hire Services","",""
"40903","Tata Projects","6139.0","4.2"
"1279","Torrent Pharmaceuticals","2771.0","3.9"
"68849","Deloitte Consulting","20917.0","3.7"
"141518","Aakash Educational Services (AESL)","3783.0","3.3"
"5245","Innodata India","905.0","3.7"
"125135311","Samra Infotech","",""
"124992269","Laxmi Agency (TATA Solar Rooftops and Equipment)","6.0","4.0"
"5589124","Calibre Infotech","",""
"6673179","Yudeekshaa Infotech","",""
"729979","DBS Bank","2322.0","3.8"
"1863974","You Broadband","313.0","3.9"
"721455","H&B Hr Solutions","",""
"73087","Future Focus Infotech","",""
"2037","XL Dynamics","1440.0","3.3"
"1079870","Utkarsh Small Finance Bank","3954.0","3.7"
"123598467","X Equals To","",""
"125134755","PNB Cards & Services Limited","25.0","3.3"
"1032968","B K Khare & Co","51.0","3.4"
"5955636","Vrata Tech Solutions","18.0","4.4"
"1329040","Manba Finance","280.0","3.8"
"3792802","Starlit Ability","49.0","4.5"
"5419158","Lokmanya Multipurpose Co-operative Society Ltd.","131.0","3.1"
"5374286","The Career Next","",""
"571","Infogain","1276.0","3.5"
"1405","Zensar","2782.0","3.7"
"124269780","Infosys","44792.0","3.5"
"4124","Careernet","",""
"100007","Tech Mahindra","39993.0","3.4"
"1396","Yash Technologies","1861.0","3.7"
"5929","Persistent","4645.0","3.6"
"71554","Xoriant","2158.0","4.1"
"16512","Oracle","5904.0","3.6"
"1466492","Axtria","714.0","2.9"
"123961739","Resorcsync Edge India New Delhi","",""
"3073600","New Groyp Talentoj","",""
"4430238","Citiustech","1867.0","3.2"
"124825545","Cloud orbit Technologies","",""
"124719649","Info Origin","22.0","3.4"
"123506651","Deutsche Bank","4090.0","3.9"
"124453456","Akaasa Infotech Noida","",""
"4815356","BAJAJ FINSERVE","11171.0","3.9"
"899040","Altimetrik","1258.0","3.6"
"2904476","HCLTech","41803.0","3.4"
"314023","IQVIA","4725.0","3.8"
"4242446","Hsbc","5563.0","3.9"
"103622","Black And White Business Solutions","",""
"4320454","Sightspectrum","143.0","3.5"
"7095313","Fly Consulting Services","",""
"2145","Infobeans","383.0","3.4"
"2701712","Wolters Kluwer - Medknow Publications","",""
"239221","Wolters Kluwer","621.0","3.9"
"4676810","Intelliswift","",""
"4114","Crisil","1797.0","3.5"
"132143","Simcon Career & Management Centre","",""
"123578601","Hiring Plus Hr Solution Surat","",""
"1894106","Tetra Pak","431.0","4.1"
"6115678","Catalydd Engineering And Consulting Services","30.0","4.2"
"5643416","Mastercard","874.0","3.8"
"124942623","Eaton Technologies","1247.0","4.0"
"2518922","Beckman Coulter","175.0","3.5"
"3124670","Jabil Circuit India","812.0","3.9"
"2933106","Jones Lang LaSalle","5739.0","4.1"
"124878849","Zensar","2782.0","3.7"
"5416678","Atlas Copco","879.0","4.1"
"1617294","SLK Software","1260.0","3.2"
"1287138","Yash Technologies","1861.0","3.7"
"2260010","Veritas Software Technologies India Private Limited","655.0","3.9"
"123849361","Ayuda Mind Care","",""
"1735740","Druva Inc.","103.0","3.6"
"4900998","Worldpay","113.0","4.0"
"123968707","Reliable Group Paragon","",""
"17084","Ness Digital Engineering","635.0","3.4"
"2896","Fresenius Kabi","1137.0","4.1"
"124542252","Camzy Infotech","",""
"756524","Nice Software Solutions","104.0","2.9"
"538317","Cotiviti","617.0","3.5"
"18166","BMC Software","565.0","4.0"
"123967069","British Council","450.0","3.5"
"124504120","Seagate","106.0","3.3"
"4065506","ZS","2445.0","3.2"
"763472","TIBCO","319.0","3.6"
"1361178","Credence Resource Management","686.0","3.2"
"6594090","Amco Landmark","",""
"1829092","M/s Saber Softech","8.0","2.8"
"25669","Dabur","3399.0","3.9"
"919018","Y Axis","575.0","3.4"
"123922103","Rana Realtor","",""
"124472810","SFO Technologies","834.0","3.4"
"4496","Jabil Circuit India","812.0","3.9"
"125093147","New India Electric-city","",""
"124135646","Sresth Info Solutions Surat","",""
"357289","Ujjivan Small Finance Bank","6368.0","4.0"
"398","Eureka Forbes","2137.0","3.6"
"123549311","Chola","5562.0","3.8"
"3211","PTC","535.0","4.2"
"29457","Indiana Group","117.0","3.7"
"574","Cyient","5058.0","3.6"
"922746","Star Lead","",""
"101409","Varroc","2870.0","3.6"
"68320","ZS Associates (India) Pvt Ltd","2445.0","3.2"
"2257770","PRASA Infocom & Power Solutions","37.0","3.8"
"124878819","HARMAN","3120.0","3.7"
"1496760","Amdocs","4516.0","3.7"
"754894","MSCI Services","336.0","3.9"
"1269626","Crisil","1797.0","3.5"
"3584930","Aramex","389.0","3.3"
"3154078","Syngenta","1007.0","4.1"
"3336210","DXC Technology","11239.0","3.6"
"3310816","Robert Bosch Engineering and Business Solutions Private Limited","",""
"2064404","NICE","594.0","3.5"
"119624","Compass Group","1447.0","4.0"
"5305066","Skoda Auto Volkswagen","866.0","4.0"
"4086366","Busybees Logistics Solutions","3596.0","4.2"
"39356","Titan Company","2872.0","4.2"
"2613","Tata AutoComp","1312.0","3.9"
"5515120","upGrad","1977.0","3.5"
"32580","KPMG Assurance and Consulting Services LLP","6568.0","3.4"
"1135242","National Institute for Smart Government (NISG)","270.0","3.6"
"486875","Pace Digitek Limited","66.0","4.0"
"4754280","Smartworks","329.0","3.5"
"77579","Red Hat","430.0","4.4"
"1137434","JPMorgan Chase Bank","7126.0","3.8"
"2041546","Telstra","288.0","3.9"
"1086254","Finolex Cables","704.0","3.7"
"20878","UPL Limited","2906.0","4.1"
"5238664","Kimberly-Clark Corporation","307.0","3.9"
"1074610","BDO India","664.0","3.3"
"1261","THERMAX","3820.0","4.2"
"8903","Emerson","482.0","4.0"
"1430352","Google","1819.0","4.4"
"5194792","GENERAL ELECTRIC (GE)","177.0","4.3"
"2041462","Technosoft Information Technologies","2.0","3.0"
"1394156","Philips","1789.0","3.8"
"1420502","Capco","608.0","3.7"
"1349524","Sodexo Food Solutions India Pvt. Ltd.ces","3437.0","4.0"
"230928","Hindustan Coca Cola Beverages (HCCB)","3151.0","4.0"
"23200","Mahindra Lifespaces","399.0","4.1"
"349499","NTT DATA Business Solutions","",""
"907982","Yazaki India Technical Center","2608.0","3.9"
"125119731","Prasa Infocom & Power Solutions","37.0","3.8"
"199991","Krystal Integrated Services","163.0","4.0"
"124351442","Medtronic","615.0","4.0"
"143636","Capita","2584.0","3.5"
"8087","MD India Health Insurance TPA Pvt Ltd","1037.0","3.6"
"2537444","Tetra Pak","431.0","4.1"
"4317680","Merck Sharp & Dohme (MSD)","294.0","3.9"
"10698","Allegis Services India","",""
"62728","Bisleri","1356.0","4.2"
"5488","Flex","2581.0","3.9"
"5845500","Basil Decor","",""
"124245138","VMC Landmark Realty","",""
"124253628","AG Success Staffing Solutions","",""
"124104394","Nebula Capital","",""
"4375856","Perfect People Search","",""
"123946901","People Equation","",""
"3790422","Hoffmann La Roche","",""
"6174976","Bajaj Broking","11171.0","3.9"
"6682597","EY","12826.0","3.4"
"6370718","First Data India","2676.0","2.8"
"123596413","Codvo","52.0","3.7"
"124381752","BAY Area Technology Solutions","5.0","5.0"
"3492508","Manthan Manpower Solutions","",""
"124227250","Traumbuild Andesinfra Solutions","4.0","4.3"
"124409692","Zenotis Infotec Inc.","",""
"4147","Indegene","1307.0","3.3"
"3594048","Xylem Water Solutions","264.0","4.0"
"2041880","Unicorn Denmart Ltd.","136.0","4.2"
"2607728","Cotecna","190.0","3.5"
"124973947","Talent Bridge Consultants","",""
"124344074","Talengage","",""
"2113","Orra Fine Jewellery","491.0","3.4"
"1305652","Jaro Education","880.0","3.3"
"1096364","Drydocks World","247.0","3.9"
"4142286","Omega Seals","2.0","3.9"
"6907639","Hallmark Systems","",""
"125069165","KROST CPAs Consultants","",""
"123767363","A S Group","12.0","3.5"
"377869","Medi Assist","1711.0","3.5"
"1706896","Bolt-on Global Solutions  Services Private Limite","",""
"1561224","Gold Star Jewellery India","83.0","3.6"
"277509","Fujitec","236.0","3.9"
"406063","Anglo Eastern","199.0","4.0"
"744853","Wysetek Systems Technologists","130.0","3.7"
"759341","Redbus","324.0","4.0"
"5826372","Explore 360 Hr Solutions","",""
"4757670","Techyons","",""
"5252950","Theia New Consultancy","",""
"125128395","Prasiddh Tours And Travels","",""
"18101","Executive Ship Management (ESM)","137.0","3.7"
"5655204","Gufic Group","295.0","3.3"
"741353","Prism Manpower Services","",""
"4019512","Coldman Logistics","79.0","4.1"
"123736023","Compass Business Management Mumbai","",""
"660637","FCI CCM","275.0","4.4"
"124286896","Bombay Coated And Special Steels","47.0","3.8"
"124423628","Hec Enviro","10.0","4.2"
"1641880","Trigyn Technologies","254.0","3.6"
"5257310","ISS Corporate Solutions","",""
"124765299","Hotstar","146.0","3.5"
"4099326","Greenizon Agritech Consultancy","56.0","3.2"
"3336896","Orange Business Services","1566.0","4.2"
"5230756","Jobaaj (a Unit Of Nishtya Infotech )","",""
"217","CGI","5277.0","4.0"
"4519962","Kissht","589.0","4.0"
"593597","KGK Group","233.0","3.5"
"837099","Network18","307.0","3.4"
"25222","Transasia Bio Medicals","403.0","3.3"
"184366","Space Matrix Design Consultants","136.0","3.5"
"3591816","Rentokil Initial","653.0","3.6"
"1430364","INGRAM MICRO PLATFORM TECHNOLOGY INDIA PVT LTD","107.0","3.8"
"2869024","Disha Skill Training Services","",""
"126821","Wagh Bakri Tea Group","317.0","4.1"
"4703686","Institutional Shareholder Services STOXX","127.0","3.6"
"621381","Titan Laboratories","279.0","3.6"
"124234874","Roche International","",""
"1839218","Senco Gold","1810.0","4.4"
"5481842","Ferrero India","552.0","3.9"
"123738715","Tata Consumer Products","1281.0","3.5"
"1304204","Worleyparsons","1239.0","4.1"
"4227090","hdfc sales  ( p )  ltd","2751.0","4.0"
"1882550","Medgenome Labs","214.0","3.8"
"6304010","Inci Infotech","",""
"123894811","Blue Jet Healthcare","103.0","3.8"
"123499879","Veena World","110.0","3.8"
"97158","HDFC Life","10811.0","3.9"
"361095","Datamatics Business Solutions","500.0","3.4"
"2858790","Lokmat Media","144.0","4.0"
"32441","Dun & Bradstreet","390.0","3.2"
"2779","Lionbridge","623.0","3.6"
"1623118","Tata Classedge","288.0","3.6"
"16156","Zuventus Healthcare","2207.0","3.7"
"270871","Muthoot FinCorp (MFL)","8952.0","4.5"
"23312","Navneet Education","62.0","4.4"
"5983828","SGS India","1844.0","3.8"
"3591016","Nomura","623.0","3.7"
"2029368","Affinity Global Advertising","107.0","3.0"
"124652022","Naaptol Online Shopping","278.0","3.4"
"1122524","ALL Time Plastics","158.0","4.0"
"6022442","Raymond Realty","76.0","4.1"
"4763736","JM Financial Home Loans","678.0","3.7"
"4070346","AXIS DIRECT","2294.0","3.6"
"13178","ValuePoint","473.0","3.5"
"3125254","Integrated Project Services International","",""
"1960280","Peta India","6.0","4.9"
"2519494","John Cockerill","153.0","3.1"
"123881217","Hersheys","334.0","3.9"
"4965634","Ryan Specialty Group","",""
"125069971","Careerbridge Recruiters Llp","",""
"124511290","Axis Finance (AFL)","352.0","3.6"
"124624180","Avnet","",""
"6410188","UMW Tech Solutions","",""
"9820","M&G Global Services","142.0","3.6"
"4329462","Tyger Capital","363.0","4.0"
"82218","Voltas","2412.0","4.0"
"284651","Bandhan Life Insurance Limited","32.0","2.6"
"123974443","Heramb Finserv","",""
"1610522","NTT DATA Business Solutions","1481.0","3.9"
"12386","Deloitte Consulting","20917.0","3.7"
"124897463","Mind Makers Consultancy Services Jaipur","",""
"3568676","Phonepe","2946.0","4.0"
"124207676","Apollo Health Resources","7.0","3.9"
"1616690","Broadridge","1415.0","3.8"
"123852885","Ericsson","7948.0","4.0"
"1641776","Haier Appliances","1709.0","4.0"
"2357440","Grant Thornton India Pvt Ltd","1128.0","3.5"
"731221","HCLTech","41803.0","3.4"
"54606","Quest Global","2755.0","3.5"
"204771","Broadridge","1415.0","3.8"
"196760","Concentrix Catalyst","171.0","3.2"
"2174710","Treebo Hotels","342.0","3.2"
"576625","PwC Service Delivery Center","11129.0","3.3"
"34998","Blue Yonder","621.0","3.8"
"125074783","Flysky Job Solutions","",""
"595671","Aveva","561.0","4.1"
"1613328","Blue Yonder","621.0","3.8"
"4967668","Ensavior Technologies","45.0","4.4"
"27614","Dell Technologies","4268.0","3.8"
"125133593","M/S Unified Infovision Tech Solution","",""
"1863840","Visa","438.0","3.3"
"3191754","Walmart","2901.0","3.5"
"1776908","Merck Sharp & Dohme (MSD)","294.0","3.9"
"2031204","Infineon","246.0","3.8"
"3591376","PepsiCo India","2893.0","4.0"
"1755672","Uber","950.0","4.2"
"2523636","Nielsen Sports","212.0","3.9"
"4903106","Reward360","83.0","2.9"
"1849920","Highradius","1565.0","2.8"
"3617062","Apotex","870.0","3.8"
"4139482","Iqvia Biotech","24.0","3.4"
"5256450","Tesco","1423.0","3.6"
"124878827","Mindtree","23764.0","3.7"
"124878839","Sandvik","644.0","4.1"
"1375198","Invesco","451.0","3.7"
"124524458","Iqvia Biotech","24.0","3.4"
"5674798","NCL Buildtek Limited","206.0","3.7"
"3143430","Hewlett Packard Enterprise ","4323.0","4.1"
"1642980","Watson Pharama","28.0","4.2"
"1641926","Safran Engineering Services","205.0","3.2"
"1882140","Salesforce","1052.0","4.0"
"2257852","Hilton","540.0","4.2"
"1612798","HP","",""
"1129088","Ocwen Financial Corporation","1127.0","4.0"
"763452","NVIDIA","654.0","3.5"
"1751868","Apple","644.0","4.3"
"5644408","Novizco Infotech","",""
"124318872","Bright Academy Marathalli","",""
"610735","Globaldata","568.0","3.3"
"753","Mastek","932.0","3.6"
"2888078","Saint Gobain","1867.0","3.9"
"250843","Syngene","2169.0","3.9"
"2338","Amity University","1268.0","3.6"
"975544","Lal Sweets","55.0","4.2"
"4089160","Writer Corporation","650.0","3.5"
"124550882","Optum","7174.0","4.0"
"259221","Metropolis Healthcare","964.0","3.9"
"123735947","M S Services Gurgaon","",""
"670","Kirloskar Electric Co Ltd","250.0","3.6"
"1675786","Randstad Enterprise","",""
"3482044","Biocon Biologics Limited","2227.0","4.0"
"294153","EY","12826.0","3.4"
"123924589","Safran Aircraft Engines","52.0","3.9"
"1422064","Grant Thornton","1128.0","3.5"
"3911914","Clarivate","740.0","3.7"
"135571","Wells Fargo","7668.0","3.7"
"41172","Applied Materials","518.0","3.8"
"2921648","Sapiens","530.0","3.3"
"5003006","Nitstone Finserv","17.0","4.1"
"6938339","ANZ","1152.0","3.9"
"5292852","American Express Global Business Travel","255.0","4.3"
"125112299","Info Global Tech","21.0","4.1"
"2255088","Zeta Inc.","286.0","3.3"
"1347376","Flipkart","11933.0","3.9"
"793072","Diageo","1066.0","3.9"
"1776346","Baker Hughes","528.0","4.0"
"1749854","Inmobi","205.0","3.3"
"1413216","Baxter","733.0","3.9"
"5036012","Electronic Arts","237.0","3.9"
"2609424","Kimberly-Clark Corporation","307.0","3.9"
"182641","TE Connectivity","1206.0","4.1"
"6628356","HAL Gnanajyoti School","3.0","4.1"
"475017","Fidelity National Financial (FNF)","1137.0","3.7"
"124252278","Sportstech Brands Holding","9.0","3.9"
"124958663","Safran Electronics & Defense Services","52.0","3.9"
"2737280","Tracxn","510.0","3.0"
"125036821","Task Overseas Academy","",""
"123650465","Dhavali Architects","",""
"892850","Puma","725.0","4.1"
"6676255","Kantar","82.0","3.7"
"59783","Nagarjuna Construction Company (NCC)","4539.0","4.1"
"176973","Globallogic","5272.0","3.5"
"52006","Yokogawa","631.0","3.9"
"19589","Ford","776.0","4.1"
"137593","GVK Emergency Management and Research Institute (GVK EMRI)","2051.0","3.6"
"6902951","Golds Gym and Cult.fit (Random Access Growth Ventures)","",""
"4724884","Hewlett Packard Enterprise ","4323.0","4.1"
"4562156","Passion People","",""
"71663","C Krishniah Chetty And Sons","55.0","3.5"
"124272616","BCE Global Technology Centre","",""
"124899695","Sutherland","8060.0","3.5"
"143917","Frontier","133.0","3.4"
"125123659","M/S.PLOVER Technologies","",""
"5638064","Sreenidhi Sports Academy","",""
"6766583","Roots Education (a Unit Of Phoenix Training & Consultants)","11.0","4.6"
"154396","Croma","2880.0","3.9"
"1573494","Hennes And Mauritz Retail (h And M)","790.0","3.8"
"1410050","Alstom","2982.0","3.7"
"124032464","Lloyds Technology Centre India","164.0","3.4"
"123814517","Tirtha Yatra","",""
"124753295","Blend360 India","28.0","3.1"
"1420506","GAP ","246.0","3.7"
"4354710","F-secure","4.0","4.0"
"1886308","Bain ","323.0","3.9"
"4367620","Staragile Consulting","",""
"6729187","Flowserve","438.0","3.8"
"2546382","Max ","1408.0","4.1"
"127861","Lenovo","646.0","4.0"
"5456398","Hitachi Energy","855.0","4.1"
"3146","Honda Cars India (HCIL)","1517.0","4.1"
"108478","Fosroc Chemicals","336.0","4.3"
"498703","Data Intensity","68.0","3.1"
"737939","Simplilearn","731.0","3.1"
"75773","Jubilant FoodWorks (JFL)","3715.0","3.7"
"1233044","Vijay Sales","789.0","4.1"
"3076036","Shell","2528.0","3.9"
"832381","Ola","2051.0","3.3"
"5001020","NorthStar Academy","40.0","4.5"
"989342","Clove Dental","406.0","4.0"
"4471358","ITC","6528.0","3.9"
"4521","Dr Reddys","7578.0","4.0"
"888150","Sakra World Hospital","243.0","4.1"
"5413750","King Rose Construction","20.0","3.4"
"624","Jindal Aluminium","404.0","3.7"
"1533","Tata Elxsi","2621.0","3.6"
"832919","MALABAR GOLD & DIAMONDS","850.0","3.9"
"93084","The Hackett Group","129.0","3.3"
"5156484","Licious","598.0","3.6"
"157294","Aurobindo Pharma","5368.0","4.0"
"745421","Sabre","291.0","4.1"
"124545574","Emerald Career Associate Kharghar","",""
"945486","Practo","530.0","3.0"
"4522566","Aster Health Academy","535.0","3.6"
"124313294","HCLTech","41803.0","3.4"
"8049","Dr Reddys Foundation (DRF)","515.0","3.9"
"124792203","RK Wealth","",""
"123573393","KPMG India","6568.0","3.4"
"323325","Veetechnologies","879.0","3.8"
"948634","Dyuti Technologies","62.0","3.9"
"6946","Photon","2179.0","4.1"
"54602","SLK Digital","1260.0","3.2"
"6283126","Invidi Technologies Corporation","6.0","3.8"
"1965432","Omnion","26.0","2.7"
"4460628","Atlassian","145.0","3.2"
"124747969","Western Digital","133.0","3.8"
"2610544","Pinkerton","241.0","3.7"
"124763123","NIVEA","480.0","4.1"
"124317318","Solventum","13.0","3.4"
"1127430","Opentext","1161.0","3.6"
"1332256","Thermo Fisher Scientific India","957.0","3.8"
"4903082","Sattva Consulting","21.0","4.1"
"4474090","Data Intensity","68.0","3.1"
"3143438","Synchrony","1173.0","4.3"
"1983636","Four Seasons Hotels, Inc","173.0","4.1"
"1864882","Here Technologies","1524.0","3.8"
"1673934","Bajaj Electricals","2414.0","4.0"
"1617584","HTC Global Services","1724.0","3.4"
"1341900","Infogain","1276.0","3.5"
"1427","ICICI Prudential Life","7193.0","4.0"
"125065451","Kootai New Materials Technology","",""
"4258210","Your Pitchh","",""
"176808","Generali Central Life Insurance","1917.0","3.5"
"123502019","RSPS Sipra PVT LTD., Bengaluru ","6.0","4.3"
"3150622","MERINO INDUSTRIES LIMITED","859.0","3.7"
"125084061","M/S Uprisers Consultancy","",""
"6898559","Digital Finserv Technologies","2.0","2.8"
"726","Maintec Technologies","",""
"123851759","Ivy Proptech","",""
"2179688","OnePlus Technology India","26.0","3.2"
"5622132","Navitas Insulators","",""
"2741","Bharat Bijlee","417.0","4.2"
"1354","Virtusa","5642.0","3.7"
"5191536","Swastik Stepstone Careers","",""
"845269","HR Mind Services Llp (part Of Profilers Group)","",""
"372069","Cardekho.com","949.0","3.6"
"396357","Pinkerton Corporate Risk Management India Private Limited","241.0","3.7"
"124183104","SCI Solutions","",""
"3031672","Surya Data Management And Network Technologies","30.0","4.6"
"123600667","Eternal Space Estates","",""
"6060816","Hindustan Consulting Services India Private Limite  D (opc)","",""
"447463","Mercedes Benz","1904.0","3.7"
"2254368","Payu India","529.0","3.4"
"1764244","ARM Embedded Technologies","54.0","3.4"
"1753172","Advanced Micro Devices, Inc","303.0","3.6"
"1440434","Sopra Steria","2103.0","3.8"
"124158638","Kristalball Smart Solutions","",""
"124805021","Lam Research","308.0","3.7"
"3242566","Finastra","564.0","3.7"
"124460788","Light & Wonder","130.0","3.8"
"4138726","Themathcompany","438.0","3.1"
"125137153","Mahmood And Sons","",""
"124553244","Hire Next India","",""
"6277962","Freelancer Sasank Pandey","",""
"125136271","Aga khan Health centre","",""
"6567940","Next Learn Technologies","",""
"123958963","Star Trek Infra Services","",""
"5465178","More Retail","1133.0","3.8"
"6063796","Wiingy","65.0","4.1"
"1230228","Innovaccer","473.0","3.5"
"125131475","M/S ARUN CONSTRUCTION ","",""
"124213402","Vision Events And Media","",""
"232029","KLA","73.0","3.7"
"124059650","Fotoplane Social","",""
"5251986","Mondelez","1169.0","4.2"
"2256030","Flowserve","438.0","3.8"
"124066562","The Shri Ram Academy","13.0","3.7"
"1861814","Clifford Chance","277.0","3.7"
"4766590","Logix Built Infotech","8.0","2.5"
"124761031","African Management Institute","",""
"1975576","Thrillophilia","348.0","3.6"
"1384150","Aristocrat","290.0","3.8"
"1643670","Samsung India","7952.0","3.9"
"6389924","Xanika Infotech","",""
"826827","Marks and Spencer","829.0","4.0"
"123895037","Hi-tech Diagnostic Centre","31.0","4.0"
"2207096","Panacea Biotec","786.0","3.7"
"124601630","Balman Infotech","",""
"3128","Motherson Technology Services Limited","609.0","3.4"
"5635808","Times Strategic Solutions Limited","7.0","3.3"
"30588","Flsmidth","896.0","3.6"
"961508","Bata India","1571.0","3.6"
"3144112","Elasticrun","2530.0","3.6"
"4677832","DIMENTICS INFO TECH","34.0","4.1"
"414","Exide","2514.0","3.4"
"5437602","DigiSME Software Pvt Ltd (Wholly Owned Subsidiary of Info-Tech Systems Integrators, Singapore)","69.0","4.0"
"424177","Prochant","519.0","4.0"
"1065604","Pine Labs","1542.0","3.3"
"5215978","Olx","694.0","3.8"
"3167464","M/S Sarla Medical Center Pvt.ltd","",""
"443","Synechron","3420.0","3.5"
"1958126","VK and Sons Pvt Ltd ","",""
"305867","Infosys BPM","11116.0","3.5"
"125127029","Voyager Compass Consultancy Llp","",""
"957440","Wonderla Holidays","292.0","4.1"
"4457462","Yamaha Motor Solutions","106.0","3.4"
"123718391","S.S Gas Lab Asia Pvt. Ltd","38.0","4.1"
"6916593","DnT Infotech","7.0","3.6"
"171085","Britannia","2520.0","4.0"
"7100059","Fast & Reliable Services","4.0","4.6"
"63054","Vodafone Idea Limited","16698.0","4.0"
"7857","BVG India","1353.0","4.2"
"11009","Vlcc","1301.0","3.4"
"6251138","Xylem Learning App","121.0","4.2"
"6109706","UltraTech Cement","8433.0","4.1"
"124841061","Secure Pack Systems","",""
"125132265","Pedoplanet Children Dental Centre Thoraipakkam","",""
"125133251","Haatch Interactive","2.0","5.0"
"5179134","Connexions Info Systems Limited","6.0","3.7"
"125041555","M/S Mrigun Solutions","",""
"739543","Khazana Jewellery","582.0","3.8"
"125131891","Mukund Mgm Realty","3.0","5.0"
"5678356","Shraddha Childrens Academy","5.0","5.0"
"5695682","Ultra Media and Entertainment","64.0","3.4"
"4715560","Genesis Global School","45.0","3.8"
"1616252","ITC","6528.0","3.9"
"2252352","Frost & Sullivan","148.0","2.9"
"3593064","Tata International","444.0","3.4"
"1641896","Danfoss","573.0","3.8"
"1334934","Tower Research Capital","22.0","4.0"
"125123843","M/S Curioz India","",""
"590501","Yatra.com","610.0","3.3"
"124565222","360 Eye","",""
"1654","Berger Paints","3777.0","3.7"
"125127575","JIK Academy","",""
"509011","Aristocrat","290.0","3.8"
"124646218","Micron Semiconductor","74.0","3.6"
"183129","Updater Services (UDS)","820.0","3.8"
"125131987","Sidd Infotech Private Limited","",""
"4570536","Agility Human Resource Management Services","",""
"458607","Fidelity International","699.0","3.6"
"125105791","THE United","",""
"124306654","BB Jewellers & Sons","",""
"128620","Megha Engineering And Infrastructure","6113.0","3.9"
"124003912","Jubilant Piping Solutions","",""
"1075254","BNP Paribas","1918.0","3.7"
"125131445","Sarvico Infotech","",""
"5506324","Cloud Destinations Infotech","12.0","4.2"
"7453","Nilkamal","938.0","3.7"
"753257","CMA Cgm","1529.0","3.9"
"124648958","Wahi Sons Limited","67.0","3.9"
"123922309","Trident Hr Services","",""
"124096270","Balaji Info Lube","",""
"5976362","Hero Insurance Broking India","66.0","4.5"
"125130769","Aathya Academy","",""
"124756113","Jayshree Technosoft Llp","",""
"6670665","Wabtec","212.0","4.0"
"124165030","M/S New Swarn Taraash Jewellers","",""
"123704057","Motherson","3434.0","3.7"
"124959181","IB Curriculum Academy","",""
"124555674","Fairmont Constructions","",""
"123526035","Manipal Tata Medical College","250.0","4.0"
"30982","Hettich","514.0","3.8"
"124401956","Hike Qa Business Services","",""
"887168","Abhyuday Bharat Projects","3.0","4.8"
"4781418","Hitachi Cash Management Services","457.0","3.4"
"5552974","Silver Line Prestige","16.0","4.2"
"124273314","Marketing Infotech","",""
"476","Godrej & Boyce (G&B)","3427.0","3.9"
"123995296","True Pace Consulting","",""
"123864689","Dutel Info Integrated","2.0","2.4"
"6722841","Madugai Info Tech","",""
"124959515","Digicrome Academy","30.0","4.2"
"124471186","Ramgopal And Sons","",""
"125126709","Gaurav Bajaj","",""
"5184700","Volvo","853.0","4.0"
"3156662","Li & Fung Limited","178.0","4.1"
"123724993","Ttpl Infotech","4.0","4.9"
"4807906","Zoom Info","2.0","3.6"
"4975606","A.P. Moller Maersk","3446.0","4.0"
"123957359","Jindal Power","417.0","4.1"
"125127805","Spiderhit Infotech","2.0","5.0"
"16538","Uflex","1768.0","3.8"
"14453","Evalueserve","1395.0","3.1"
"125123241","Amity Hr Solutions","4.0","3.6"
"1589666","Ather Energy","723.0","4.1"
"125079603","Care Physiotherapy Clinic & Fitness Centre","",""
"124644928","Brihat Infotech","4.0","3.9"
"1353264","Perfect Estate Agency","",""
"3329926","Brace Infotech","",""
"334245","Concentrix","29731.0","3.6"
"123512373","Kalyan Jewellers","1664.0","4.5"
"99721","Sterling & Wilson","1712.0","4.1"
"5202","Hyundai Motor","4085.0","4.1"
"124278934","Vigyapan Mart","6.0","4.0"
"123575515","Invitro Biotech Labs","",""
"1036146","SYSTRA","506.0","3.9"
"125122763","G S Devarmani Jewellers","",""
"124999477","KBM Infotech","",""
"125126443","Bright Life Recovery Centre","",""
"123677909","M3M","",""
"125126301","Derik Tata Service","",""
"23783","MRF","3245.0","3.6"
"124456734","Byd India","104.0","3.4"
"6817455","Komhar Infotech","2.0","2.6"
"1369","The Walsons Group","29.0","4.5"
"123604645","Escube Airconditioning Pvr Ltd","14.0","3.6"
"12616","IIGJ Research and Laboratories Centre","33.0","3.0"
"2253840","Unitedlex","699.0","2.8"
"2178006","Ofb Tech","548.0","3.0"
"5459","Global content transformation pvt ltd (A Unit of APTARA)","1249.0","3.2"
"175925","Unitedlex","699.0","2.8"
"1151","SRF","2508.0","4.1"
"124371152","Webhopers Infotech","14.0","4.7"
"2029800","Asteria Aerospace","97.0","3.7"
"535933","UFO Moviez","184.0","3.0"
"5204868","Irohub Infotech","33.0","4.6"
"124056670","MAX Gold","3.0","3.4"
"6133064","Secure Tracking Solution","",""
"17165","Arvind Limited","829.0","4.0"
"5390242","Starbucks","780.0","4.2"
"123915267","Isarva Infotech","12.0","4.9"
"124875657","VJ Materials Mart","",""
"198054","Mckinsey & Company","682.0","3.8"
"7160","Jindal Urban Waste Management Jaipur Ltd.","1645.0","4.0"
"536819","Integreon","691.0","3.2"
"6237594","Reliance Elektrik Works","17.0","2.4"
"125006631","Property Plus Realcon Llp","",""
"477819","Parle","1803.0","3.9"
"3158628","Mogli Labs (india)","240.0","3.4"
"501029","Prothious","133.0","3.1"
"1136234","Equiniti India","422.0","3.7"
"221680","Trent Limited","1684.0","4.0"
"15478","Mankind Pharma","2838.0","3.8"
"3556066","Bandhan Bank","9488.0","3.7"
"3723174","Azcom Info","9.0","3.4"
"5769798","Perfect Placement Bureau","",""
"690657","Anmol Industries","125.0","4.3"
"125005895","Shine Biomed Services","",""
"5346058","Aon Logic Gates","",""
"1753804","Visaka Industries","441.0","3.8"
"6300440","Cummins Svam Sales & Service","2.0","4.9"
"123565473","Gvcloud Secure","22.0","4.5"
"5892762","Elixir Enviro Systems","",""
"3113206","Mavenir ","563.0","3.3"
"3582310","Triveni Global Consulting","",""
"6611962","IWG Plc","19.0","3.3"
"2256054","GreyOrange","371.0","3.2"
"40103","Chetu","1291.0","3.4"
"44517","Mahindra Finance","5121.0","3.9"
"6549688","TELUS Digital","1603.0","3.6"
"983412","Kotak Securities (KSL)","1882.0","3.6"
"987","R Systems International","1160.0","3.3"
"2487840","Gujarat International Finance Tec City (GIFT)","14.0","4.4"
"124593052","Emerald Paper Products Pvt Ltd","11.0","3.2"
"124768299","Pari Infra Industries","",""
"1331","Vatika Group","92.0","4.1"
"759463","Barista","238.0","4.3"
"125067053","VK And Sons Infratech","",""
"124354974","United Raw Material Llp","",""
"124736415","Secure Job Consultant","",""
"125046055","Happy Panda Creations","",""
"5611046","M/s A Pixel House","",""
"174619","Veeda CR","340.0","3.5"
"6249208","Volga Infosys","",""
"6663933","Uc Math Academy","",""
"4758244","Rubicon Research","313.0","3.6"
"20187","Data Patterns","173.0","3.4"
"124916663","Social Recruit","",""
"4453252","Shine Exports","",""
"480393","Kohler","975.0","3.7"
"729739","Home Credit ","4475.0","4.0"
"526","HTC Global Services","1724.0","3.4"
"28505","AgreeYa Solutions","353.0","3.2"
"6267626","Pragati Finserv","70.0","3.8"
"6724917","Positiwise Infotech","9.0","4.5"
"124930495","Athang Infotech","",""
"123546995","Technip Energies","805.0","4.0"
"2012312","Petrofac","928.0","4.2"
"124738931","Asif Rahman Junaid Plus Architects","",""
"5525992","Technip Energies","805.0","4.0"
"125140079","Kalyan Medi Care Centre","",""
"123459353","Surya Advisory Services","2.0","4.0"
"125122219","E-ware Info Solutions","",""
"124691362","Bajaj Surfactants","3.0","4.5"
"124132398","M/S Radha Services","",""
"125050747","DIRGHAYU.JB Infotech","",""
"1003450","Pyrotech Workspace Solutions","82.0","3.8"
"1394198","Synopsys","402.0","3.8"
"1832990","SRF","2508.0","4.1"
"1693038","Temenos","980.0","3.1"
"2248056","Dalmia Cement","65.0","4.5"
"1312888","Photon","2179.0","4.1"
"1643704","Luminous Power Technologies","1150.0","4.2"
"1254604","Impetus Technologies","570.0","3.4"
"2902554","Incred","425.0","3.8"
"124697462","Global Gate Tourism","",""
"125087275","Synergy Talent Enterprise","",""
"125137313","Saveller Tours And Travels","",""
"18551","Disha Consultant","",""
"125107295","M/S Gupta Associate","",""
"124624750","Lumous Global Ventures","",""
"125136989","Next Step Architects","",""
"2839588","Sirionlabs","359.0","3.7"
"954738","Healthkart","375.0","3.9"
"125130141","Banwari Lal Gupta","",""
"125136697","Compass Realty Solutions","",""
"124822455","Shri Radhey Steels","",""
"32027","Angelique International","306.0","4.5"
"124990385","Neo India Lifeline Neo India Lifeline Private Limited","",""
"4863640","Hero Fincorp","2160.0","4.0"
"1392","Sopra Steria","2103.0","3.8"
"125136183","Trois Info Com","",""
"124620850","Nextmind Solutions","",""
"123909061","Hindustan Recruitment","",""
"125131471","Sutlej Diagnostic Centre Pvt. Ltd.","",""
"124763939","Bajaj Colour Lab And Studio","",""
"124956099","Bandhan Agritech","",""
"124883125","HM SBS","",""
"6470426","Quantum Learnings","8.0","3.9"
"352355","Kapil Consultancy Recruitment Services","",""
"1616260","Columbus Global","68.0","3.7"
"4710362","UPS Supply Chain Solutions (UPS SCS)","783.0","3.6"
"4202662","BriskWin IT (BWIT)","15.0","3.2"
"4314186","Rims Marketing","",""
"4496666","Techshed Technologies","18.0","4.7"
"124735949","T-three Insurance Surveyor And Loss Assessor Priva Te Limited","",""
"2980","First Insight","52.0","3.1"
"123827985","Airvin Skills","7.0","1.8"
"5995818","Mufg Pension & Market Services","57.0","3.6"
"4355494","Hempel","64.0","4.1"
"2883974","Kogta","3376.0","4.7"
"1086984","Alpha Ori","",""
"6391344","Olon Active Pharmaceutical Ingredients India","47.0","4.0"
"124294078","Priya Soni","",""
"4990036","Teceze Consultancy Services","57.0","3.3"
"6221426","Go Digital Technology Consulting","30.0","3.7"
"6147326","TNS Networking Solutions","77.0","4.0"
"5892074","Food Safety Services","28.0","3.9"
"22721","Think People Solutions","",""
"125131305","Industry Bees India","2.0","1.5"
"6864963","ContractPod","3.0","1.6"
"3827754","Iteach Schools","38.0","3.5"
"124054200","Rdmall","",""
"124984877","Maheshwari Starchtech","",""
"124130730","Anikson Solutions","",""
"123748419","Aceglobe","",""
"124252358","Philaire Sf","",""
"2154630","Thought Wave Info Systems","",""
"124368728","Radiant Systems","",""
"123830613","Keyence India","62.0","3.7"
"988948","Vorales Consulting Services New Delhi","",""
"744261","ConnectWise ","148.0","4.2"
"443123","Khurana & Khurana Advocates and IP Attorneys","",""
"5661350","Service 1st Bpm","18.0","3.6"
"123599401","Stonex Group Inc.","60.0","4.1"
"7624","Harbinger Systems","162.0","3.6"
"97282","Tavant Technologies","665.0","3.9"
"5600912","Infiniti Power","12.0","3.8"
"124691862","Wiselink Global Services","39.0","4.2"
"10850","Nihilent","615.0","3.2"
"508353","Quick Heal Technologies","465.0","3.7"
"3346368","Addverb Technologies","446.0","3.8"
"123638851","Incanus Technologies","10.0","3.5"
"42487","Saama Technologies","381.0","3.8"
"19089","Eagle Information Systems","85.0","3.3"
"124749385","Allstate","1977.0","3.7"
"125133641","Orbit Fitness","",""
"5923134","Truvisory Global Services","11.0","2.5"
"27454","IMC","258.0","3.7"
"124170198","Eviden","4684.0","3.6"
"6326","Vishay Electronic","193.0","4.3"
"123617837","Allscripts(India) LLP, ultimately a subsidiary of Altera Digital Health Inc.,[Altera India]","711.0","3.8"
"5905986","Apical Mind","",""
"6661751","True Shine India","",""
"125123951","NEW Shubham Driving School","",""
"6211994","Social Hr Pune","",""
"2938","Syrma Johari Medtech","6.0","3.5"
"3643286","Epiq Softech","14.0","4.5"
"124745145","Bandhan Agritech","",""
"124860885","Social Booster Media","",""
"125082659","Legends County Landmark","",""
"2695","Jamboree Education","160.0","3.5"
"5689646","Ergobite Tech Solutions","11.0","4.9"
"930","Piaggio","1040.0","3.5"
"1617856","Capita","2584.0","3.5"
"125097597","Springer Nature","305.0","4.1"
"1807948","Clarion Technologies","176.0","3.6"
"60386","ITC Infotech","4267.0","3.7"
"5001246","Jyothy Labs","532.0","4.2"
"612297","Faurecia","1331.0","3.9"
"6468104","Johnson Controls","3267.0","3.5"
"124836599","GF Mission India","",""
"2883132","Soft Business Services Bangalore","",""
"6345996","Bits In Glass","34.0","4.1"
"124847261","Elite Unique Services","",""
"5634822","Alliance Jobz Bangalore","",""
"124712947","Mindwrks People Solutions And Services","",""
"31397","Neilsoft","385.0","3.4"
"1321452","Homelane","856.0","3.3"
"6058","Gebbs Healthcare Solutions","2995.0","3.7"
"5078230","Airworks","116.0","3.6"
"3154142","Society For Nutrition Education And Health Action","57.0","4.1"
"124259510","Prometteur Solutions","12.0","4.2"
"123597141","Volody Product","25.0","3.1"
"5331","NOVARTIS","1858.0","4.1"
"123650417","Cloudvandana Solutions","",""
"323295","Inspiration Manpower Consultancy","",""
"125131195","Majmudar Partners","6.0","4.7"
"3067700","Talent Pursuits","",""
"124794491","Resowhiz Biz Solutions","",""
"3468910","ANA Associates","",""
"123686133","Atop Consultants","",""
"123572497","Rajesh Pgs","",""
"992332","Mackenzie Engineering Pvt Ltd","2.0","3.1"
"123657767","HeadQuest Hiring Solutions","",""
"261168","Learningmate Solutions","475.0","3.2"
"4568108","Job Grip","",""
"2758472","Freecharge","376.0","3.8"
"1674726","Gebbs Healthcare Solutions","2995.0","3.7"
"2476284","RFS","4.0","4.9"
"578433","Kalpataru Limited","1051.0","4.1"
"6611474","Action Data Systems India Llp","",""
"5255504","Mirae Asset Capital Markets","55.0","3.1"
"124476514","Croeso Informatics","",""
"826809","Safari Industries India","463.0","3.9"
"124331126","Tej Teams Pvt Ltd","",""
"123596999","Sneha","57.0","4.1"
"125126497","Leading PMC Company","9.0","4.1"
"124119942","Momentum Hr","",""
"84644","Crimson Interactive","199.0","2.7"
"1083850","Honeybee Tech Solutions","29.0","3.5"
"125117381","Ganesh Transline","",""
"175066","SMC Global Securities","601.0","3.5"
"124456952","Tequity","",""
"1756910","Nasdaq","133.0","3.7"
"205122","Hikvision India","709.0","3.6"
"5162556","Quest Business Solution","",""
"1807410","Jibe Development Services","83.0","3.2"
"125116843","Flair Labs","16.0","3.8"
"6156790","Opulent Investment Adviser","",""
"146802","Indian Express","67.0","4.1"
"17632","Shah Technical Consultants","312.0","3.6"
"160626","Weitzman Advocates","",""
"260484","In Solutions Global (ISG)","459.0","3.7"
"7123636","John Cockerill","153.0","3.1"
"4801598","Kredere Wealth Partners","",""
"1843742","Ethinos","63.0","3.5"
"125133369","Rajvi Developers","",""
"2254054","Bright Future","39.0","3.4"
"124184142","Veve","",""
"123592429","Siteplug","",""
"123532353","Interpolitan Money","5.0","4.8"
"1779640","Ergode It Services","423.0","3.3"
"124332054","Mufg Pension & Market Services","57.0","3.6"
"123928455","ASBS & Co","86.0","3.5"
"7046621","Redhan Engineering Services","",""
"124881083","Jamaav Corporation","",""
"124012878","Eunoia Hospitality","",""
"7070343","Azzulo Advisors","10.0","2.8"
"1049202","Perto","122.0","3.4"
"125053013","Fortune Growealth","",""
"4574750","Exponentia Datalabs","170.0","3.6"
"124366668","Build Capital","",""
"123580101","Anzen Technologies","86.0","3.6"
"1096868","Millennium Aero Dynamics","85.0","4.1"
"125140561","Home","96.0","4.4"
"124535512","Lumina Datamatics","881.0","3.1"
"125104939","Sunil Chandrakant Parekh","",""
"5451784","TESTRIQ","26.0","4.0"
"5055554","KES International School","",""
"1902162","Symec Engineers (India) Pvt Ltd","10.0","4.3"
"6631404","Fabtech Technologies International","129.0","3.4"
"124713947","Daten And Wissen","28.0","4.3"
"123710993","DigiMor","",""
"1956462","Vyas Consultants","",""
"125136863","Magma Consultancy","",""
"6776089","Prodocs Solutions","103.0","3.6"
"125132337","Netpro Infotech","6.0","4.4"
"949584","Suryoday Small Finance Bank","1318.0","3.8"
"124695232","Tarun Kandhari & Co Llp","12.0","4.4"
"5951494","Qseap Infotech","103.0","3.9"
"124077108","Lucia Enterprises","",""
"123569241","Novus Life Sciences","10.0","4.5"
"123843483","Ambient Consultancy","5.0","2.2"
"177895","Sia Khandelwal Textile Arts","",""
"123907755","NSB Consulting","",""
"124113484","Freelancer Dharmendra Singh","",""
"125074535","HB Job Consultancy","",""
"123816929","Kraftsmen","",""
"124684358","Mindron Meditech Private Ltd","",""
"124865217","New Liftrucks Engineering Pvt Ltd","",""
"124878799","Agilent Technologies","360.0","4.0"
"33596","Impetus Technologies","570.0","3.4"
"124092878","M A R S Business Solutions","",""
"1625622","Parag Milk Foods","777.0","4.1"
"5894634","Ethnus","",""
"5511954","Visa Expert","",""
"4863084","Zetwerk","1006.0","4.0"
"123782781","Mentora Academy","",""
"4171404","Great Learning","472.0","3.6"
"2489088","Zolostays","505.0","3.2"
"4777470","Infinito Hr Solutions New Delhi","",""
"3041928","Firstforce Technologies","",""
"138206","Control Print (CPL)","262.0","4.0"
"124218968","ALT Digital Technologies","11.0","4.8"
"5934046","Krezig Consultants","",""
"3255012","Befree Business","263.0","3.2"
"124012834","Skillz","5.0","3.6"
"1690032","Equiniti India","422.0","3.7"
"1898824","Utthunga Technologies","234.0","3.2"
"1886426","Allegion","96.0","4.5"
"4139050","Lumen Technologies","784.0","4.0"
"5801252","Neutara Technologies","45.0","2.7"
"86","Arya Omnitalk","282.0","3.9"
"123964951","Kots","15.0","3.8"
"125070635","Paves Global Infotech","",""
"117358","Jones Lang LaSalle (JLL)","5739.0","4.1"
"124439194","Bharat Career Connect Solutions","",""
"27802","Bristlecone","663.0","3.6"
"124197300","Light Mechanics","30.0","4.5"
"146173","Flatworld Solutions (FWS)","385.0","3.4"
"1083986","Ababil Healthcare","40.0","3.4"
"757013","Greenvision Technologies","27.0","3.5"
"5611830","Raksha Avenues","",""
"740","Manmuk Creations","",""
"124649742","Apna Ghar","4.0","4.6"
"3905654","Sartorius","101.0","3.7"
"4076354","Itron","99.0","4.6"
"123627063","Centre For Wildlife Studies","25.0","4.2"
"1751130","Green Gold Animation","66.0","3.5"
"124460782","Orchard Healthcare","16.0","3.6"
"5534824","The Orange Health","",""
"5177354","Harmony United Psychiatric Care","2.0","5.0"
"2001662","Sunrise Job Consultancy Dehradun","",""
"4164890","RBL Bank","3592.0","3.5"
"538159","Excel Talent Plus","",""
"1439850","Sankhyana Consultancy Services","",""
"123890553","Alpha Uno Consulting","",""
"5380168","iVistaz Ecom Services Pvt. Ltd","12.0","3.1"
"186174","Pennar Industries","594.0","3.5"
"125132473","Elvenwood Pvt Ldt","",""
"125132185","JRG Creations","",""
"124268826","Felicity Adobe Llp","7.0","4.9"
"24533","IonIdea","152.0","3.2"
"6299056","Tmms Solutions","",""
"125125839","Star Media Network","2.0","3.2"
"30226","V2soft","125.0","3.7"
"87332","USHA International","1626.0","4.0"
"124311002","Resonate Manpower Services Bangalore","",""
"2327598","Discover Dollar Technologies","20.0","4.3"
"123619681","M G Charitable Trust","2.0","4.0"
"5165752","Phoenix Hr Solutions And Consulting","",""
"3244880","Star Secutech","",""
"2145480","Thales","430.0","3.6"
"225145","Jesseena Marine Services","",""
"3648942","Atyati Technologies","407.0","3.9"
"647395","athenahealth","419.0","4.0"
"7045891","Confluent It Systems","2.0","4.1"
"27657","Unisys","1312.0","3.6"
"1394308","FactSet","1569.0","3.8"
"124949935","Mirrikh Infratech","",""
"5399848","Corteva","605.0","4.3"
"3052440","Fabmodula","5.0","4.2"
"7098977","Mind Waveai Solutions","23.0","3.3"
"5461180","Sipra Labs","84.0","3.4"
"6959091","Acciojob","99.0","3.6"
"2734314","Ace Insurance Brokers","41.0","3.9"
"125050741","Educesta Global Learnings","",""
"124726893","Star Of Accounting Concepts","",""
"4497964","Foxconn","2021.0","3.8"
"6138184","Edelweiss Financial Services","76.0","3.9"
"124234190","Aapthacare","",""
"1398116","Rashtriya E Market Services Bangalore","3.0","4.7"
"125077231","Gateway Prppmart","",""
"3481980","Alstone Manufacturing","34.0","3.7"
"6934507","Invisia Bpo Solutions","19.0","3.2"
"124460698","Capgemini","48684.0","3.7"
"4211252","CIRCANA","43.0","4.0"
"2255096","Zynga","34.0","4.1"
"2701888","Altisource","960.0","3.5"
"1975140","Valuebound","6.0","2.8"
"4638244","Rapsys Tech Solutions","",""
"1813196","Rolls-Royce","135.0","3.8"
"745453","TVS Motor","4650.0","3.9"
"53695","Micro Labs","2463.0","3.6"
"123617867","Navbharat Seeds Pvt Lt","19.0","4.4"
"2809274","KPMG India","6568.0","3.4"
"6430422","Pace Robotics Bengaluru","",""
"124471722","Curved Triangle","",""
"76569","Paradeep Phosphates (PPL)","382.0","3.9"
"3943920","Novo Nordisk","1115.0","3.8"
"3838376","Breaking Bread Entertainment  Hospitality Pvt. Lt D.","",""
"2803670","LatentView","276.0","3.6"
"677","KPIT","3302.0","3.1"
"6463262","Techfino Capital","56.0","3.0"
"835251","Einfochips","572.0","3.4"
"5994234","Pepsico","2893.0","4.0"
"2231434","HP","785.0","3.9"
"124198828","Cogent Data Solutions (CDS)","29.0","2.8"
"121866","Bosch Global Software Technologies","5175.0","3.8"
"691261","Purpletalk","269.0","3.9"
"125122117","Bajaj Finserve","11171.0","3.9"
"225615","CINDA Engineering & Construction","163.0","4.1"
"146081","IKS HEALTH","2604.0","3.5"
"124120962","Hitachi Digital Services","715.0","3.5"
"1895724","Perkinelmer","144.0","4.3"
"3678632","SYSTRA","506.0","3.9"
"1559078","Pearson","394.0","3.9"
"4965410","NCR Corporation","1787.0","3.6"
"124269520","TELUS Digital","1603.0","3.6"
"659325","Carrier","581.0","3.7"
"20343","Sasken Technologies","559.0","3.7"
"4249060","Unacademy","2136.0","2.9"
"536683","TVS Electronics","606.0","3.8"
"123623067","Axis Clinicals","120.0","4.1"
"123920925","Isarva Infotech","12.0","4.9"
"3303666","Stanley Retail Limited","231.0","4.3"
"124111866","Realtek Singapore","",""
"6239078","Corefares Consulting","",""
"29846","Sun Technologies","164.0","3.7"
"123809405","Arivu Educational Consultants","",""
"272631","Extramarks Education","1979.0","3.4"
"3690562","Raspberry Infosystems","3.0","4.6"
"5305536","Kfin Technologies","2450.0","3.4"
"1398152","Mouser Electronics","227.0","3.7"
"5764101","Smart Software Testing Solutions","82.0","2.9"
"124236648","Resource Excellence India","",""
"188630","Cvent","539.0","3.3"
"123588663","Trichur Sundaram Santhanam  Family Private Limite   D","5.0","4.2"
"6352952","Design Forum International","26.0","3.7"
"124750459","Time Line Investments","",""
"5841388","Indecomm Business Services (india)","471.0","3.9"
"6758799","Cheq Digital","",""
"2176092","Paradise Food Court","215.0","4.0"
"34356","Aspire Systems","968.0","3.8"
"125141965","Thermosentechnologies Pvt.ltd.","8.0","4.6"
"6230220","Aviatrix Systems","2.0","3.0"
"3710118","Xoxoday","111.0","3.6"
"3643454","Red Baton","14.0","3.4"
"124396318","Forward Networks","3.0","5.0"
"123980465","Selah","",""
"123741811","Sky Systems","",""
"123510399","Vialto Partners","200.0","2.9"
"4281924","Ampere Computing","6.0","3.3"
"4153116","Pandorum Technologies","15.0","2.8"
"3930232","Jfrog","10.0","3.5"
"3221040","Electrolux ","60.0","3.6"
"2610496","People10","51.0","3.4"
"1969390","Cloudthat Technologies","90.0","3.6"
"124712211","MK Hr","",""
"124273432","Verifacts Service Private Limited","224.0","3.5"
"124131106","Yosaid Innovation Foundation","",""
"4978646","Spektra Systems","50.0","3.8"
"125133579","Teka Japanese Tea","",""
"124903519","Finemark Pmc And Interiors","",""
"124641430","Talastra Hr Consultants","",""
"4797392","Openmind eDesign","50.0","3.4"
"250755","Presidency Group Of Institutions ","56.0","2.5"
"3569450","Smart Soc Solutions","91.0","3.6"
"5734484","Elite Collection Inc","3.0","2.3"
"123946111","Psn Automotive Marketing","39.0","4.0"
"174095","Pika Medical","8.0","3.2"
"125141179","Namit Herbals","",""
"860302","Greytip Software","238.0","3.9"
"125038527","YS Brands","",""
"123649797","Biz Impetus Infotech","",""
"1282842","Boston Technology Corporation(BTC)","48.0","4.1"
"124459108","Zenshastra Software Services","",""
"125121837","Homes247.in","",""
"859970","Accor Plus","9.0","3.9"
"125060115","Eternz Fashion","",""
"125117219","Bakematic Digital","",""
"124222590","Talent Edge Crew","",""
"3233708","Collar Jobskart","",""
"1355128","Bridgestone","130.0","3.5"
"6819813","Abita Innovations","14.0","2.4"
"720413","300 Plus Consultant","",""
"3196634","Data Foundry","38.0","3.3"
"124002526","TechWize (Business Unit of Mangalam Information Technologies Pvt Ltd)","108.0","3.7"
"6922975","Magellanic Cloud","25.0","2.5"
"6707963","Fluenc","",""
"5449368","Ours Global","3.0","4.4"
"2041322","Talentica","186.0","4.0"
"1887482","St Johns Research Institute (SJRI)","30.0","3.7"
"3391494","Silver Oak Health","39.0","3.9"
"1879146","Grab","11.0","3.2"
"3143158","Deluxe Media Inc.","419.0","3.5"
"4099598","Niyo Solutions","146.0","3.0"
"124564372","Fulfillment Iq","18.0","4.6"
"3202478","Fivetran","16.0","3.3"
"123711531","Easyship Technologies","3.0","5.0"
"1356060","Mcafee","276.0","3.9"
"5405016","Nextwebi IT solutions Pvt ltd","",""
"123510287","Tenstorrent Inc.","",""
"123652161","Glean","2.0","5.0"
"6970849","RP2 India Private Limited","17.0","2.7"
"6264674","Tribocare Marine Services","3.0","3.0"
"4381416","Pelatro","18.0","3.0"
"4706448","Khatib & Alami","133.0","3.4"
"5604586","Syncortex","6.0","4.2"
"604927","Rrootshell Technologiiss","45.0","4.2"
"123748423","Wikreate Organisation","",""
"125009277","Infraaxis Propserve","",""
"124341310","Bhash Software Lab","264.0","4.4"
"124485198","FPS Engineering Consolidates","",""
"91428","Bengaluru Airport Services Limited (BASL)","362.0","4.4"
"125131245","Meicon Group","4.0","5.0"
"6300174","Tazapay","30.0","3.8"
"678546","Rapidflow","21.0","3.1"
"4140230","Shree Ji Infratech","5.0","3.4"
"124299764","Skillzrevo Solutions","",""
"1251","Pacific It Consulting","",""
"124327206","Insys Digital Systems","2.0","3.7"
"3694986","Global Serve Solutions","",""
"7030809","United Consulting Hub","",""
"110592","Mitsubishi Electric India","643.0","4.3"
"125084019","Modindia Infratech Solutions","",""
"1826928","KLA","73.0","3.7"
"5623744","Mosaic Wellness","140.0","3.6"
"125086723","Central Web Core","",""
"125130755","MMS Enterprises","",""
"6932585","Sanecto Social Networks","",""
"720617","Newt Global","142.0","3.6"
"124718505","Solinas Integrity","29.0","4.1"
"498045","Ferns N Petals","436.0","3.4"
"124234456","Navarna Bharat","",""
"124856881","Rdx Architects","4.0","3.5"
"6706461","Synergy International","2.0","1.0"
"125133505","Dhariwal Ayurveda Pvt Ldt","",""
"159645","V Guard","1687.0","4.3"
"124577188","TATA AUTOPRIME ","3.0","2.8"
"124291086","River Bourne Centre","",""
"4598838","Disha Estate Management","",""
"5323888","Talla Jewellers","8.0","3.9"
"119574","Modern Vidya Niketan","26.0","3.4"
"4677900","Rupeek","820.0","3.7"
"124506986","United Structural Detailing","",""
"125132591","RMS Hero Motocorp","",""
"6428648","IRCLASS Systems and Solutions","257.0","4.1"
"124721349","Oms Healthcare Chennai","",""
"4719442","Rathod Jewellers","2.0","4.7"
"3395588","Truecaller","30.0","3.4"
"124742555","PCI Global India","",""
"124381372","NPS Prism","2.0","4.0"
"1685632","Cadence","308.0","4.0"
"125129783","Universal Agencies","",""
"1068582","Rapid Care","206.0","4.6"
"6913413","Universal Talent Hub","",""
"290231","Daimler India Commercial Vehicles","1349.0","4.0"
"125132301","Performance Max","",""
"6124306","R K Synthesis Ltd","11.0","4.2"
"6991341","Orange Digital Marketing","8.0","5.0"
"3133320","Cliantha Research","272.0","4.1"
"124598398","A G Organica","27.0","3.1"
"7053307","Left Of Centre Marketing","",""
"125131683","Profenaa Infotech","",""
"126860","DCM Shriram","1239.0","4.1"
"125102561","Branding360 Neo Pvt. Ltd.","",""
"125124793","Solarix Infotech","",""
"132998","Viraj Profiles","1057.0","3.8"
"123564367","Semco Infratech","17.0","3.6"
"124389230","AMD Integral Services","12.0","2.5"
"1740464","Nac Jewellers","57.0","4.3"
"4197374","M/s Star Publicity","",""
"147","Bikanervala","664.0","3.9"
"4741720","Byd India","104.0","3.4"
"124876377","Prism Camera Rentals","",""
"125125423","Anurag Jewellers","",""
"5393804","Prisma Info Systems","",""
"2535082","Crompton Greaves Consumer Electricals","876.0","3.7"
"125129467","Peacock Design Solutions","",""
"124200476","Le Jolly Healthcare","4.0","2.9"
"124966979","Keen Strides Consultants","",""
"125054717","Shubh Yatra","",""
"125127561","Crystal Multi-speciality Dental Clinic","",""
"124572186","United Fork Pvt Ltd","",""
"30181","Vertex Corporate","",""
"124504130","Yodlee","259.0","3.8"
"1336112","Yodlee","259.0","3.8"
"124402308","Jrm Info Systems","",""
"125123709","HDB Consultants","",""
"124858161","AMD Dental Clinic","",""
"124787613","Sahara Logistics","",""
"124875271","KYOCERA AVX Components (New Delhi) Pvt Ltd.","14.0","3.6"
"6517680","Primetrace Technologies","4.0","5.0"
"346667","Colliers","1069.0","3.9"
"4498982","Atluri Developers","",""
"125926","Zennara Clinics","917.0","3.8"
"4476218","MGM Healthcare","93.0","4.1"
"123940777","Eminence Softech","65.0","4.0"
"123924563","Ibs Fintech","24.0","4.2"
"125100935","Peazon","",""
"179002","Tecnics Integration Technologies","122.0","3.2"
"66359","Abacus Consultants","",""
"4202016","Infolob Solutions","71.0","3.8"
"2485946","V M Modular Solutions","4.0","2.2"
"24609","Analog Devices","104.0","4.0"
"124553208","Hydro Press Industries","8.0","3.6"
"1068350","Show Off Retail","82.0","3.8"
"1559278","Classic Design Engineering Systems, A Convergix Company","25.0","3.4"
"5611230","Venkateshwara Ortho Healthcare","",""
"3748368","Eze Castle Integration","63.0","3.2"
"125017771","Globo Persona","",""
"205240","Eurofins Advinus Biopharma Services India Private    Limited","149.0","3.5"
"112913","Acuity Software Technologies","19.0","3.1"
"6959891","Whizdm Innovations","23.0","3.6"
"4834904","Tranway Technologies","",""
"125024863","Shwetha Chindanoor Govindaraj","",""
"472033","Biophore","185.0","3.1"
"1527554","Siddhartha Hospital","",""
"4754318","Open Dhi","",""
"6785347","Srikar Biotech","18.0","3.4"
"4174650","Eclinical Solutions","38.0","3.1"
"125134475","Essthetiks","",""
"1341256","Recrosoft","80.0","3.8"
"125114529","Kadagam Ventures","",""
"124853963","Harri Software Development And Solutions India Pvt Ltd","5.0","3.0"
"125133287","Dignity Solutions","",""
"124872587","Briti Scientific","25.0","4.7"
"124096260","Ithaca Technologies","7.0","2.9"
"123886279","Foundation For Science Innovation And Development","2.0","5.0"
"125134447","Abhinav Projects","",""
"1004650","Data Marshall","219.0","3.3"
"3668798","Local Fox","",""
"924436","Nuziveedu Seeds","157.0","3.9"
"5809834","Subhujo Technologies","",""
"123545985","Eastvantage","18.0","2.4"
"1616300","3G Hr Services","",""
"236309","Uberlife Consulting","",""
"664029","Designtude","11.0","3.9"
"123978261","Rxtro","",""
"628885","Momentive Performance Materials","84.0","4.1"
"124967671","Jumbl","",""
"1134828","Rainfotech","47.0","2.9"
"5464164","Ankura Hospital","180.0","3.8"
"6362514","Ensar Solutions","20.0","3.7"
"6635858","Trasol Technologies","4.0","2.0"
"683401","SRR Projects","198.0","3.9"
"124493518","Covance Softsol Limited","",""
"4016780","Vitech Systems Asia","138.0","3.5"
"123457001","Hungry Bird It Consulting Services","",""
"4349880","Accordion Partners","60.0","2.6"
"174792","Subhanu Technologies","",""
"123960183","Alpha Customer Care","9.0","2.8"
"3272988","Pepper Square Software Services","",""
"125134193","Zoya Home Health Care","",""
"124255882","PatternLab.AI","",""
"5071220","Moveinsync Technology Solutions","204.0","3.0"
"124221246","Allen Reinforced Plastics","11.0","2.8"
"4408684","Best Tax Filer LL","54.0","3.9"
"13216","Verisk","76.0","3.8"
"125060311","Dreamahead Learning Hub","",""
"124453432","Cloudbridge Tech","",""
"489539","Cubic Transportation","122.0","3.3"
"4175622","Valueleaf Services","90.0","2.7"
"380043","Volantis Technologies","",""
"6293464","Ascentia Organisation","32.0","4.2"
"4904","smartData Enterprises","448.0","3.1"
"223255","JK Agri Genetics","173.0","3.6"
"25090","Softtek","279.0","3.9"
"6534388","Connect 4 U Consulting Llp","",""
"719454","Plantscosmos","",""
"6055622","Thermal Systems","129.0","3.9"
"1366800","Zenwork Digital","14.0","2.4"
"6310056","Meritfox India","",""
"3041914","Arise Global Services","",""
"125133681","Legacy Realty","",""
"3077682","Usha Armour","94.0","3.8"
"5980366","Ohmium","168.0","2.9"
"840637","Maximus","16.0","4.1"
"5510998","Data Economy","63.0","3.7"
"167","Excel Enterprises","",""
"124650826","Ravin Software Solutions","",""
"6414670","Icims","39.0","3.1"
"5457496","Opsio private limited","39.0","2.8"
"124071266","Sirasoft Consultancy Services","",""
"125127967","GRAZIO.","",""
"123893033","Prohash Technologies","2.0","1.0"
"6379580","Vserve Digital Solutions","39.0","4.2"
"6031636","Akkodis","187.0","3.1"
"124374018","Maaze Underwriting Solutions","11.0","2.4"
"355581","Peoplelogic Business Solutions","",""
"5710368","Yallas Technology Solutions Opc","",""
"3723576","Devyani International","1306.0","3.8"
"809716","Kriatec Services","5.0","4.9"
"125133443","Vasavi Sales Corporations","",""
"124731025","Makuta Developers Llp","7.0","4.0"
"2967","Tminputs And Services","",""
"2890718","ACCTPRO","",""
"46714","Biological E","1807.0","4.2"
"189654","Unilog","174.0","3.3"
"1626302","Success Alliance Infotech","",""
"124888587","ZenV Innovations","2.0","5.0"
"124567378","NKB Playtech","2.0","4.1"
"1361782","Horizontal Integration","",""
"6209420","Monksays Superfoods","3.0","3.9"
"124320870","Arce Polymers","16.0","3.6"
"5907524","Reycruit","",""
"123698831","Ktwo Healthcare","13.0","2.7"
"4714820","Outlook Hr Solutions","",""
"1339294","Simplify Wellness","41.0","3.8"
"5562260","Wipfli India","108.0","3.9"
"2838292","Hirednext","",""
"835666","Transcend Creative Services (in collaboration with Aquent Studios, USA)","4.0","5.0"
"5066696","Tenet Diagnostics","77.0","3.9"
"5295122","TechnoIdentity","42.0","4.3"
"3737182","Naia Software Solutions India PVT., LTD","6.0","2.5"
"5773620","Aptly Tech","21.0","2.8"
"123691617","OYA Ventures","3.0","5.0"
"5874490","Absolutelabs","103.0","4.4"
"7039455","Expro","38.0","3.9"
"124871161","Insyde Studio","",""
"124342654","Banyan Nation","38.0","3.9"
"124085150","Talentsync Solutions","",""
"733513","MosChip","225.0","3.7"
"125124929","Revsoc Digital","",""
"125081679","Epicor Software India","201.0","3.3"
"125132203","Srivay Global Mining & Minerals Corporation","",""
"123695711","4S Advisory","",""
"942600","Boeing","675.0","3.9"
"123510629","Aideas Engineering","14.0","3.2"
"125132151","9DXR Labs","",""
"125044825","Gopalan Enterprises","158.0","4.1"
"1418270","Litmus7 Systems Consulting","80.0","4.1"
"123919077","Serendipity Corporate Services","",""
"5884298","Healthedge","69.0","3.3"
"124067190","Eilglobal It Solutions And Services","5.0","3.9"
"3573550","Mdn Edify Education","57.0","4.1"
"2611278","Simeio Solutions","114.0","3.7"
"2702494","CATHAY PACIFIC","35.0","3.7"
"124491834","Nurix Ai","",""
"125122039","Navanc","2.0","4.5"
"5564218","SBM Nauvata","29.0","4.0"
"123850723","H&mv Engineering","13.0","3.4"
"125119293","Ivory Innovations","8.0","2.2"
"124184148","Cryoport Systems","",""
"124836779","Storable","14.0","3.4"
"123772702","Cosyst Devices","2.0","1.0"
"5885152","M3 Eu","",""
"6345124","Lioonnize","",""
"7099205","Fox Sports","",""
"5711066","Blackbaud","22.0","2.0"
"123667047","Shravas Technologies","9.0","4.3"
"6943288","Sensor Tower","",""
"4799796","Solenis","25.0","4.4"
"3124848","Alexion Pharmaceuticals","6.0","2.4"
"4736412","Datam Intelligence","21.0","3.2"
"3697946","Icontrol","",""
"4065570","Toast","76.0","3.9"
"5950200","Creditsafe","18.0","4.2"
"123768642","Ankura Hospital","180.0","3.8"
"125056923","Enfold Proactive Health Trust","3.0","4.1"
"4820736","Tekfriday Processing Solutions","109.0","3.6"
"5362258","Softbiz Solutions","3.0","5.0"
"2358758","Quantela","52.0","3.7"
"6500922","Fluxon","5.0","3.2"
"6124596","Connor Consulting","2.0","5.0"
"3885618","Reflektive","8.0","3.3"
"124252532","P99soft","34.0","4.5"
"4215510","WD Partners","65.0","3.7"
"2356606","Cornerstone India","63.0","3.6"
"123580373","DEEP MINDS BUSINESS SOLUTION","",""
"124119880","OptiValue Tek","16.0","3.9"
"3180566","Caritor Solutions India","31.0","3.1"
"123563495","Tap N Play Studio","",""
"123692739","Inovartech","19.0","3.1"
"124124356","Alithya","",""
"125097269","Estatesquad Services","",""
"123569817","Skandha It Services","11.0","3.8"
"123573107","KAS Services","82.0","4.0"
"5905154","Linxon","67.0","4.2"
"5887570","New Relic One","6.0","1.8"
"4922882","Resmed","96.0","3.9"
"3867760","Mashreq Global Services","400.0","3.2"
"6728701","Massmutual Global Business Services India","213.0","3.9"
"2610778","Quizizz Inc.","32.0","3.2"
"3442620","Thoughtspot","34.0","3.7"
"123658959","Horizontal Digital","11.0","3.8"
"6204606","Radius Agent","2.0","5.0"
"5892730","Blazeguard Systems","",""
"5885354","M360 Research","31.0","3.6"
"5564206","Navi Technologies","309.0","3.0"
"4845458","Skyworks","7.0","2.4"
"124364720","Cundall","4.0","3.2"
"124023640","Merative","25.0","3.8"
"124551674","Burson Cohn & Wolfe","",""
"124129060","Loopio","4.0","1.0"
"123484103","NCL Veka","110.0","3.9"
"5623068","NVS Travel Solutions","9.0","2.5"
"5542676","Loyalty Juggernaut","70.0","3.3"
"5422054","Imply","",""
"4595730","Laundryheap Limited","19.0","3.8"
"2702600","Enphase Energy","354.0","2.7"
"2258558","Prodigy Technovations","9.0","3.3"
"2250394","Pace Wisdom Solutions","64.0","4.2"
"1968564","Bio Rad","60.0","3.6"
"1849670","Webenza","47.0","3.8"
"1963316","Smile Security Surveillance","3.0","4.6"
"1848544","Yokogawa Electric International Pte","631.0","3.9"
"1840334","Molecular Connections","289.0","3.2"
"1755668","NetSkope Software","11.0","3.4"
"792880","Extreme Networks","68.0","3.7"
"1965588","Scientific Mes Technik","22.0","3.5"
"1685776","Betsol","239.0","3.5"
"1393880","veralto","49.0","3.8"
"124387264","Smartx Technologies","8.0","4.7"
"124058398","Growthschool","26.0","3.2"
"123921943","Shopdeck","70.0","3.1"
"123814105","Egen (Formerly SpringML)","82.0","3.9"
"123751591","Shell Recharge Solutions","104.0","4.7"
"123711363","Kapture Cx","225.0","3.6"
"6943156","Katalon","3.0","3.8"
"6797671","Arena Investors","4.0","3.2"
"5828094","Enable Data Incorporated","10.0","3.3"
"5523962","No Joke Marketing","",""
"5042328","Greenlots","",""
"4907498","Openprise Tech","",""
"3698118","Harmony United Medsolutions","62.0","3.2"
"3649438","Juara It Solutions","",""
"3646188","Providence Global Center","5.0","4.9"
"3114404","PLAYSIMPLE","28.0","3.4"
"1877766","Indian Institute for Human Settlements (IIHS)","37.0","4.5"
"1766148","Gensler","18.0","3.5"
"125127483","Cjmc, Dsu","",""
"125127521","Nanovet Nutrition","",""
"124050938","Caliber Hunt - A Candidate Portal","",""
"5087052","Itsyntax","",""
"123614605","Airful Consulting","",""
"3236888","Mondee","88.0","2.7"
"123680075","Blue Mantis","",""
"4524380","Brandcube Consulting","",""
"75103","Dynpro","",""
"124818871","Parvanhealthcare","",""
"125093433","Fleet Box","",""
"123986644","Corover","4.0","4.6"
"1047766","Credence Hr Services","",""
"125117021","Shiljith Jayachandran","",""
"125132723","Selfspin Mobility","4.0","4.8"
"480105","Aptiv","1019.0","3.4"
"125132683","Equiscan Research","",""
"3171770","Qentelli","324.0","3.9"
"1413762","Precision Engineering Accessories","8.0","3.5"
"1711822","THE SCALERS","32.0","3.7"
"6170748","Tagoor Laboratories","49.0","3.2"
"6845983","Bontrue","10.0","4.0"
"5397714","Onedios Services","15.0","3.9"
"124949687","Hyvision System","2.0","3.0"
"1134820","Novotree Minds Consulting","",""
"2305748","Pyrumas Software","3.0","4.8"
"5885292","Chubb","239.0","3.5"
"7045969","Immersivelabz","32.0","3.9"
"6086754","Medjacket","4.0","4.2"
"46748","Angel One","1756.0","3.7"
"5288446","Nemetschek India","10.0","4.0"
"2237248","Brightpath Technology & Services","19.0","4.5"
"124875273","Dr Praveen M P Clinic","",""
"6692967","Sigmoid Analytics","2.0","2.7"
"124723535","Rashtrotthana Parishat","3.0","3.8"
"123697697","Onusworks Software India","13.0","3.7"
"1282056","Aquarelle India","92.0","3.6"
"124794611","Engineersmind","19.0","3.8"
"28406","APLEpharma","",""
"2925808","URC Construction","614.0","3.6"
"6644387","Mensa Brand Technologies","158.0","3.6"
"4546786","Nexus Consulting Solutions","",""
"140121","Pulse Pharmaceuticals","282.0","3.3"
"124615902","Southern Spechem Llp","",""
"125057237","Vishnupriya Chemicals","2.0","3.0"
"125122633","Veda Sankalpa","",""
"125088521","Ati Motors","5.0","3.2"
"15101","Ocwen Financial Corporation","1127.0","4.0"
"2142732","Ninjacart","1963.0","3.8"
"6434748","Frinks Digital Technologies","9.0","4.2"
"125013993","Anjani Pain Care","",""
"6457948","Goldenkey","6.0","4.8"
"181142","Kaar Technologies","435.0","3.9"
"5466362","Exponential AI","3.0","4.9"
"2800544","Stovekraft","426.0","4.1"
"6864311","Team Victor","",""
"124732471","Santuthi Health","",""
"125114251","Zaltix Soft Solutions","",""
"694987","Shree NM Electricals","28.0","3.2"
"124928313","Byteprolabs","",""
"124908569","Anonymous ","",""
"124202528","Queenant Beverages","6.0","1.6"
"124725309","Adastra Corp","5.0","5.0"
"6790699","Auctus Infometrics","2.0","3.8"
"124320830","Codemancers","2.0","5.0"
"642501","New Era Technology","152.0","3.2"
"1483762","Azad Engineering","221.0","3.6"
"6772943","Sumathi Healthcare","",""
"2289702","Exotalent","",""
"334211","Computer Generated Solutions","152.0","3.6"
"124372742","Traek Info India Services","",""
"124853609","Purecult","",""
"123701187","Genesis Planners","28.0","3.0"
"1011316","Zeomega Infotech","109.0","3.6"
"4408454","Inspira Builders","29.0","4.4"
"124385710","Sunrays Consulting","",""
"4691244","I-Globus","",""
"2629596","Exiger Technologies","6.0","2.8"
"123570423","JB Poindexter","47.0","2.6"
"165094","Flex-i Partners","",""
"4289488","Harsh Clean Dhan","25.0","2.8"
"1353462","Siec Education","119.0","3.1"
"125125615","Moventiti","",""
"124387880","Job Squad Consultancy","",""
"124646620"," N-LABS.AI PRIVATE LIMITED","",""
"3444994","Loadshare Networks","412.0","3.5"
"1811126","Dailyhunt","68.0","3.4"
"125127447","Feel Good Food Llp","",""
"4363658","Softworld Technologies Llc","49.0","4.4"
"1003072","Methode Electronics","35.0","3.3"
"125131721","Moksh entertainments","",""
"124101570","Networks Labs","2.0","4.0"
"124123324","Aventra Digital Pte. Ltd.","",""
"3510228","Garage Platform India Private Limited ","28.0","3.0"
"618383","Scaleneworks","",""
"123950075","Fabo Services LLP","",""
"3873204","Prove It Catalysts","8.0","4.6"
"124030236","Ritual It Consulting Llp","",""
"2600374","Unislink","82.0","3.3"
"123523707","Futurense Technologies","",""
"124415476","Ecomen Laboratories","8.0","4.3"
"124975195","Technobug It Solutions","",""
"125131609","Luminex Solutions","",""
"124677132","Greenkingdom Botanical Gardens","45.0","3.1"
"3131984","Prishatech India Opc","",""
"4269672","Run Service Infocare","90.0","3.8"
"4450728","Atandra Energy","104.0","4.3"
"6059692","JAGGAER","6.0","4.6"
"123603659","Medekom Ventures Pvt Ltd.","8.0","4.8"
"3828486","Cadopt Technologies","72.0","2.6"
"124304024","Ecmat","4.0","4.6"
"123849431","Staffington","",""
"125131493","Start Genie","",""
"7062389","Talentboon Consulting","",""
"5951136","Proventech","137.0","4.1"
"1904862","House Of Kieraya Limited","10.0","3.2"
"1321324","Jagsonpal Pharmaceuticals","196.0","3.5"
"5351782","Caspex Corp","60.0","3.8"
"124983511","Xdlinx Space Labs","",""
"3267132","Swajyot Technologies","12.0","3.9"
"125131357","Kaalabhairava Manpower Resources","",""
"2312000","Prolifics Corporation","308.0","2.9"
"4692130","Egen (Formerly SpringML)","82.0","3.9"
"125099835","Aspire Spaces","9.0","4.0"
"6231464","Diligen Professional Solutions","11.0","3.9"
"125131203","Credbull Exchange","",""
"4277484","Brick&Bolt","288.0","3.7"
"2043288","Pennant Technologies","93.0","3.8"
"6280520","Accelon Premiere Consultants","2.0","3.5"
"123508763","VEERYA ATTACHMENTS PRIVATE LIMITED, MALUR, KARNATAKA","31.0","2.5"
"5673598","Asian Institute Of Nephrology And Urology","77.0","3.9"
"1754592","Yethi Consulting","395.0","3.4"
"6991177","Acumera Rigel","8.0","4.2"
"6343970","I5 Systems","2.0","1.7"
"957424","LeadSquared","356.0","2.7"
"124130356","SOTECH Development India Private Limited","7.0","4.4"
"5905490","Cglia Solutions","8.0","1.9"
"123791893","Brightedge","2.0","3.9"
"6809753","Kauvery Hospital","485.0","4.0"
"2543074","Resource Pro","576.0","3.9"
"123946055","Space Inventive","39.0","4.6"
"6133924","Jurist Associates","",""
"7111171","XIUS CORP Pvt. Ltd.","16.0","3.7"
"125022791","Wall Street It Consulting Services (india) Private  Limited","",""
"2545274","Integrated Simulation Technologies","13.0","2.9"
"4540514","Quick Digital Technologies","27.0","3.5"
"124114818","Nuacem AI","8.0","3.6"
"5611304","Cascades Data Solutions India","",""
"4692422","Shivalic Power Control","30.0","3.1"
"6755051","Mayon Infra Project","6.0","3.9"
"488005","Golden Hues Consultants","",""
"18602","Marlabs","626.0","3.4"
"124458852","Aforv","",""
"125005677","Future Transformation","",""
"6233414","PayNXT360","",""
"6540394","Homz N Space","18.0","4.5"
"125130931","Snore Clinics","",""
"5113406","MetaforgeIT solutions","",""
"123543289","Houzbay","21.0","4.0"
"4426258","RRS People Works","",""
"3811442","Rajapushpa Properties","169.0","3.9"
"6993307","What Digital Technologies","",""
"4779070","Poornam Technologies","19.0","3.3"
"14909","Team Computers","2057.0","3.7"
"124346258","Werber Global Consulting","",""
"6671977","PSR It Services","20.0","3.5"
"125130687","JoyDa","",""
"124076008","Growskill It","",""
"125101203","Goldenrise Properties Llp","",""
"1251634","Freyr","389.0","3.7"
"3724008","Adebeo Solutions","",""
"3895906","Identity And Access Solutions Llc","28.0","4.7"
"124438922","Basaveshwara Rao Babu","",""
"123829763","Lifebridge Senior Care","3.0","3.1"
"171413","Shore Infotech India","17.0","3.4"
"6270406","Credense Medical Billing","4.0","2.8"
"124883917","Style 365 Studio Salon","",""
"125077945","Sarvoham Welfare Trust","",""
"4387334","Valuable Consulting And Technologies","",""
"125128419","Shree Kusha Ventures","",""
"1942368","International Education Gateway","87.0","3.5"
"125122623","Ventha Law Firm","",""
"125129623","Palla Suresh  Co.","",""
"124554532","DA Healthcare","",""
"123824173","Gina Engineering Company","96.0","3.4"
"123556317","Vridhi Home Finance","38.0","4.2"
"5303394","Tricolour Manpower Solutions","",""
"123768316","Modus Business Transformation Platform","12.0","3.0"
"5747834","Binarystar Searchx","",""
"124717037","ALPHAINNOVATION","",""
"124709655","Vaibhav Printpack","11.0","3.1"
"3107396","SR Intelligent Technologies","",""
"123553835","Narasipur Auto Components","60.0","3.9"
"5993798","Arkay Engineers","",""
"125107845","Vidyut Engineers  Consultants","",""
"5703762","E3 Group","40.0","3.8"
"124939053","BPE Innovations","9.0","4.8"
"1528886","Lansum Properties","108.0","4.0"
"124636138","Pragati Rrd","",""
"1091642","LUXUS INDIA","12.0","4.3"
"125129349","Spicyplate Foods","",""
"4525384","Vamsiram Builders And Developers","2.0","3.4"
"125129295","Qcrete Readymix India","11.0","4.0"
"124645774","KIT Skill Hub","",""
"123878687","Precise Talent Hunt","",""
"123533707","Abhee Ventures","24.0","3.3"
"994206","Rainbow Hospitals","295.0","3.9"
"125129043","Robofit Designs","",""
"6402836","Inchi Solutions","",""
"5812264","Sukino Healthcare","34.0","3.8"
"5110990","TRH Recruitment Hub Consultants","",""
"892682","Crekk","",""
"123586263","INTELLISOL","14.0","3.7"
"123983960","Vijay Electric Co","3.0","3.2"
"125129027","Puttaswami Gowda Chandrashekar","",""
"124699890","Boston Institute Of Analytics","187.0","4.3"
"994122","Entero Healthcare Solutions","222.0","4.2"
"4765526","Maxowin Industries Pvt Ltd","",""
"124561456","Campusmarg Innovative Tech Services Hyderabad","",""
"1793586","Norwin Technologies","",""
"3711300","QSFT","",""
"963862","Sumadhura Infracon","237.0","3.9"
"124575000","Propeden","2.0","4.5"
"4935296","Isocrates","38.0","3.1"
"123787003","Dpr Infra Projects","3.0","4.7"
"123853531","Teja Technical Services","16.0","3.0"
"205732","Maple Software","45.0","3.6"
"125128835","Mechenser Technologies","",""
"125128865","Annyeong Truck","",""
"125128743","Iqol Technologies","",""
"491977","Usha Elevators","9.0","3.6"
"124820135","ARD Industries","",""
"735205","Deekshalearning","47.0","4.0"
"6178706","Mywhy","",""
"1504468","Promac Hr Solutions","",""
"7096971","Stratos Infra Technologies","8.0","3.6"
"4249764","GoMechanic","148.0","3.4"
"123957835","Lifetime Health Plus Care","",""
"125128697","Kothi India","",""
"2188130","Scintilla Kreations","8.0","3.3"
"124791927","Truestate","",""
"1851260","Loginsoft","44.0","3.8"
"4675646","Madhava Consultant","",""
"4400258","Methodhub Software","",""
"124994749","Zesto Hospitality","",""
"2799906","Lucid Medical Diagnostics","94.0","3.7"
"124882623","Kumar Rajiv & Co","2.0","2.1"
"123909597","Shanti Metal Industries","5.0","1.4"
"118057","AGI Greenpac","86.0","3.8"
"718977","Indo- Mim","979.0","4.1"
"84322","Cambio Consulting","",""
"5151486","Rapid Works","",""
"125128381","Wegrow Talearnt Hub","",""
"7121722","Optiv","83.0","4.0"
"125121423","Snapfind","",""
"1262","Theron International","",""
"5971018","Indo-euro Synchronization","9.0","3.3"
"124743607","Techchef Group","",""
"124593640","Blitzenx","",""
"124556076","Astra Security","",""
"124313420","Cognite","3.0","3.5"
"124220548","Revaalo Labs","",""
"123778856","Charter Global","51.0","3.5"
"124797619","Alegeus","25.0","3.3"
"124796991","Sarla Aviation","",""
"124748143","Duracell India","15.0","3.9"
"124688702","Eurofins Digital Testing","27.0","3.7"
"124651402","LED Flex Group","",""
"124650458","SmartStream","194.0","3.4"
"123932899","Alter Domus","73.0","3.1"
"123882575","Maplecroft","",""
"2521172","Indiahikes","10.0","4.1"
"4215478","SBM Offshore","106.0","4.3"
"2031464","Fospe Software","",""
"3763280","Svamitva Infra","58.0","4.1"
"3834418","MR Chemie","",""
"4098614","Ekincare","106.0","3.0"
"2257566","Nephroplus","605.0","3.9"
"5085148","BriskWin IT (BWIT)","15.0","3.2"
"124682384","Neev Systems","23.0","3.4"
"3866522","Teleradiology Solutions","44.0","3.7"
"3833854","Techvaria","12.0","4.0"
"3642742","o9 Solutions","275.0","3.6"
"3390272","Awign Enterprises","315.0","3.7"
"4790452","Bondada Engineering","180.0","3.6"
"4571582","Angadi World Technologies","8.0","4.7"
"4114518","Gameberry Labs","23.0","4.0"
"4076510","Flexera Software","78.0","4.0"
"4023372","Terralogic Software Solutions","230.0","3.0"
"3592076","Sansera Engineering","1248.0","4.0"
"4472168","Instabase","8.0","4.5"
"4375120","Sproutlife Foods","39.0","3.9"
"1962688","Prodigy Systems & Services","18.0","2.9"
"124119876","Herbalife International","515.0","3.9"
"124461390","Venqtel","",""
"124009536","Blumetra Solutions India","32.0","3.3"
"123738801","Innover Digital","149.0","3.8"
"123711139","Webpt","87.0","3.8"
"6457194","Pantheon","9.0","2.4"
"1849626","Seneca Global It Services","112.0","4.2"
"1844004","vSplash Techlabs, Inc","136.0","2.0"
"1804792","Automation Anywhere","167.0","3.6"
"124764031","Spireon","7.0","4.7"
"124540662","Solera","139.0","3.2"
"124458816","Criss Financial","74.0","3.6"
"124364742","Regeneron","10.0","3.2"
"124120970","Simpliigence","21.0","4.2"
"123905861","Highspot","17.0","2.3"
"123850515","Xflow Payments","",""
"123600473","OffiNeeds.com","4.0","1.7"
"123543573","Cx100","22.0","3.1"
"5886060","Superk","34.0","4.1"
"5824006","Skan","5.0","3.5"
"5258508","Dealersocket","139.0","3.2"
"5252158","Solutionec","21.0","3.7"
"5226002","Chemveda Life Sciences","134.0","3.8"
"4373622","Amplitude","",""
"4366422","Vizmo","4.0","3.7"
"3763432","Shorebird Technologies","8.0","4.6"
"3660492","Foresight Enterprise Systems and Solutions LLP","11.0","3.5"
"3220696","White Clarke India","2.0","4.1"
"2252260","CommerceIQ","91.0","2.6"
"124109758","Atenas Code","52.0","4.6"
"1367550","Kyyba","",""
"124737031","Timeless Edibles Pvt Ltd","",""
"124368192","Arka Aerospace","4.0","4.0"
"1774764","Eclinicalworks","937.0","3.7"
"125079765","Bodyinsight","",""
"4944750","Veltris","208.0","3.8"
"1118140","Desicrew Solutions","166.0","3.3"
"125127841","Reaidy Recruitment Services","",""
"587233","Sportz Village Schools","98.0","4.4"
"2941256","Sadguru Healthcare Services","185.0","3.8"
"123632167","Demandlane","25.0","4.1"
"4884616","Palni","55.0","3.8"
"6959231","Cronus Pharma","120.0","3.6"
"124362474","IMR Soft India","",""
"3483232","Quadrant Technologies","170.0","3.9"
"123795801","Bizionic Technologies & Marketing Solutions","30.0","4.5"
"1630250","Amagi Media Labs","148.0","3.5"
"124193844","Blufeather Solutions","",""
"1250356","Ideagen","25.0","2.4"
"643845","Merritt Innovative Solutions","37.0","3.5"
"4520038","Justified Advertising Software Services India Digital","15.0","2.9"
"3615962","Lounge Hospitality","128.0","3.9"
"123474923","DEC Industries","59.0","3.2"
"2736926","Ipec Project Services","",""
"2853916","Medvarsity","155.0","3.2"
"123682863","Krish Services Group","3.0","4.6"
"5588430","Sonepar India","114.0","4.0"
"4434470","Focaloid Technologies","64.0","3.9"
"125106631","Bharath Tbk Metal","",""
"3945696","Carbolink India","",""
"3978768","Apollo Pharmacy","2040.0","3.7"
"123954023","Skillovilla","111.0","3.6"
"15317","Amara Raja Energy & Mobility Limited","239.0","4.2"
"125126961","Abhaya Hospital Neuropsychiatry  Critical Care Hospital Pvt","",""
"4799432","Epiq Systems","316.0","3.5"
"124082014","Vendspacez","",""
"6007586","Finxer Technologies","",""
"179624","Infoblox","130.0","4.0"
"5946216","Bizpole Business Solutions","",""
"4976196","Sequoia Healthcare","10.0","3.5"
"4936708","Norwich Clinical Services","31.0","3.8"
"5943692","Epitronx Techno Solutions","",""
"125107429","Appiness Interactive","159.0","4.6"
"124418884","Edgeforce Solutions","10.0","2.9"
"5772284","AiR Institute Of Realization","32.0","4.1"
"2118788","Gosharp Technology And Consulting (p) Ltd.","14.0","3.6"
"124301696","Trinet Zenefits","39.0","3.2"
"2485178","Aco Technology Centre","41.0","3.5"
"124370884","Talent Drive Consulting","",""
"48600","Justdial","4842.0","3.5"
"123976813","Basil Woods School","",""
"4292698","Appit Software Solutions","",""
"124685220","Globelconnect Telicomes (opc)","",""
"2181246","Posidex Technologies","41.0","4.3"
"124853661","Gangothri Developers Telengana","",""
"4440414","Sun Mobility","226.0","3.9"
"4298328","Great Deals","",""
"3883062","Ultraviolette Automotive","53.0","4.0"
"124924239","Dextroware Devices","",""
"125127251","Galaxsun Solar","",""
"125101939","Ckas Tech Llp","",""
"2049994","Medicare Healthcare","",""
"2423196","Amplelogic","119.0","3.3"
"3064232","Exyte","83.0","3.5"
"123989598","My Dzine Home","",""
"124000896","Jtek Software Solutions","2.0","1.0"
"53408","Indium Software","1168.0","4.0"
"6358972","Barracuda Networks","54.0","3.6"
"667153","Seneca Global It Services","112.0","4.2"
"124922485","Signa Design","2.0","1.0"
"3668764","Creditsafe","18.0","4.2"
"468097","Pinnacle Infotech","512.0","3.4"
"124697186","Genx Pv India Pvt Ltd","2.0","2.5"
"124032400","Sasmos Het Technologies","237.0","3.9"
"5420232","Syscloud","26.0","3.2"
"133993","Madhucon Projects","234.0","3.4"
"4704864","Inovartech","19.0","3.1"
"6058730","Hiringeye Solutions","",""
"125060329","Mohammad Shaik","",""
"101982","Devon Software Services","115.0","3.8"
"125123995","Moena Trading","",""
"4599614","Human Potential Consultant","",""
"124626376","Nexsys Process Automations","",""
"125126569","Dakkhin Engineers & Infrastructures Private","",""
"5550966","Cloud Kinetics","56.0","3.4"
"124382434","Tripathi Group","",""
"124420596","PMS Engineers","14.0","4.0"
"941714","Joyalukkas","327.0","4.1"
"124247294","Clarks Exotica Convention Resorts & Spa","22.0","4.0"
"124954405","Gkr Constructions","3.0","5.0"
"124227816","Merlion Clean-tech Services","",""
"5018572","Blue Prism Solutions","",""
"125079183","Cleareast Trip","",""
"3961444","Vision And Magic Consulting","",""
"1959018","Chaayos","489.0","3.4"
"125126721","Nexovo Group","",""
"109743","Invensis","376.0","3.7"
"124724263","Tansi Fintech","",""
"1555380","Anblicks Solutions","80.0","4.2"
"5661292","Edvak Technologies","9.0","3.4"
"5007044","THREE DOTS AUTOMATION PRIVATE LIMITED","5.0","3.7"
"126605","Softenger","",""
"94224","B L Kashyap and Sons (BLK)","571.0","3.7"
"124958289","PSP It Solutions","",""
"124805503","Xcube Facilities","",""
"6205570","Talentq Solutions","",""
"123666553","Everite Solutions","",""
"6415810","Massmutual Global Business Services India","213.0","3.9"
"125126493","DeGain interior ","",""
"5302624","Acara Solutions","",""
"1625654","Hombale Constructions And Estates","115.0","4.5"
"125030979","Fresh Learn Global","",""
"125126417","Leads Global","",""
"5240442","Sketch Brahma Technologies","17.0","3.2"
"124106806","Sequre India Pest Control","2.0","2.6"
"5315364","CA One Tech ","31.0","3.7"
"1581818","Nandhana Foods","9.0","3.8"
"3509536","Aptronix","20.0","4.0"
"3077898","Skygate Consulting","",""
"124709693","Ebono","",""
"123560155","Worldpeak","",""
"2814388","Mijas Consultants","",""
"4547416","Kanary Staffing","",""
"5304706","Entirety Hr Solutions","",""
"125118781","NMK Global","",""
"124644328","Eleve Therapy Hub","",""
"124222882","Betatest Solutions","51.0","4.8"
"124472186","Senao networks pvt Ltd","",""
"749469","Curia India","118.0","3.8"
"7136433","Ncc Urban Infrastructure","195.0","4.0"
"125124923","Kenneth George English School","6.0","4.3"
"125124615","Countonme Business And Marketing Synergies Private","",""
"4204396","Olyv India formerly SmartCoin","260.0","4.4"
"124293270","Loyal Wingman Technologies","",""
"5384102","Zones Corporate Solutions","204.0","2.9"
"124033694","Cuculus","3.0","3.0"
"124575750","Skillzrevo Solutions","",""
"124275742","Virtual Protect Security","",""
"125119277","Urban Vault","17.0","4.2"
"5460884","Radiall","29.0","3.5"
"5003400","Amaryllis Healthcare","44.0","3.7"
"1837580","Amagi Media Labs","148.0","3.5"
"124369068","Reachinbox","",""
"124802657","Earthitects","2.0","4.6"
"124261948","Distacart","26.0","4.2"
"123968477","SRA Edutech","23.0","3.6"
"123839639","Tghco Health Support Service","11.0","3.4"
"123948189","Cloudsplash Technologies","",""
"124859509","R-tech Solutions","4.0","5.0"
"124461986","7 Ocean's International","",""
"1489202","Spearhead Professional","",""
"124326854","Fructuous Biz Solutions","4.0","4.8"
"3910654","Aadhan Media","29.0","3.7"
"2275356","Sri Shankara Cancer Foundation","11.0","3.8"
"124589840","AppShark Software","6.0","4.5"
"1592736","Pace Automation","15.0","2.5"
"89881","Prolific Hr Consultants","",""
"3531824","R Cube Consultants Noida","",""
"6529792","Radial Solar Systems","5.0","2.4"
"123568739","Wikilabs India","",""
"123590805","Paltech Consulting","95.0","4.1"
"7095781","Irep Credit Capital","126.0","4.2"
"4426332","vhr Professional Services","",""
"6456606","Valeth Hightech Composites P Ltd","32.0","3.5"
"124870813","Versabyte Data Systems","12.0","3.4"
"124284392","Rk Readymix Concrete","8.0","4.8"
"123841891","Medi Pharma Konnect","",""
"123859877","Trade Jinni","",""
"125119161","Ignicore Finance","",""
"125119291","Kumar Digital It Solutions","",""
"1581642","Ansr Source","85.0","3.8"
"124259022","BorgWarner","22.0","4.5"
"1865372","Insight Consultants","7.0","3.6"
"5157732","Mariosoft Technologies","",""
"6920273","G-rank Digital Services","57.0","4.0"
"5908374","S & T Welcare Equipments","31.0","3.5"
"124370800","Pavan's Flying Chicken","",""
"125119945","APF Fertilizers","",""
"6597840","Exploring Infinities Edtech","16.0","2.7"
"124774617","DressCode - Jhaver Enterprises LLP","",""
"125122537","Hs925","",""
"1580922","Numato Systems","15.0","4.2"
"970796","SRI Consultant","",""
"125109595","Adyasoft Technologies Inc","",""
"6661931","Edwisely","21.0","4.3"
"124284570","Zenloitte","",""
"3034454","STAR Hospitals Banjara hills","6.0","4.0"
"6836953","Unfold Technologies","",""
"2117182","Diagnosys","",""
"124007892","Panzer Technologies","75.0","4.4"
"124229294","Purecode Software","22.0","3.8"
"124088508","Sonicwall","65.0","3.5"
"124548546","IdeaNet","20.0","3.5"
"124573318","Real Connect Consulting Llp","",""
"5599350","Soothsayer Analytics","2.0","2.9"
"3671896","Identixweb","",""
"123657985","Digantara","",""
"1894240","Thidiff Technologies","10.0","2.3"
"5080308","Aroha Technologies","41.0","3.5"
"124628978","Trackso","",""
"5616142","Mjr Builders","26.0","3.5"
"124190360","Ashoka Builders","70.0","3.9"
"125112293","Snap2insight India","4.0","3.8"
"1740242","SVN System Technologies","10.0","4.3"
"124295388","Quiktrak","520.0","3.5"
"5005956","Yuva Global Services","",""
"3820402","Taashee Linux","46.0","4.3"
"124325412","House Of Lavender","",""
"125120903","Foot Relief","",""
"2385970","Jayam Solutions Private Limited -CMMI Level III company","71.0","3.9"
"123999466","Dhruv Tax Consulting","6.0","4.2"
"5810116","Anu Merton","",""
"3212106","Streamlyn Semisoft","12.0","3.4"
"5581548","Iprotechs Commercial Solutions","9.0","3.3"
"125119053","Coffee Sensation","",""
"123871281","Audvik Labs","",""
"6762537","Rohm Semiconductor","13.0","3.4"
"5049694","Baldor Technologies","23.0","4.0"
"4668438","Einfolingua","",""
"3938414","Olectra Greentech","269.0","3.4"
"6025958","Transcal","21.0","4.5"
"123798729","Team Recruiters","",""
"1275452","Globussoft","217.0","3.7"
"124252476","HCP Technologies","",""
"555237","Xsilica Software Solutions","34.0","3.8"
"5317480","Promantus India","",""
"124008044","Rapsys Tech Solutions","",""
"4733348","Servicecare","",""
"124981289","Swiftsense It Solutions","2.0","5.0"
"1403166","Paychex It Solutions","145.0","3.8"
"123708601","Nopo Nanotechnologies","10.0","1.8"
"124655896","Manav Sansadhan Vikas Salaahkar","",""
"6084444","Sitetracker","6.0","4.6"
"125022377","Uni Pro","4.0","3.7"
"2444032","Ushakiron Movies","33.0","3.7"
"1359","Datamatics","2250.0","3.4"
"1790634","Side","398.0","3.4"
"452463","Fortunesoft It Innovations","28.0","3.3"
"4496312","SGS Tekniks","253.0","3.9"
"6757145","Bookxpert","32.0","4.2"
"123572901","Buildox Developers","10.0","4.3"
"4899132","Stellar Innovations","311.0","3.4"
"123765853","Venlax Group","",""
"124084442","Radoratory Technologies","7.0","3.9"
"7120868","Primecare Pharma","6.0","2.6"
"7066013","Vistas Technolabs","35.0","3.2"
"4815692","Mitratech India","115.0","3.7"
"123997108","Ce Comfort Engineers","53.0","3.2"
"3176108","Tentamus India Pvt Ltd","42.0","2.8"
"294009","Sierra-cedar","21.0","4.1"
"732271","Nextgen Healthcare","238.0","3.7"
"1704654","Niyukti Management","",""
"21518","IDrive Software India Pvt Ltd","80.0","4.1"
"2542642","Avils Infra","9.0","3.5"
"6973575","Neo Aid Communication","",""
"6915279","Gloplax Solutions","",""
"124388214","Lans Corporation","",""
"203685","Patil Rail Infrastructure","315.0","3.7"
"123741545","Cast Craft","12.0","4.4"
"96377","Choice Consultants","",""
"1457782","FMS Dental Hospital","18.0","2.9"
"1314480","Juegotech Services","",""
"5979894","Om Healthcare Consultancy","",""
"124268320","Revitup Digital And Business Solutions","2.0","1.0"
"124656902","Burhan Oil & Trade Services","",""
"7131808","1 Source Bpo","",""
"3148138","Singhi & Co","79.0","2.9"
"737753","Vaps Technosoft","44.0","1.9"
"6323194","Meraki Organisation","17.0","4.2"
"5072736","Wonksknow Technologies","4.0","4.3"
"5054806","Keylent","9.0","4.4"
"2999826","Nambiar Builders","64.0","4.3"
"124802369","Turbotech Precision Engineering","29.0","4.1"
"442869","Indo Amines","258.0","3.1"
"124000820","Optomech Engineers","7.0","4.9"
"123931213","Pioneer Inspection Solutions India","",""
"3645102","Andrology Center","",""
"124025534","Prabal Motors","20.0","4.0"
"125095299","Inventsense","",""
"2690318","Gigabit Technologies","23.0","4.2"
"3286584","Infosight","2.0","4.6"
"6820937","Nexturn","178.0","4.1"
"123930643","Autope Payment Solutions","27.0","3.6"
"5984580","Fyers Securities","71.0","3.6"
"5648908","Lets Work Bangalore","",""
"3776188","Diligent","61.0","3.3"
"5498454","UWorld","40.0","3.5"
"360533","GGS Information Services","348.0","3.8"
"741479","Terrabit Consulting","",""
"124144660","Precisiontech Global It Solutions","",""
"124407282","Bedeck Woods","15.0","2.5"
"2112322","Palakkad Surgicals","6.0","4.2"
"7069223","Altumind","11.0","3.7"
"502","Hatsun Agro Product","1179.0","3.8"
"5607480","Transgraph Consulting","",""
"124327282","Techhaul360 Consulting Services","",""
"5554280","Acquisory Consulting","90.0","4.1"
"124353098","Apoorva Raj B E","",""
"124617748","SS Associate","7.0","3.9"
"2759972","Geotrackers Mobile Resource Management","14.0","3.4"
"4754956","Vimtra","",""
"6817927","Eruvaka Technologies","67.0","4.2"
"124823535","Kanara Consumer Products","",""
"3847514","Williams Refrigeration","45.0","3.1"
"124571494","Design My Houzz","",""
"4180000","Appstek Information Services","26.0","3.8"
"5904948","Desmet India Corporation","",""
"1355610","King Stubb & Kasiva (KSK)","44.0","3.2"
"5395264","FPT Software","62.0","3.0"
"3992094","Medico Healthcare Services & Technologies","193.0","3.1"
"97897","Brigade Group","472.0","4.0"
"912528","Solugenix","175.0","3.2"
"124202764","Chinmaya Mission Hospital","41.0","3.5"
"124687590","Ideal Talent Connect","",""
"125142147","Smartfoodsafe India","9.0","2.3"
"124920581","Ibrahim Sheik","",""
"125142239","Confidential","",""
"125026303","Akankshaa Business Services And Consulting","",""
"2724858","Unique Support & Services","",""
"125136223","Goodearth Malhar Footprints Owners Association","",""
"124822593","M Square Technologies","",""
"123590625","Cloudbig Technology","",""
"124914251","Visionsoft","7.0","3.9"
"125105569","Troupex Networks","",""
"3006332","Biyani Technologies","111.0","4.4"
"124353530","Probity Consultancy","",""
"5681004","Hiring Cube Technologies","",""
"123820941","CredVest","60.0","4.1"
"125136001","Sirius Health Care","",""
"125057863","Getlook Beauty","",""
"124935417","Agrodart","",""
"4741419","VSA Machines India","4.0","3.3"
"5099610","Asrithas Group","47.0","3.4"
"123999702","Sequence Cloud Gateway","",""
"124997731","Kuik","",""
"125132025","Maxeye Technologies","16.0","3.7"
"125078645","Mpowerurge","",""
"125141891","Ruchira Developes LLP","",""
"125141853","Zeducators","",""
"124545064","Axonlabs Consulting Llp","2.0","1.9"
"125141815","Wowidays Tourism","",""
"124952349","Esscorptech","",""
"1629782","Uppraisal Consultant","",""
"1429716","JMT Consultants Detailing","3.0","2.8"
"995","RAMTeCH","794.0","3.6"
"124604892","Panchami Global Projects","",""
"124564736","One Stop Solution","",""
"124918049","Sadhna Envio Engineering Services","",""
"4762948","Wisework Consultancy","",""
"124804663","Drivewave Solutions","",""
"125028027","Forzhighbizz Business Solutions Llp","",""
"124441868","Blue Leaf Corporate Solutions","6.0","1.6"
"123851679","R C R Trust","",""
"125141623","Modcon Builders","",""
"125141617","Bon-cuisine India","12.0","3.6"
"124914189","Bestq","",""
"124862393","Abt Corporation","6.0","3.9"
"125141233","UTF Technologies India","",""
"4197864","Ryte4u Solutions","",""
"125141527","Uniroyal Chemicals","",""
"125141481","Internspot Innovation","",""
"744171","Acme Interiors","60.0","4.2"
"1038572","Bhartiya City Developers","95.0","3.9"
"124509122","Qrusible","",""
"124681798","Shikhar Resources","",""
"125140741","Sprint Middle East Llc","",""
"124874339","Artecraft International","",""
"125141337","Redeye Security  Systems","2.0","4.6"
"125134727","Kiro Elvi Foods","",""
"641493","Shah Infra Towers","20.0","3.4"
"125131583","Global Invision Llp","",""
"1305266","Vikram Tea","128.0","4.1"
"125076311","CG Associates","",""
"124853051","Apollo Radiology International","2.0","4.0"
"124668888","Finmo Investment Advisors","",""
"124430078","Envision Hr","",""
"124951567","Onyx Edutech","",""
"3077752","Skilfil Consultants","",""
"124861641","HMG Technology","",""
"5665118","Prism Enterprises","3.0","4.9"
"124944961","IIG South","",""
"5511918","Imatiz","7.0","4.3"
"125141227","Rathna Bhoomi Developers","",""
"123831595","Knotify Services","",""
"2470924","Golden Hatcheries","7.0","4.0"
"124034238","NVS Travels","",""
"123906611","Unusual Hire","2.0","5.0"
"125123305","Techsprout Ai Labs","",""
"6360148","Revolutionare Sustainable Services","23.0","4.0"
"124587010","Smartgen Infra","2.0","2.3"
"123992828","Corenza","",""
"123999340","Aarna Law","",""
"124780225","Trump Technologies","",""
"125140881","Insightrush","",""
"124779257","Leo krishtek pvt ltd","5.0","5.0"
"7104263","Hiref Technologies","",""
"124938415","Siage Solutions","",""
"5286290","Space Consultant","",""
"7427","PMS Consulting","",""
"124719347","YNM Pan Global Trade","3.0","3.3"
"7139605","Purvi Consultancy Services","",""
"125140727","Dipali Kumari","",""
"125073161","Synergitech Solutions","",""
"124609346","Feature Constructions Llp","",""
"6000762","Inwinteck","4.0","2.6"
"124011794","Conscious Edge Tech Consulting","",""
"125078479","International Management Consultancy Llp","",""
"124041366","Life Designer","6.0","4.1"
"125119387","Daredia Life Science","3.0","1.3"
"8009","TIE-UPS","",""
"6048192","Falcon Group Of Institutions","",""
"124603634","Advait Technology Labs Hyderabad","2.0","4.4"
"124098486","Skill Connect Hr Consultancy","",""
"1032368","Internaciarekruto (opc)","",""
"4543282","Revest Solutions","30.0","3.3"
"10021","Ramco Systems","788.0","3.9"
"233356","Advantech","15.0","3.4"
"124035552","Paramita Tech","",""
"125130339","Adctalentedge","",""
"5630198","BDS Consultancy","",""
"125116169","Prime Technologies","25.0","3.5"
"124020794","Sjr Infrastructure I Park","",""
"6819385","Opportune Solutions","",""
"125105903","Lorvet Solutions","",""
"3891320","Theta-preneur","",""
"2682996","Digitalops","2.0","5.0"
"124894359","Easha24x7 Health Care Pvt Ltd","",""
"124631292","Dimensions","",""
"125140057","Greenated Clima Tech Private Limited","",""
"124596492","Prime Hire","",""
"6219548","Nyx Associates","",""
"125139285","Innobuz Technologies","",""
"124493564","Techlanz","2.0","1.5"
"4260562","Rapid Talent Solutions","",""
"125138739","Salaahshots Llp","",""
"4944794","Zcientia Labs","",""
"1029242","Jobskey Consultancy","",""
"125138961","Techroles","",""
"3274840","Osprosys Software","20.0","2.1"
"5448094","Freelancer Bhushan Babbar","",""
"123600061","Starf","",""
"125058389","Darsan Consulting Services","",""
"123556423","Elbowcurve","18.0","2.5"
"124919045","ASN Engineers Llc","",""
"6397648","Brain Links & Resources","",""
"124989469","S.V.Associates","",""
"124774489","Nexbloom Media","",""
"125007229","hr@botsandcrew.com","",""
"124184296","Matrix Consulting","",""
"124859779","Sop Technology Services","",""
"5835","GOKALDAS IMAGES","91.0","3.6"
"838773","Vcssystems","3.0","4.9"
"660405","Secure Parking Solutions","82.0","4.2"
"1528798","Zentron Labs","15.0","4.5"
"888870","Quantium Analytics","43.0","3.7"
"124306370","Mentora online tuition classes","",""
"2277756","Career Foresight Hr Solution","",""
"125137315","Neuenco (neuron Encoding Projects)","",""
"124831523","Suravika Technologies","",""
"124854633","Sunshine Pediatric And Family Clinic Private","",""
"124993405","Ajayaa Ed Tech","",""
"125133703","Brandsure Consultancy","",""
"6976695","Parth Associates","",""
"7063163","Shortlistedyou Executive Search & Staffing","",""
"4545002","Intact Search","",""
"2172964","Acumont Solutions","",""
"125133859","Galaxy Freight Private Limited","18.0","3.1"
"124837327","One75mb Hrm","",""
"123537603","Softobotics Technologies","14.0","4.4"
"125136729","Metronavix","",""
"125136785","Elasticdevs","7.0","3.8"
"124675420","Ontogeny Engitech","2.0","4.4"
"123726811","AVS Skills Academy","",""
"125120175","With Ease Technologies India","6.0","4.7"
"125033173","Bonorganik Apparels","3.0","1.2"
"124738937","Ayaanz Food Labs","",""
"124329912","Jeevan Developers","",""
"124560076","Taas Partners","",""
"125134543","Nutribray Healthcare","",""
"125105343","Congen Products","2.0","3.3"
"125136647","Hiringjet.com, Mahadevpura","",""
"3770048","Sunshine Workforce Solutions","",""
"125136589","Hellowork Consultants","4.0","1.0"
"124756261","Dharma-x","",""
"125056803","TRH Consultancy Services","",""
"124343640","Sugandi Consultancy Services","",""
"124759001","Balaji Malts","5.0","2.9"
"124328680","Cybernest It Services","",""
"354431","Morgan Placement","",""
"124656466","Optimas Ai Technologies","3.0","2.5"
"125136285","Pratibimb Interiors & Automations","",""
"124944691","Wetshield Waterproofing Solutions","",""
"124100614","Srian Infrastructures","27.0","4.2"
"125083557","GR Creationss","",""
"25169","Tab Placements","",""
"4145792","Uber Projects Lighting","49.0","3.7"
"125084991","QHT Clinic","14.0","3.1"
"124976283","Tutune System","",""
"1599468","Bhuta Shah & Co","21.0","3.8"
"2420904","Officetimer","",""
"124755131","Recruno","",""
"125135903","Shabad Dhun Foundation","",""
"124804069","Chakrasiddh","2.0","3.8"
"125135811","Accrefin Solutions","",""
"689505","Endeavour Consultancy Services And Solutions","",""
"124556192","Canterr It Services","",""
"3509728","Brightbridge Advisors","15.0","1.8"
"638415","Doosan Bobcat","107.0","3.8"
"85003","Suvidha Placements","",""
"4128534","Jobhunt Consultants","",""
"125103099","Feather Touch Trading Company","",""
"4404414","Indian Institute of Corporate Affairs (IICA)","21.0","3.7"
"125134653","Qurbat","2.0","5.0"
"424901","E-homes Infrastructure","34.0","2.7"
"1569652","Fusion Business Solutions","116.0","3.5"
"123597473","Catalyst HRS","",""
"124742523","EJI Travel Solutions","2.0","2.6"
"124609964","Saanjh","",""
"124562582","Triose","",""
"124555916","SOL Derma","14.0","2.6"
"124543616","Stch Integrated Marketing Solution","2.0","5.0"
"124494838","Padel Park","",""
"124477738","Club Oxygen","100.0","4.0"
"124404886","Villa Agroha","",""
"124358856","Arika Tour And Travels","18.0","4.3"
"124355170","Velanutrition Nutraceutical","",""
"124354590","Emhealth","",""
"124354110","Manisha Analytical Laboratories","14.0","4.0"
"124353464","Inventum Events","",""
"124323730","Careplix","6.0","2.3"
"124299964","Tathastu Ai","4.0","3.5"
"124299832","Journeycook Tour Operator","",""
"124278866","QnQ Healthcare","20.0","3.6"
"124173164","Blusalzz Hotels & Resorts","4.0","3.3"
"124168486","Akar Infomedia","",""
"124124478","Biocruz Pharmaceutical","",""
"124104822","Bodhi","",""
"124086314","Happimynd","6.0","3.8"
"124084598","Aouraa Production","11.0","3.2"
"124481904","Axalta","169.0","4.1"
"123910437","Visas Immigration Services","3.0","4.0"
"124607220","Talrn","",""
"124470410","Kovan Tech Solutions","2.0","2.9"
"124366906","Concrete Software Solutions","9.0","4.5"
"123880145","Avis Enertech","8.0","4.9"
"123838613","Headstream Technologies","4.0","3.8"
"1007564","Anand Systems","7.0","4.7"
"124079708","Miko","72.0","3.3"
"124574910","Natureovedic Consumers","",""
"5355350","Sfi Financial Services","16.0","3.7"
"123596685","Innvocon Learning Solutions","8.0","3.9"
"123641517","Indian Mesh","11.0","3.7"
"125133661","Rithm beverages","",""
"125133587","Nsight Solutions","53.0","4.1"
"4740","The Madras Advertising","5.0","2.5"
"4068780","Cbts","126.0","3.9"
"124354824","Chris Merchant","2.0","2.0"
"124960063","Kineto","8.0","3.4"
"124972037","Nath Industries Limited","18.0","3.9"
"124147968","Kautilya Institution","",""
"124807647","Chandana Brothers","11.0","4.2"
"123950291","New Rainbow Public School","15.0","4.4"
"124899707","Indo Asia Copper Limited","",""
"124113690","Dforth Technologies","2.0","4.0"
"124327556","Tula Hospital","10.0","2.8"
"5596040","Advution","",""
"1751170","Kratin Mobile Software Solution","14.0","4.4"
"125049009","Myusit Jobs","",""
"1600932","NIIT Learning Systems","1377.0","3.5"
"124398488","Shrimad Rajchandra Mission","7.0","3.7"
"125119283","Prasad Corp","",""
"123838615","Go4explore","6.0","4.2"
"3925028","Sheevam Comfort Hotels","3.0","4.3"
"4256028","ST Courier","37.0","3.7"
"3542000","K.R. Mangalam Group","163.0","3.5"
"1960774","Autoprint Machinery Manufacturers","60.0","3.9"
"3408488","Vcommission Media","96.0","4.4"
"1885714","Axio Research","",""
"1847274","Lapiz","210.0","2.9"
"2030078","CashKaro.com","93.0","3.4"
"2612506","Woodstock School","10.0","3.2"
"3666260","Systrack Solution","",""
"5034480","Ddreg Pharma","61.0","2.7"
"125119307","Tekydoct Sdn Bhd","",""
"6673381","Softhealer Technologies","",""
"1840848","Anubavam Technologies Pvt.ltd","52.0","4.6"
"4552496","Trenser Technology","48.0","4.1"
"124836799","Basepair","",""
"124396002","UST Healthproof","6.0","3.8"
"3006074","Redian Software","61.0","3.8"
"6984093","Heinz","298.0","3.0"
"2256288","Shakti Pumps","332.0","3.8"
"124523956","RIG Technologies","9.0","4.6"
"6960687","Lumel Technologies","6.0","3.7"
"4188410","Mako It Lab","22.0","4.6"
"2358050","Jetbro","5.0","2.8"
"5039132","Transaction Network Services","24.0","3.3"
"124444662","Radici Plastics India","14.0","3.1"
"1816524","Donaldson","132.0","4.1"
"4925920","Jman Group","30.0","3.5"
"5987404","Accurate Background","107.0","3.8"
"4550534","Weavers Web","76.0","4.4"
"2029102","AWL India","77.0","4.2"
"4964772","Eightfold Ai","34.0","3.1"
"124583998","Dave Construction Engg. Co.","",""
"1974304","Reflections Global","87.0","3.9"
"3310792","McCormick","67.0","4.2"
"125122005","SES Projects","7.0","4.5"
"3869140","Diadeis","1844.0","3.8"
"1898756","Unified Infotech","118.0","4.4"
"5886064","Metso Outotec","725.0","4.1"
"1581592","SDG Corporation","114.0","4.0"
"2258354","Arosys Technologies","11.0","3.1"
"124450280","Ultimate Bliss Foundation","",""
"125126999","Aatomize Manufacturing","4.0","2.5"
"124613006","Innolead","",""
"125121901","Penta Orthodontics","",""
"123658865","Reelo","3.0","2.7"
"124630586","Digicrackers","",""
"123945267","C3i Hub","22.0","2.9"
"124379112","Accredian","10.0","1.9"
"124482514","All Hands Global","2.0","5.0"
"124451936","Apac News Network","4.0","3.0"
"1779882","Taazaa Inc","126.0","3.7"
"2356980","Nasscom Foundation","106.0","3.7"
"3401178","Broadway Malyan","",""
"4419482","Silk Road Medical","",""
"4306194","Rezo","6.0","1.8"
"123741847","Accor","77.0","4.4"
"6627392","Leadventure India","9.0","3.7"
"124142192","Inizio","7.0","3.4"
"124423758","Hetfy Software Solutions","",""
"123937349","Savii","2.0","4.0"
"124369066","Arbor Education","4.0","3.2"
"2359642","Royal Sundaram General Insurance Co","790.0","3.8"
"7111615","Gigmo Solutions","120.0","4.0"
"3488352","Classic Signages","34.0","4.3"
"1963014","Wondersoft","74.0","3.4"
"2611394","Softura, Inc.","100.0","3.5"
"3616560","20 Microns","119.0","4.1"
"7060485","WTW Global Delivery And Solutions","5.0","3.2"
"123489507","Albiorix Technology","13.0","4.1"
"123702331","Convoso Tech","6.0","4.3"
"123599439","Teknics","",""
"125122025","Visibility Studio","",""
"1687838","Monotype Solutions India Private Limited (India)","129.0","3.5"
"1896048","Prateek Group","145.0","3.8"
"2253412","Instasafe Technologies","10.0","3.6"
"2607484","Chembond Chemicals","164.0","3.7"
"3124674","Criteo","18.0","4.4"
"3333230","Edify Group","2.0","1.1"
"3391558","Globetouch Technologies","4.0","3.1"
"4372234","Elekta","4.0","4.9"
"5299400","Getoncrm Solutions","7.0","3.1"
"123622855","Indo Wings","10.0","2.9"
"123487703","Techwaukee","19.0","4.3"
"124593286","Armakuni","2.0","2.9"
"124540704","Mantle Solutions","110.0","3.5"
"124531812","Immigration Hotspot","2.0","5.0"
"124348140","Shivamshree Businesses","",""
"123980431","IDIQ Softech Solutions","",""
"125056937","Youthnet","2.0","4.9"
"124890925","Livekeeping","15.0","2.4"
"6102598","Pineaxe Technologies","",""
"5542668","Leena Ai","158.0","3.5"
"4904582","Jungheinrich","65.0","4.2"
"6495198","Growexx","47.0","3.5"
"5921840","AllCloud","37.0","3.4"
"125135211","sales@eaglevisiontechnology.com","",""
"125135201","Naturaltein Lng","",""
"125134465","Media Forage","",""
"125135199","Tathvik Siksha","",""
"124678270","PRG Forex","",""
"6165096","Six Sails Technologies","100.0","4.0"
"6937763","Smartbiz Solutions","2.0","1.6"
"124777965","ABC Fuels","",""
"1535296","Vensure","188.0","3.9"
"123590771","Ebsco Information Services","43.0","2.8"
"125135097","Netbounce Placement Llp","",""
"125135081","AP Group","29.0","3.0"
"124900489","Amvik Solutions","27.0","4.7"
"125135021","Livort Lifescience Llp","",""
"5258026","Ocrolus East","240.0","3.5"
"6517916","Lancetech Solutions","",""
"125133925","Freight Brokerage","",""
"125135023","Nikunj Sushil Sartan","",""
"124857749","Matchbest Software","",""
"123992696","Words Lead Opc","",""
"2955224","Infrahealth India","16.0","4.0"
"124037248","Indahash Media","",""
"1074940","Mhxorbian Tech","2.0","3.8"
"7070307","Her Pursuit Chennai","",""
"123533181","Icon Hospital","32.0","3.9"
"4424658","VME Vhire Solutions","",""
"5429318","Sipm & Associates","",""
"123812995","Vidisha Electricals","",""
"5676014","Biztransights Solutions","15.0","3.9"
"5832690","Mckinsol Consulting","34.0","2.9"
"125134699","Promiller Group","",""
"6598510","Equiplus India","",""
"123461073","Sandeep Enterprises","18.0","3.1"
"5912618","Catalyse Research Llp","9.0","4.3"
"6528934","Rams Venture","21.0","2.7"
"125088271","Skinaa","",""
"124267320","Vetri Tours N Travels","",""
"595395","RSG Media Systems","32.0","2.9"
"124667436","Ace Polymers","2.0","4.6"
"124802053","B Jain Publishers","40.0","3.1"
"6853791","Ajax Network Solution","3.0","5.0"
"124656824","JEG Bim Solutions","",""
"124832823","MFS Travels","",""
"124778995","Bachatt","",""
"4082144","Softel Solution","26.0","3.3"
"125134891","Rudraksha","",""
"123739117","NKT Operations","23.0","3.8"
"1717490","Entra Solutions","118.0","3.4"
"2599168","Akash Blowers","92.0","4.3"
"829215","Intersoft Data Labs","236.0","3.5"
"6617036","Bitontree","27.0","4.7"
"5319530","Jenx Digitech","36.0","3.9"
"6046770","Zenith Consultants","",""
"6653955","Salasar Techno Engineering","164.0","4.1"
"124151676","JC Orthoheal","7.0","3.9"
"5565780","Anand Tubes Pvt Ltd. ","",""
"123558005","Airiffic Solutions","",""
"3058834","Beardo","81.0","4.5"
"3915120","Shaswat Textiles","2.0","4.4"
"124437840","Goklani  and Co","",""
"2065832","Illusion Dental Laboratory","170.0","3.5"
"4013972","Link Hr Solution","",""
"4428958","Mappy Global Resources","",""
"123580923","Epicurean Hospitality Services","4.0","5.0"
"677791","ASC Infratech","100.0","3.9"
"3832474","Be Well Hospitals","96.0","4.0"
"1485886","ALLEN Career Institute","867.0","3.8"
"654133","Zen Peoplecraft India","",""
"125127275","Success Metrics","",""
"2187","Executive Search","",""
"748929","Tifara Multi Designer Store","57.0","4.0"
"233939","North West Carrying Company Llp","97.0","3.8"
"739177","Tusthi Executive Access & Consultants","",""
"1224030","Jekson Vision","106.0","4.0"
"124754811","Scoria Energy","",""
"123776010","Hybcloud Technologies","",""
"125111861","JP Global Enterprises","",""
"3191154","Aplinka","38.0","3.5"
"124805661","Crop Care Pesticides India Pvt.Ltd","9.0","2.3"
"2446","Haarvard Management Consultants","",""
"56316","Microobjects","20.0","4.4"
"602291","Profit Shoe Company","19.0","3.4"
"123686415","Bio Age Equipment Services","5.0","4.9"
"7094681","Pearce Services Global","161.0","3.0"
"125134547","Marudhar Marketings","",""
"125134609","Brekky","",""
"5005630","GreyB","87.0","2.6"
"6868731","Bootes Impex Tech","36.0","3.5"
"4824714","Z N L & Associates, Chartered Accountants","",""
"6000400","Oswaal Books","238.0","4.2"
"6049674","Career Consulting Professionals","",""
"124969493","Urbtech India Developers Pvt Ltd.","26.0","3.0"
"1488706","ML Outsourcing Services","",""
"590679","IRIS KPO Resourcing","163.0","3.8"
"125134525","Barnes School & Junior College Deolali","",""
"63622","The Glove","",""
"6761805","Kinkob Kreations","",""
"5588680","iRageCapital","5.0","4.9"
"4412450","Neyox.ai - Voice AI Agency","7.0","3.5"
"2075470","Snj Distillers","17.0","3.6"
"1082562","Bold Technology Systems","278.0","3.0"
"123792419","Care Hospital","643.0","4.1"
"124735305","Shizuha Trading Llp","",""
"2036610","Pallium India","8.0","3.8"
"446129","Vtransport","",""
"125134491","Premier India Bearings Ltd","16.0","3.7"
"103744","DCM Infotech","146.0","3.5"
"125013797","Glitz Media","",""
"4051","Vidal Health Insurance","378.0","3.5"
"125134563","Leisure Lanes Holidays","",""
"4985112","Q1 Technologies","",""
"124143158","Chembond Chemicals","164.0","3.7"
"124280528","Protectol Healthcare Private Limited","",""
"33551","Samin Tekmindz","73.0","2.7"
"123896873","Turnberry Solutions","6.0","3.4"
"14664","Tractors and Farm Equipment (TAFE)","2341.0","4.0"
"4826584","Itechserv","12.0","2.3"
"4515084","Acko","567.0","3.6"
"124926775","Milan Road Buildtech Llp","38.0","3.7"
"125099017","Rhida Consultancy Llp","",""
"748171","Sheela Group","447.0","4.1"
"124022764","Indiazona","",""
"125134403","Kredit Cuber","",""
"6962733","Shamrock Overseas","7.0","4.3"
"5652158","Ebikego","10.0","2.6"
"930132","Ishan International","5.0","4.1"
"6585148","G Square Housing","121.0","3.9"
"123951317","Express Kitchen","2.0","2.0"
"4416876","Biotech Vision Care","155.0","3.4"
"5273892","Tasa Consulting And It Services","",""
"124728901","Gras Education  Training Services Private","4.0","4.3"
"125134437","Visionx Digital","",""
"124920917","Yogi Intermediates","17.0","3.4"
"123548959","Loesche","14.0","4.4"
"4648118","Callnet Placement Services","",""
"1090080","Idreambiz","15.0","3.5"
"123658211","Sterling Accuris Wellness","114.0","4.2"
"125132877","Meet Jagani & Co","",""
"125134277","Ethotron  Private limited","",""
"124389024","Dronelab Technologies","6.0","4.4"
"123589223","Monolith Technologies","2.0","1.9"
"5492788","Expansionjs Technologies","26.0","4.1"
"5803","IDS Infotech","359.0","2.9"
"742237","KARCHER","96.0","3.7"
"6821195","Egreen Farms","25.0","1.9"
"124108680","Kayura Effect","9.0","2.9"
"124302950","Nyx Wolves","",""
"125133663","Shipbolt Industries","47.0","3.7"
"125129853","Vaidi Acrylic House","",""
"124724515","Seven Circle Property Developers","",""
"125117405","Nagaed","",""
"125134235","Prime Care Clinic","",""
"125134269","Birdhichand Ghanshyamdas","3.0","4.9"
"123738395","PTC India","51.0","4.2"
"124168578","Mangosorange Group","",""
"124824237","Vedalex World Class Products","",""
"125065621","North East Hire Purchase Company (india)","",""
"125134257","B4 Entertainment","",""
"123459711","Macsen Laboratories","2.0","2.1"
"977294","Corporate Infotech (CIPL)","572.0","3.8"
"124060462","Mediocean Healthcare Consultancy","",""
"124755041","Etherea Essentia (Yantasiddhi Pvt Ltd)","",""
"125134223","sarvotam solutions","",""
"124472490","Esskay Beauty","36.0","3.9"
"124979763","Spaces Unhooked","2.0","3.3"
"3077562","Pacific Asia Consulting Expertise","",""
"124144516","SVM Factory Private Limited","10.0","2.5"
"6861649","Insbytech","",""
"7066943","Topia Life Sciences","76.0","4.2"
"3559476","Crownstack","64.0","4.3"
"5567184","Pakka Ltd","72.0","3.6"
"124510210","Viviid Renewables","64.0","4.2"
"125134107","Skyhigh Services","",""
"3265340","Haiden Technology","",""
"1730350","Indian Energy Exchange","73.0","3.4"
"124655158","Vijay Polymers","",""
"3616392","Arcoy Industries (india)","8.0","3.9"
"124611212","Intense Medical  Dental System","",""
"124968605","Lamose Infra Llp","",""
"124512418","Talbros Engineering","80.0","3.0"
"124491328","Mexmon Global Developers","4.0","3.5"
"720679","Pegasus Corporation","",""
"124206272","Zervteq Llp","",""
"125132359","Ramesh","",""
"4848230","Tachyon Technologies","72.0","3.6"
"124646106","Bhagyashree Dave","",""
"5653046","MAD Educators","21.0","3.8"
"3386918","Appitsimple Infotek","55.0","3.1"
"124040772","Cadfin Tech","",""
"89625","Gmr Varalakshmi Foundation","8.0","3.8"
"721847","Eye Q","280.0","3.5"
"124394862","Bands Tradelinks Llp","",""
"124425758","Sai World Travels International","",""
"124050456","KIMPLAS PIPING SYSTEM","43.0","3.3"
"1832228","Kapila Krishi Udyog","71.0","3.7"
"124859411","MM Castings","21.0","4.2"
"124079678","Fix My Curls","",""
"124126012","Enuvos Solutions","",""
"609155","AKS Websoft Consulting","48.0","3.4"
"124677196","Vortex Netsol Pvt. Ltd","",""
"124054314","Jiotech Training & Consulting","",""
"124710365","Aspiring Brands","",""
"124997577","Mana And Kias Infrastructures Limited","4.0","2.8"
"125133897","Tphonic Galobal","",""
"2277610","Priority Idc","6.0","3.1"
"125107801","Protech Its","",""
"125106111","SRP Innovations Pvt Ltd","",""
"6694389","Mentor Mate Hr Services","",""
"125130601","Kamla Horeca","",""
"6573496","Rapid Diagnostic","36.0","3.4"
"125133713","Bindra Industries India","",""
"1699602","Algoworks","203.0","3.7"
"7047811","The Online Master","",""
"124984145","Suretech Infrastructure","7.0","4.1"
"124190510","Cellex Battery Systems","",""
"125133805","Suspect To Prospect","",""
"828021","TAK Technologies","61.0","4.1"
"125133795","Sunrack Technologies Llp","",""
"124655506","Invensyscad Solutions","3.0","4.4"
"123925193","Basis Cloud Solutions","21.0","3.4"
"901302","Programmers io","187.0","4.0"
"1796428","Genetic Callnet Consultancy","",""
"6365996","Pragati Infra Solutions","77.0","3.7"
"124743691","The Digitech Solutions","",""
"123486459","Purvax Engineers","7.0","3.0"
"5808914","New Zealand Based Company","",""
"6553110","Cyrix Health Care","178.0","4.2"
"124170790","Ninety1 Global Consulting","",""
"6629994","Soulocal Retail Ventures","",""
"361357","Amneal Pharmaceuticals","1272.0","4.2"
"4895400","SPR TGPEL Precision Engineering Ltd.","179.0","4.1"
"3501740","Countronics","5.0","4.0"
"5394914","Haleon","271.0","3.4"
"1630830","Skechers","196.0","4.0"
"5060778","DYNINNO","269.0","4.0"
"1409506","Data Wave Technologies India","",""
"123932833","Harshvardhan Enterprises","2.0","4.9"
"125070311","Emecs India","",""
"5720024","Fia Technology Services","107.0","3.6"
"125127819","Goodhealth Medtech","",""
"1626028","Pactron","26.0","4.4"
"174705","Chandan Healthcare","133.0","3.1"
"123717451","Shri Ekvira Manufacturers And Coats Private Limite D","",""
"123825393","Raghunandan Capital","14.0","3.8"
"1496326","Velcord Textiles","6.0","2.6"
"3051780","Park Global Hr Services","",""
"124208808","Everglow Led","",""
"123805169","Envision Consultancy","",""
"4237796","Datatobiz","42.0","4.4"
"4698880","Gohil Technologies (opc)","7.0","3.4"
"5852234","Group 108","4.0","4.1"
"125133023","cut Craze Production","",""
"124508704","HR Organizations Solutions","",""
"124831673","Mushloop","",""
"125129607","Sri Chaitanya Techno School Mowa","",""
"583541","KTPL Technologies Pvt. Ltd.","182.0","4.1"
"125099925","Gitanjali International School","15.0","2.2"
"2146004","ESS Cee Hr Solutions","",""
"124607994","Lawrbit Lextech India","3.0","2.6"
"124933551","Intozi Tech","25.0","4.7"
"124008182","Simply Algo Fintech Pvt. Ltd.","",""
"123578415","Netsquare Automation","12.0","3.8"
"2338374","Knackforge Soft Solutions","27.0","3.9"
"4103990","Air India Express","154.0","3.5"
"124961673","Vedant Consultancy Services","2.0","4.5"
"947930","Novigo Integrated Services","93.0","3.9"
"5656360","SBI MUTUAL FUND (SBIMF)","419.0","3.8"
"4995764","Galaxy Blue Sapphire Plaza","",""
"3498338","Deepak Foundation","132.0","3.9"
"171837","Converge Staffing Solutions","",""
"124121626","Urbanage Landbase","3.0","5.0"
"5793214","Mindpower Institute Of English  Computer Educatio N","",""
"6365360","Sheekharr Starch","8.0","4.9"
"124212724","Evolvx Fitness Llp","",""
"124226312","Banthia Consultancy","20.0","2.6"
"4249354","New Age Fab Technologies Pvt Ltd (Naftech)","5.0","4.1"
"4422812","Bennett University","121.0","3.9"
"728381","Skipperseil","66.0","4.1"
"6695963","Productivity Aids","7.0","4.5"
"124725735","Faramond Technologies Punjab","",""
"125133411","Mattrino India","",""
"124754233","Aarogya Bharat Hospital","2.0","3.5"
"6286550","Kernel Gateway Llp","",""
"125133239","Company In  Chennai","",""
"125133189","Deepali Kushal Medhe","",""
"2164074","Encube Venture Partners","",""
"123600115","Mirza International","312.0","3.4"
"3828038","Pathkind Labs","533.0","3.9"
"4095496","Geak Minds","58.0","4.6"
"837975","Datavideo","",""
"1565562","Wagad Infraprojects","49.0","3.3"
"124454732","Iberia Pharmaceuticals","4.0","3.7"
"124471238","Jindal Realty","44.0","3.8"
"5954734","Pinkcity Jewel","17.0","4.3"
"124512476","Eazerecruit Hr","",""
"7077389","AEC Global","",""
"5227794","Ess Kay Fabrication","131.0","3.6"
"4000182","Tex Biosciences","30.0","3.8"
"6614612","KUN Auto Company","34.0","4.0"
"124300460","I-net Infotech","8.0","2.8"
"125123265","HDX Engineering Consultants","",""
"124881675","Cybergrc Consultants","",""
"123730475","Fynxt","9.0","3.4"
"124877037","Acrossys","",""
"746081","Head 2 Hire","",""
"124330022","NAHAR Group of Companies","157.0","3.7"
"125133171","Plango India Pvt Ltd","",""
"372","ELGI Equipments","409.0","4.0"
"124053086","Talentx Works","",""
"1293512","Varmora Granito","250.0","4.0"
"2091698","Arch Developers","2.0","1.0"
"125093451","Signaturetech It Solutions Llp","",""
"4799002","Fishfa Agri World","4.0","3.8"
"124793609","Pathways World School","86.0","4.0"
"124680834","Aaron Pipe Industries","",""
"836917","Colan Infotech","123.0","3.5"
"124599308","Wadekar Solar","",""
"124401564","True Connectz Hr Services","",""
"123889297","Cloud Institution","",""
"125113709","Datesmith Matchmakers","",""
"124957755","Otomator Technologies","",""
"2967728","Talent City Consultants","",""
"741569","Premier Fine Linens","56.0","3.8"
"7103911","Saathi Eco Innovations India","2.0","1.0"
"5212908","Toshniwal Inc","",""
"1095998","Smart Steps HR Services","",""
"3869712","Ga Infra","135.0","4.0"
"3893130","Chouhan Automobiles","10.0","2.9"
"4467726","Codinova Technologies","18.0","3.9"
"123812173","Popcorn Furniture And Lifestyle","13.0","2.1"
"123990158","MG Motor India","957.0","3.8"
"124128584","Biogenetic Drugs","12.0","3.1"
"6190836","Anandpushp Technologies","33.0","3.4"
"123940917","Tibrewala Electronics","56.0","3.7"
"124072978","Uniba Clothing","7.0","3.4"
"123598481","Youth4 Talent Solutions and Services","",""
"4228458","Livetech India","14.0","3.9"
"125132367","Glasier Wellness Inc.","3.0","5.0"
"124325442","Vrinda Media Lab","3.0","3.7"
"124581502","Mostedge","2.0","4.6"
"125087097","JRD Composite Products","12.0","4.0"
"125131793","S.Goelbearingco","",""
"124089284","Sparsa Digital","54.0","3.7"
"123597135","Viaprom Technologies","",""
"123910907","Maintwiz Technologies","2.0","4.3"
"125131857","DCN enterprises","",""
"123805549","Lakshmishree Investment & Securities Pvt. Ltd","31.0","3.4"
"125131671","D K Mahanth","",""
"123785585","Koshish Sustainable Solutions","11.0","4.3"
"3156120","Birdeye","155.0","3.7"
"123962757","Ruby Seven Studios","10.0","4.3"
"125123321","Delifrance India","6.0","2.5"
"124459618","Karuna Media Foundation Uttar Pradesh","",""
"3987766","DRD Communications","14.0","4.5"
"124839445","Cellex Battery Systems","",""
"5525328","Ralsonics Research","2.0","4.1"
"125124845","Viega India","57.0","3.5"
"3905378","Indian Wedding Planners","",""
"5016260","Canixa Life Sciences .","64.0","3.7"
"124333522","Gointegra Facility Management","23.0","4.2"
"5599322","Just Dogs Spalons","117.0","3.6"
"6938365","Cinedigm","8.0","3.8"
"124658472","Nurtur Tech","",""
"3759962","Aquity Solutions","363.0","3.7"
"124183858","Kasadara Technology Solutions Pvt Ltd","31.0","4.0"
"4554502","Bloomingdale International School","32.0","4.0"
"5245774","Ensono","377.0","4.2"
"4926566","Unikwork","",""
"7109535","Taggbox","19.0","4.8"
"124286268","Scalgo Technologies","20.0","3.5"
"4808998","Jhpiego","92.0","4.2"
"4964584","CM Telematics","5.0","2.4"
"4702370","Onedata Software Solutions","27.0","3.1"
"124534632","Flora Fountain","57.0","4.7"
"4982922","Nexviz Services Pvt Lmt","",""
"5110208","Habilelabs","43.0","4.1"
"5905130","Ethics Infotech","25.0","4.1"
"124544246","Royal Indian Stones","",""
"124644980","Nomadz Digital And Innovation","3.0","4.7"
"123459387","MP Filtri India","6.0","2.8"
"124688352","Ottonomy Io","9.0","2.4"
"6584772","I Dream Education","40.0","3.4"
"5360342","Shrine Software Services","3.0","3.5"
"5370726","ABFRL","4181.0","4.1"
"5170668","GCC International School","21.0","3.3"
"124491624","Kunskapsskolan Eduventures","21.0","3.8"
"4528170","Mody University","90.0","3.3"
"4993814","Shruti Motors","22.0","4.3"
"5539442","Essence Solusoft","6.0","4.8"
"124666312","DPS Greater Faridabad","21.0","4.0"
"125126985","Mediavox Digital","",""
"123711545","Rapidforce Technologies","2.0","4.0"
"123854287","International Solar Alliance","3.0","4.7"
"124265682","Octet Design Studio","18.0","3.8"
"4871674","Idea Clan","15.0","2.9"
"2040660","SIS Software","10.0","4.5"
"124350650","SSS Grameen Services","35.0","4.0"
"4605442","Tradologie.com","120.0","3.1"
"124425710","Kcpl","",""
"3597280","WebSenor","44.0","3.9"
"3784646","Lisie Hospital Pharmaceuticals","",""
"3575480","Rama Super Speciality Hospital","10.0","3.7"
"124841833","Durga Construction In","",""
"2518402","American International School Chennai","9.0","4.1"
"4203812","Trice Technologies","",""
"3092220","Haworth","88.0","3.9"
"2523504","Rajagiri Hospital","118.0","4.1"
"2265830","Softpro India","19.0","4.0"
"4903184","sRide","9.0","4.0"
"1961358","C1 India","98.0","3.7"
"2357310","GATX India Private Ltd","4.0","4.3"
"123702653","Liberty Mutual","10.0","3.9"
"123579827","Thomsun Infocare","20.0","3.1"
"5639450","CHL Localization","",""
"5538396","Starberry","17.0","4.8"
"4589034","Avya Technology","13.0","4.2"
"4636324","KCR CONSULTANTS","3.0","4.0"
"124749393","Banyan Software","",""
"124012822","Devo","6.0","3.3"
"6943352","Trusted Media Brands","9.0","4.5"
"4116076","Vahan Inc.","8.0","4.4"
"3660452","E SoftSys","42.0","4.1"
"3350338","Agilysys Technologies India","217.0","3.4"
"3125246","Indus Action","10.0","4.2"
"2610716","Puresoftware","532.0","3.0"
"2519362","Cdet Explosive Industries","22.0","4.0"
"2253092","FieldAssist","22.0","3.5"
"2036012","Sam Tech Datasys","24.0","3.5"
"1971978","Kumbh Design Inc.","2.0","3.1"
"1847784","Crayon Data","37.0","3.4"
"1756906","British Council","450.0","3.5"
"1695334","Trimble","243.0","4.0"
"1840574","Srmb Srijan","333.0","3.6"
"125119269","Xofoz Information Technology","",""
"125089833","Gala Group","15.0","3.6"
"124997493","Jaipur Bazar","",""
"124754757","Kannanware Innovations","",""
"124602972","Lufthansa City Center Travels Rentals","8.0","3.8"
"124391646","Avispl","19.0","3.9"
"124293328","Akmv","",""
"124286032","Litera","55.0","3.2"
"124031282","Better Mortgage","772.0","2.9"
"123630491","Daxko","31.0","2.8"
"123498037","SANeForce Sales Force Automation | Pharma CRM | SAN CLM","36.0","3.0"
"123484083","Latitude Technolabs","32.0","3.7"
"6500900","Binmile Technologies","98.0","3.3"
"5983832","McDermott","714.0","4.2"
"5501400","Eigerlab Technologies","4.0","3.4"
"5487152","BUSFAM","47.0","4.0"
"5115596","Akeo Software Solutions","17.0","3.9"
"4541674","BOL7.com","15.0","4.3"
"4256502","Zeus Biotech","7.0","4.5"
"4172292","TMotions ","18.0","4.1"
"3972778","SE Mentor","59.0","3.8"
"3930724","HYLAND","152.0","4.1"
"3124752","Pierlite","1789.0","3.8"
"1955676","Testbook Edu Solutions","646.0","3.5"
"1882172","Prakash Software","22.0","3.2"
"2665530","Global Institutes","12.0","4.3"
"3842088","Aurio Pharma","9.0","1.8"
"5029014","Kamal Fincap","144.0","3.9"
"125127493","Tantia University - India","8.0","3.6"
"125127453","MKM Group","",""
"124616080","Aadhaar Retailing limited","23.0","4.5"
"7047613","Jobixo","",""
"4999756","Itmc Systems","11.0","4.0"
"125130555","Botfit Entertainment","",""
"7119466","Eice Technology","",""
"125132933","Mayur Web Technology","",""
"124857971","Solyug Energy","",""
"359747","SB Ecommerce Solutions","18.0","3.9"
"124815773","Procjunction Technologies Llp","",""
"6362304","Expergo Technologies Pvt Ltd. ","3.0","1.9"
"125132905","Adhiparasakthi Matriculation Higher Secondary School","3.0","4.6"
"125132881","Rytzu Saas Technologies","",""
"990744","Johnson Lifts","1053.0","3.9"
"124792833","Workbricks","",""
"124023260","Oceanic Gym","",""
"340277","Vatsalya International School ( Swami Yoganand Education Trust )","56.0","4.4"
"7095971","ATL Battery Technology","179.0","3.5"
"124424454","KO Innovation Software Solutions","7.0","4.8"
"741265","Deccan iservices Pvt. Ltd.,","86.0","3.6"
"125132815","Apeksha Dishank Studio","",""
"1702388","THE Banyan Hr Consults","",""
"125118167","Siya Ventures","",""
"1124396","Claps Industries","4.0","2.9"
"123864357","Solique Advisory And Support Services","",""
"3378252","Repplen Projects Private Limited","161.0","3.7"
"124648982","K.S. Venkatraman & Co","16.0","3.7"
"124009416","BI3 Technologies India","54.0","4.1"
"6089438","Iamops","38.0","3.4"
"482383","Paperchase Accountancy","302.0","3.1"
"125132767","Resa India","",""
"387353","Propella Consulting Group","",""
"7133204","BIG Language Solutions","47.0","3.7"
"125132735","Truecode Solutions","",""
"123568865","Proofhub","5.0","3.3"
"125112331","Jaipuria School Ballia","",""
"123909885","Rkvity Classes (opc)","",""
"123985220","Bien Consulting Services","",""
"123935745","A One Textech","6.0","3.8"
"125132691","Coexin Technologies Healthcare","",""
"4988122","Intelligent Radiology Solutions","11.0","3.3"
"2890376","Chockriti Chocolates Llp","",""
"5274300","HR Livewire Consulting","",""
"124342764","Rajesh Group","5.0","3.2"
"1415438","SPR India","55.0","3.8"
"568245","Ultra Chemical Works","9.0","4.1"
"6080186","vTech Solution","",""
"4885176","Shubham Extrusion","",""
"125131435","Zedfly Innovations","",""
"124747001","Radhe Engineering Services And Solutions","19.0","3.5"
"7082183","Grey Chain","4.0","3.6"
"6905981","Daalchini Technologies","22.0","4.7"
"15968","SDG Corporation","114.0","4.0"
"124086262","Kardee","",""
"757597","Rashtra Sant Anand Rishiji Hospital","",""
"15171","Acro Hr Solutions","",""
"3387474","Modern Sheller Industries","",""
"123744233","Job Solutions","",""
"125093473","F Care Group","",""
"125132619","DP Varnam Technologies","",""
"1599338","IHFL","2403.0","3.8"
"1989638","Sansintelli Business Solution","",""
"123459197","Taneja Developers & Infrastructure","5.0","2.6"
"125063017","Beta Tech Consultancy And Marketing Private Limite D","",""
"3313390","Wildlife SOS","3.0","4.3"
"125131905","Retail India Pvt Ltd.","",""
"7025565","Apex Kidney Care","108.0","3.8"
"1133298","Bliss Gvs Pharma","327.0","4.0"
"4518070","Ecostan India","13.0","4.5"
"5382972","Cyan360 Solution India","",""
"123459041","Praveza Consultancy","",""
"123659953","Sakthi Upvc Windows & Doors","",""
"124950377","Shawne Applebee Com","",""
"1326728","Alia Premedia Services","1844.0","3.8"
"5497710","Newage Software & Solutions","140.0","3.6"
"839317","LabourNet","359.0","3.8"
"123845123","Planout Group","27.0","4.3"
"123600427","Tevoren Technologies Llp","6.0","3.4"
"193223","Mantra Softech","168.0","3.9"
"124988803","SKN Hospitality And Food Works","",""
"1622240","Ingenious e Brain","70.0","3.1"
"6345038","Sygnius Digital","21.0","4.3"
"6348632","Tricolite Electrical Industries","93.0","4.3"
"123960989","CEOFactory.vc","",""
"5849166","Biomatrix Healthcare","98.0","3.6"
"2296","Fortune Personnel Services","",""
"124557554","Avidion Softwares Gurugram","",""
"124918093","Apple Oral And Dental","",""
"6586704","SZK Global Consulting India","15.0","3.9"
"986668","Maahi Milk Producer Company","188.0","4.1"
"5587480","Indian School Of Business Management","16.0","4.1"
"3641886","Jami Hydraulic","6.0","4.0"
"2069206","Advanced Sport Technologies","34.0","4.2"
"124862923","Anantam Hr","",""
"125132529","Aryans Group Of Colleges","17.0","3.3"
"2844","Sigma Engineered Solutions","1241.0","4.0"
"5545824","Antara Senior Care","210.0","3.4"
"729523","EqualizeRCM Services","293.0","3.9"
"124973215","Geeks Crew","",""
"125132481","Accuracy Business Solution","",""
"6957117","MY Equity Guru","",""
"3185716","NashTech India","189.0","3.8"
"2376244","Wego Consultants","",""
"123740625","Agrihawk Technologies","3.0","4.5"
"124848423","Accountune  Solution","",""
"124879965","Shoppingo","",""
"123935771","Raaga Mayuri Builders Pvt Ltd., ","6.0","4.9"
"4714418","Peer To Peer Hr Services","",""
"14834","Negolice India","2.0","2.4"
"124894857","Vishakan Biotech","",""
"124622706","Multi Project Consulting Engineers","",""
"1531094","Wittybrains Software Technologies","32.0","4.1"
"124244110","Gomatha Realtors","",""
"123723283","Jd Hardscapes","12.0","3.0"
"296223","Adtech Systems","24.0","4.2"
"125132403","Lakhlani Associates Llp","",""
"124885521","Amar Electrical Sales","",""
"4560802","Bilozz Rcm Services","",""
"123963907","Rajan Gupta","",""
"124647934","Zica Noida","10.0","4.6"
"123613457","Eminent Colonizers","",""
"125132299","Studio 32 Designs","",""
"125132365","Panoramix Market Research","",""
"124115770","Leeford Healthcare","219.0","4.0"
"124475882","Bharath Lajhna Multi State Housing Co Op Society L Imited","",""
"125042109","Pronto","2.0","2.3"
"114243","Security & Personnel Services","",""
"125132189","J K Engineers & Traders","",""
"914350","Steril Gene Life Sciences","191.0","3.9"
"125132309","Studiovity Ai","",""
"124017862","Ascentforce Services","",""
"123937375","Agratas","16.0","4.3"
"5146052","Harsoria Healthcare","72.0","4.2"
"124643644","Smart Moves","",""
"122716","Korcomptenz Consultancy","92.0","4.3"
"124058706","DWC Infra","",""
"123536487","Suryadev Alloys And Power","82.0","3.6"
"1290496","Success And Beyond Hr Partners","",""
"124515610","Cosmo Brands","",""
"125132287","Easycater Services Platform","",""
"125132269","Colab Coffee Calcutta","",""
"1132322","Investis Digital","7.0","3.5"
"1278216","Bharat Constructions","44.0","3.9"
"5285620","The Indus Valley","54.0","4.1"
"6507590","Bol7","15.0","4.3"
"5973344","Aquasense","9.0","4.1"
"123727725","Innopolis Bio Innovations","",""
"3707412","Vibrant Energy","12.0","3.1"
"124921531","Netfoto","",""
"84791","Nuvoco Vistas Corporation (Nuvoco)","1854.0","4.1"
"4533504","Hiring Campus","",""
"5205960","Rai Bahadur Seth Shreeram Narasingdas (RBSSN)","41.0","3.2"
"450737","AuthBridge","810.0","3.4"
"125126081","Royal Marketing And Distributors","",""
"4578942","JATINDER FINANCE (JFPL)","198.0","3.6"
"124659034","Sugo Advertising","",""
"6508672","Adsrole","69.0","3.9"
"6032232","Reverselogix Management","17.0","3.4"
"7098203","Bookswagon","2.0","4.0"
"3264566","BABU BANARASI DAS UNIVERSITY","102.0","3.6"
"125115251","Toss Kampani","",""
"5851496","Envision Scientific","57.0","3.7"
"124903","IDMC Limited","203.0","3.8"
"125106131","Camarillo Physical Therapy Inc","",""
"125130741","Echto Ventures Llp","",""
"4519090","KW Homes","13.0","4.9"
"560307","Finecure Pharmaceuticals","153.0","3.7"
"123789711","Bridgexcel","",""
"228140","Epp Composites","160.0","3.4"
"125132049","Dnyanved Financial Services","",""
"4579742","Zuci Systems India","47.0","3.9"
"6235362","Hema's Enterprises","188.0","3.2"
"125132111","Rxodotme","",""
"3819904","Real Gold Enterprises","110.0","3.2"
"124240132","Suri Auto Products","7.0","3.1"
"124857735","Digitological","",""
"5726044","Upper Crust","19.0","3.5"
"5905824","Lochan & Company","79.0","3.5"
"111754","Zenzi Pharmaceutical Industries","38.0","3.2"
"124108832","Ceiling Impex","10.0","4.4"
"4249198","Canara Lighting","17.0","4.2"
"123814833","Parikh Construction Co.","26.0","3.3"
"1431432","Premsons Motor Udyog","125.0","3.4"
"3668088","Convene India","13.0","3.2"
"12020","Flags Communications","61.0","3.4"
"123727235","A-thon Allterrain","13.0","3.5"
"125089181","Pothys","185.0","4.0"
"2214928","Quicksun Technologies","60.0","3.3"
"3270568","FOOTPRINTS","107.0","3.3"
"652021","Dexter Travel Solutions","",""
"5200314","LANSON TOYOTA","163.0","4.2"
"6388588","Cybex Exim Solutions","19.0","3.9"
"6884717","Turno","60.0","3.4"
"123901353","Onex Industries","5.0","3.9"
"6046382","Bluethink It Consulting","33.0","4.1"
"125094541","Ethix Business Consultancy","",""
"5568368","Coolboots Media","59.0","2.9"
"424163","Snapdeal","665.0","3.8"
"1367898","Aga Khan Education Services","65.0","4.3"
"748858","Inswit","22.0","3.9"
"125131769","Step Beyond Borders","",""
"124943193","Thermite Educare","",""
"697803","Mega Networks","20.0","3.0"
"6254388","Novexx Solutions India","5.0","4.0"
"6728103","Va Financial Products Distribution","2.0","1.5"
"124747901","Sunil Precision India","",""
"4082368","PrimaFelicitas","6.0","3.9"
"123855527","Megan Soft","",""
"2187806","Satyam Balajee Automotive","8.0","2.6"
"3827732","Invicara","2.0","5.0"
"6391388","Carbtools","",""
"979510","Rusan Medisys","43.0","2.5"
"7081585","Masterblend Industries","19.0","3.0"
"2472938","Zonac Knitting Machines","68.0","4.0"
"5509052","A2z Machine Services","",""
"6109640","KV Computer Home","2.0","5.0"
"124914175","Patterns Educational","",""
"1705","Operational Energy Group (OEG)","230.0","3.9"
"124543058","Frill Hospitality Pvt Ltd","",""
"124837195","Cvit Solution","2.0","3.7"
"125116547","Jagadeesan Karthick","",""
"1978148","Pyramid Infratech","90.0","3.7"
"1336666","Logixhealth","422.0","3.5"
"125131229","Impulse Matrix Innovation","",""
"124675860","Mechzeal Interphasing","11.0","4.1"
"519237","Del Monte Foods","438.0","3.9"
"1768140","Three D Integrated Solutions Ltd","162.0","2.7"
"2396678","CA Mandeep Jadeja","",""
"123972285","Logicbloq It Services ( Hiring for a leading client )","",""
"123717453","Prudent Insurance Brokers","137.0","3.7"
"124597482","Next Step","25.0","3.8"
"124676136","RS Consultancy","",""
"1359996","AMG Business Solutions","8.0","4.9"
"3064512","UCH Logistics","28.0","3.4"
"124865639","Cybermatricks Group Of Companies","",""
"125074299","Belvo Realty","",""
"123764711","Minori Labs","16.0","4.6"
"981722","Career Makeover","",""
"124387814","Penguin Management Services","",""
"124378372","Gajpati Industries","",""
"124676134","Jairam International Pvt.Ltd","",""
"125131753","Elements Studios","",""
"124406098","K. S. D. Placement Consultancy","",""
"3661138","Asap Staffing Solutions Delhi","",""
"123813953","Iarm Information Security","5.0","3.5"
"124340682","Coalizao","2.0","1.0"
"124133982","Master Vastu","",""
"796708","Kapoor Bhushan & Co.","3.0","4.9"
"124619720","Farpull Intelligent","",""
"124658766","Srkl","",""
"42190","iVistec Partners India Pvt. Ltd.","156.0","3.9"
"4398490","Yoda Learning Solutions","",""
"125131099","Reccon Jobs","",""
"124634794","Unistrive","",""
"1765230","Signature Global","415.0","4.0"
"6767341","Djbh Global","7.0","2.0"
"989268","Ujala Cygnus Healthcare Services.","19.0","3.8"
"125131631","S P A R K & Associates Chartered Accountants LLP","",""
"124664606","Mrsool","",""
"5018420","Artoon Solutions","22.0","3.7"
"586253","Ojas Softech Pvt LtDd ","69.0","4.4"
"125131567","Productivity Elements","2.0","4.4"
"4126060","Paras Buidtech","",""
"1101896","CG Corp Global","293.0","3.6"
"124253144","Accounting Baba","2.0","4.0"
"1345804","Agsar Paints","44.0","3.1"
"5002288","Ehrs Hercolleagues","",""
"124760581","Anhet Technologies","",""
"124151930","Eventbeep","28.0","3.9"
"6935571","Saavy Technologies","",""
"1930010","Jeet Home Solutions","",""
"3911246","APT Accounting and Tax Services","7.0","3.1"
"125131507","Nlet Solutions","",""
"22100","BUSINESSNEXT","505.0","3.4"
"124984871","Vedant Consultancy Services","2.0","4.5"
"123772408","Emkv Enterprises","",""
"1907","Snap-on Business Solutions (SBS)","98.0","3.8"
"6174456","Sahyadri Auto","",""
"4539082","3D Engineering","61.0","4.0"
"124855903","Clicky Technologies","",""
"23694","Integra Software Services","762.0","3.7"
"731261","Asset Hr","",""
"6940803","Bizcon Fintech Labs","4.0","3.5"
"124657374","Mjolnir Security","4.0","3.9"
"124581428","Teknodome","20.0","3.8"
"125104619","Glowstone Industries","",""
"123589429","Signtific Advertising","",""
"7149363","Appynitty Communications","26.0","3.1"
"7137811","Universal Corporation","345.0","3.6"
"123521297","Arethos","9.0","4.3"
"2940014","Velammal Educational Trust (VET)","134.0","3.5"
"124220724","Greensturn","",""
"228279","Aparajitha Corporate Services","900.0","3.8"
"123831269","Follis Hitech Solutions","",""
"1315158","JTSI TECHNOLOGIES INDIA PRIVATE LIMITED","27.0","4.3"
"3293596","sri sai hosuing","",""
"5999352","Ecso Global","57.0","3.8"
"125081685","Vrita Ventures","",""
"125125607","Mahathma Eye Hospital","10.0","3.3"
"1129420","Hrcs Services","6.0","3.5"
"968954","Cogent Infoway","",""
"108158","CCS technologies","53.0","3.2"
"124037432","Gauge Data Solutions [Casemine]","11.0","3.4"
"125092793","Vigilant Dynamic Solutions","2.0","5.0"
"1779","Macawber Beekay","487.0","4.2"
"3477772","Vega Auto Accessories Ltd.","78.0","3.6"
"125131243","Ckredence Wealth Management","",""
"26175","Borderlessmind","",""
"5387366","Zartek Technologies","38.0","4.1"
"6822237","Redant Labs","4.0","3.6"
"2578026","Visualez Technologies Pvt Ltd ","5.0","3.8"
"124888589","Noevl Instruments","",""
"5190042","Byteview Technologies","",""
"5580492","Prompt Enterprises","73.0","3.4"
"124076762","Indosculp Autocomp","29.0","2.9"
"125131187","3rd Eye Security Systems","",""
"7120804","DataCore","2.0","3.3"
"4844654","Logskim Solutions","",""
"6080400","Mahima Life Sciences Pvt. Ltd. ","21.0","3.7"
"6546222","Soham Maritime","14.0","1.5"
"123692455","Vishal Consultants","",""
"124909947","office@apollosolarpowers.com","",""
"2753902","ACT Plast Paints","191.0","4.0"
"2432458","Getclarity Fintech Services","67.0","3.9"
"4097382","Nation Wide Consultancy","",""
"123969665","Krishnaenterprise Ac","",""
"123801825","Gayatri Sales Service private limited","",""
"124899725","Victor Enterprises","6.0","4.4"
"6360688","Anora Instrumentation Pvt Ltd","42.0","3.2"
"6236814","Unlock Business Consulting India","",""
"124736111","Finnovate Financial Services","18.0","2.9"
"5167914","Bonami Software","83.0","4.0"
"124973311","Full Basket Property Services","24.0","3.5"
"6596256","Kasukurthi Healthcare","",""
"5496126","Kaay Labs","18.0","3.2"
"125116985","Kauvery Associate","",""
"125125457","Redfox Creation","",""
"125131113","Tripmint Travels","",""
"124984223","Care Hospital.","643.0","4.1"
"124900431","Webguruz Technologies","34.0","3.5"
"2863986","Balaji Amines","86.0","3.4"
"124920493","Harioe","",""
"1412842","Eastman Auto & Power (EAPL)","442.0","3.6"
"841139","Cargo Motors - JLR Divison","243.0","3.8"
"124011406","Alukkas Enterprises","2.0","4.0"
"174900","Abn Personnel Network","",""
"123529729","Treis Solutions Llp","98.0","3.8"
"741733","Amelio","18.0","3.2"
"125131051","Kamlesh Greencrete","2.0","4.0"
"2849450","Presidio Engineering Consultants","2.0","4.0"
"125131035","BIN Chandra End To End Loop For Technologies","",""
"125131037","Rachna Enterprises","",""
"4444644","Canixa Life Sciences","64.0","3.7"
"125119213","Amor Moments","",""
"1475082","Oceanic Foods","32.0","4.1"
"6629690","Spinwell Machinery Sales And Service","",""
"5443032","Avaal","33.0","3.7"
"125049651","Smart Training Resources India","52.0","3.4"
"124199592","Time Kottayam","42.0","3.0"
"125115171","MTC Constructions","",""
"124286832","Cparsec Technologies","",""
"617615","HR Consultant","",""
"756184","M S Electrovision","11.0","4.3"
"124520890","Luxxora Gifts","",""
"3914606","Daydream Recruiters","",""
"124618128","Linear Engineers& Designers","",""
"1872106","SK It Shoulders","6.0","3.6"
"124787683","Penkraft Ideas","",""
"6988149","Zippee","6.0","2.9"
"123568353","Zealous Ecom Solutions","",""
"125130855","Wealthy Bytes","",""
"125130785","Little Wings ( Kids wear Franchise - Ajmera)","",""
"4328304","Archetive Solutions","58.0","3.6"
"4464446","Technoarete","25.0","2.7"
"6261758","Smartbrains","73.0","3.2"
"124703030","Zan Services Kolkata","",""
"2953106","Jeavio","30.0","4.2"
"1777678","Madhubun Educational Books","224.0","4.2"
"123638699","Menascales Solutions Pvt Ltd ","",""
"6629600","Matter Motors","160.0","3.5"
"4518192","Narang Future Solutions Limited","",""
"123953465","Sanfort World School","62.0","3.7"
"5511506","Kads Consultancy","",""
"908856","Bluewud Concepts","49.0","4.0"
"533959","Prudent Solutions","",""
"124406134","Siddhi Vinayak Knots & Prints","42.0","3.2"
"124032666","Neltner Business Services","20.0","4.1"
"4775660","BOBCARD","493.0","4.3"
"1249202","SPJ Group","127.0","2.7"
"125123255","Shri Balaji Services","",""
"6860965","Fisa Financial Services","",""
"125130697","Naturolled Tea","",""
"125130727","Krossworks Solutions","",""
"6156056","Shreem Swarnam Design Concepts","",""
"970334","G2M Media","",""
"125127423","ESS ESS Projects","",""
"124866433","C1X","4.0","4.2"
"125130619","Cybnix Infotech Solutions Llp","",""
"124737487","Nakoda Infotek","",""
"6244256","Tolanguage Educations","",""
"125105685","Brandism Technologies","",""
"124007240","FaiShak India Private Limited","",""
"124871231","AK Construction Materials","",""
"125130567","Trip Aura","",""
"125130527","SP India","17.0","4.1"
"124377292","Inrext","7.0","2.7"
"125111395","Deogiri Associates","",""
"125130485","ALL About Interiors","",""
"125004299","India Point Llp","",""
"124812735","Aidify Healthcare","",""
"348655","Express Placement","",""
"125048985","V.K. Engitech","",""
"124962607","Diarch Group","2.0","4.5"
"125130447","Dhoklu India","",""
"124480970","Nanira Tech","",""
"2409632","softdef.com","",""
"125036647","Devgiri Forgings Private Limited, Waluj, Ch. Sambhajinagar","124.0","3.6"
"123844293","DaujiHV Ventures","",""
"931878","Chikara Everta Energy Private Limited","335.0","3.7"
"125130383","Galaxy Group","83.0","3.8"
"123950839","Cedar Home Store","",""
"4394200","DOT Net Tricks Innovation","8.0","4.4"
"125130377","Indbuild","",""
"735993","Shree Vardhmaan Services Lucknow","",""
"1303052","Kirloskar Corrocoat","49.0","4.0"
"125130283","Manju Choudhary","",""
"650531","Zenith Industrial Rubber Products","96.0","3.5"
"125092093","Esha Skin Clinic","",""
"3176504","THG Publishing","171.0","4.2"
"7007585","Epiphany Hospitality","2.0","4.0"
"125130243","Zricks.com","",""
"124850607","Energy aahar private limited","",""
"125129695","Ekaadhitya Ventures","",""
"1730840","Shree Engineering Stores","2.0","4.6"
"4598740","MP Developers","24.0","2.2"
"125130185","The Internet Store","",""
"125130181","Northbridge Consulting","",""
"6711027","Torkwell Automation  Controls","",""
"125130139","Shree Devi Precision Engineering","",""
"2674806","Xenonstack","211.0","3.3"
"124987727","Stareye Media And Entertainment","3.0","3.5"
"125039027","Digigrove Digital","",""
"125112483","Bombay Ahmedabad Road Carriers","",""
"13844","Om Solutions Net","",""
"7046495","Rekruit Consultants","",""
"5439434","Eximious Global","",""
"5583760","Future Solutionz","5.0","3.8"
"3754330","Balaji Wafers","330.0","4.4"
"124341784","Sine Electricals","",""
"124868235","V Connect Global Experts","",""
"124868041","Emayam Enterprises","",""
"1424764","JSG Innotech","232.0","3.8"
"2946688","Srisai Technology Solutions","",""
"124097278","Hans Consulting","",""
"835947","Ascentiq Staffing Business Solutions","",""
"125129983","Shree Charbhuja Hospital Bijainagar","",""
"124247764","Avtars Roll Forge Industries","",""
"125094171","Female Health Matters","",""
"125129929","Bajaj Allianz","237.0","3.6"
"123813763","Mercid Technology Solutions","",""
"123542425","Empyreanz Corporate Services","",""
"125060633","VEDAMU CORPORATION","",""
"226565","Brakes India","1901.0","3.9"
"6594004","Marengo Asia Healthcare","176.0","4.1"
"5381598","Steady Career Consultant","",""
"6358820","List & Sell Gmbh","6.0","2.4"
"124978959","Techgenius Institute","",""
"26316","Specialty Polyfilms","66.0","3.5"
"1350942","Eureka Outsourcing Solutions","1259.0","3.0"
"5960584","Ultragenic Research And Technologies","17.0","2.4"
"123533395","Xpertdox","9.0","4.4"
"262074","Romsons Group of Industries","439.0","3.7"
"6181988","Origent Technologies","3.0","3.7"
"890390","elevate","95.0","3.4"
"2732544","DBA Lounge","55.0","4.3"
"124389318","Mechanize Engineering","",""
"742687","Aska Technologies","64.0","4.2"
"2942246","Fareenas Bridal & Partywear","",""
"125062443","Apvm Electronics","3.0","4.3"
"125128413","Sandeepan Sales And Services","",""
"125128331","Vglamm Beauty","",""
"125129591","Nalpac Developers","",""
"123868523","Brainfactory Innovations And Solutions","",""
"5576932","PIE Management Consultancy (opc)","",""
"125129511","GA Enterprises","",""
"2207106","Das Writing Services","101.0","3.8"
"125129755","Aqua Tecon","",""
"125129717","Ecospatial Lab","",""
"124895071","Prosperra Infra Estate","",""
"5153434","Advatix Apac Logistics","102.0","3.0"
"124287058","Tbell Search Partners (opc)","",""
"5649828","Augtech Nextwealth It Services","210.0","3.8"
"5005618","Regent Organisation","",""
"4613596","Eplanet Soft - EP Soft Pvt. Ltd.","4.0","3.6"
"125129637","Bakin Tales","",""
"124291408","Yantra Design","",""
"596883","Hiox Softwares","8.0","4.5"
"125127639","Bencure Life Sciences","",""
"3440344","Veesure Animal Health","3.0","4.7"
"1107110","Networkkings It Services","12.0","3.4"
"5173588","Sri Balaji Auto Machines India Llp","3.0","4.7"
"125128127","S S Engineers","69.0","3.9"
"2918984","RAJSRIYA GROUP OF INDUSTRIES","305.0","3.2"
"6806993","Shambhu Technology Services","16.0","4.2"
"7037589","Group of Companies ","2.0","1.0"
"2498244","Janata Book Mfgsales Depot.","",""
"1500674","Soccer International","28.0","4.2"
"125088297","Global Agri Resource","",""
"125026043","Tbooks Ventures Llp","",""
"185984","Privi","158.0","4.0"
"7129942","Green Hedge Capital","2.0","4.2"
"125129539","RISHABH ARORA & ASSOCIATES","",""
"125129525","Zappkode Solutions","18.0","2.2"
"125129437","Finloans Financial Services","",""
"123554101","Kayakalp Enterprises","30.0","3.0"
"6413800","Dr Om Parkash Eye Institute","31.0","3.7"
"5317166","Vserve","213.0","4.2"
"9865","Canam Consultants","227.0","3.3"
"124067490","Ganganagar Motors","19.0","4.2"
"123487955","Kiba Labs","18.0","4.4"
"5904892","Galaxy Automobiles","42.0","3.2"
"3000148","Khandelwal Cables","19.0","2.5"
"124318858","AMH Singapore","2.0","3.6"
"124881063","Doers","",""
"124669454","Natcon Biolife Sciences","3.0","2.2"
"125120361","Mine Galleria","",""
"123763457","Reminiscent Life Spaces","2.0","5.0"
"768136","Kartar Valves","14.0","3.4"
"6391112","SRM Group","2.0","4.2"
"124984339","Skybound Trip Services Llp","",""
"5267442","GST Corporation","82.0","4.0"
"124402212","KLM ASSETS FIN","",""
"6537034","ZACKS","139.0","2.9"
"1031752","Model Institute Of Engineering And Technology(A Unit Of Model Institute of Education & Research)","13.0","3.5"
"124631842","Brillianz Education Group ","4.0","3.5"
"1479568","Divya Construction","23.0","4.1"
"125129429","elevate","",""
"6004038","CAP Cp Engineering Services","14.0","3.6"
"125129361","Mohammad Aslam","",""
"124900341","Parikh Forwaders","",""
"2725064","Rohilkhand Medical College & Hospital (RMCH)","92.0","4.1"
"124265938","PCS Management Consultancy","",""
"125129415","Stoneworth","",""
"125129405","Sun Data Processing","11.0","3.8"
"747889","Yellow Box Hr Services","",""
"125117371","Gurgaon Protection Force","",""
"6462624","Mypaisaa","25.0","4.3"
"125129089","Stock Bazar","",""
"124959087","Ravi B Gupta  Co Llp","",""
"124998025","Armonia Constructions","",""
"123953965","Vms Events","11.0","3.9"
"3218844","Exprenza","",""
"124949811","SRK Buildwell","",""
"125129317","Nila Catering Service","2.0","3.9"
"5082796","Malani Marbles","20.0","4.2"
"125129135","Luxeverve Design International","",""
"123943719","Beckers","21.0","3.5"
"6991565","Shree Sonigara Realcon","8.0","3.5"
"4213310","Rachana Construction Co.Ngp.Pvt.Ltd.","55.0","3.6"
"124209404","Studio December Dunes","",""
"683005","Sea Tv","20.0","2.5"
"125079663","Capitalboon Consultancy","",""
"125120191","ANNOOR TEST LABS & ENGINEERING SERVICES","8.0","4.2"
"125119025","JVK Electronics","",""
"124599466","Jay Jalaram Lifesciences Pvt. Ltd.","",""
"7034077","Taichuang","21.0","4.6"
"124841689","Lyzoo Technologies","3.0","3.8"
"123800363","S.K.S. Medical College & Bengal Hospital","",""
"125129269","Medigate","",""
"729019","Unimax","",""
"124955115","CPL Diagnostics Kolkata","7.0","4.2"
"3640","GlowTouch","124.0","3.2"
"6420548","Newry Properties","26.0","4.5"
"125088331","AS Horizons","",""
"124896375","Thinking Hats Technology","",""
"3661680","Ssmatrix Consultancy","",""
"2467546","Vidya Wires","45.0","3.8"
"125083067","Eleganza By Melissa","",""
"699201","18th Digitech","27.0","4.4"
"125129225","Infinacx Startup Solutions Llp","",""
"124603472","Shani Corporation Limited","4.0","4.4"
"125129181","Quality Products Chennai","",""
"125063843","Data Scope Research","",""
"124665962","Marucool World","",""
"124502870","Meritusai Learning Experiences","5.0","3.7"
"6933129","Paramount Chikan Export","",""
"124469654","Alutech Packaging","21.0","3.5"
"7046447","Infinite Locus","46.0","3.2"
"125079503","Strive Business","",""
"2537578","Shree Giriraj Hospital","",""
"125128961","Kanny Exim Products And Services","",""
"125129093","Best Hearing Clinics","",""
"6340272","Steel Shoppe","17.0","3.1"
"124831979","AWL Agri Business Ltd","2001.0","4.1"
"2548646","ART Technologies","68.0","4.1"
"5848016","Healthcare Consultancy","",""
"124679956","Cureable Home Health Care","",""
"338","Duarz Hr","",""
"125129017","Dwella Homes","",""
"124366836","Jalsa Ventures","26.0","3.5"
"124908157","The Cambridge School","10.0","4.9"
"125128993","Nourishment For Needy Organisation","",""
"125128981","Duniya Bazaar","",""
"124724947","Calopac Nutri Foods","",""
"124376270","Bhagyodaya Industries","",""
"123829361","Wonder Hospital","40.0","4.0"
"125128793","Bala Kendra Public School","",""
"123866981","Dalmaf","4.0","2.1"
"123591267","R P Stone Clinic","",""
"124897311","Meritshot","105.0","4.8"
"124396634","Evify Logitech Pvt Ltd","9.0","3.4"
"125128951","Juniors Group Of Companies","",""
"1130978","Abhay Ispat","4.0","4.0"
"2956652","Rudra Shares & Stock Brokers","20.0","3.5"
"125114293","vns Enterprise","",""
"125128911","Softhorizon","",""
"124972199","hr@kenvoraglobal.com","",""
"2981210","Jitm Skills","210.0","3.5"
"123744583","Solarsquare Energy","202.0","3.2"
"790148","Prabakaran Madusundanan","",""
"125128853","Ucpro","4.0","2.5"
"125128879","99 Distributor","",""
"5435578","Unwind Learning Labs","",""
"123894661","Keysmultiplier","",""
"1046776","Khaitan World School","68.0","3.7"
"124943073","Fouvi Technology","",""
"4650448","Ayuni Associates","",""
"124558992","Canny Digital Marketing","",""
"125128873","Abira Logistic Opc","",""
"5138766","Ingenium Automation India","",""
"125093157","Yennes Infotech (p) Ltd","15.0","3.2"
"124573936","Kluton Industries","",""
"4262328","Shyam Metalics And Energy","1223.0","3.4"
"123512203","Finset","",""
"1114","Six Sigma Soft Solutions","187.0","3.5"
"5682650","Pollucare Engineers India","29.0","3.0"
"124829167","Aquarius Chemicals Limited","5.0","4.6"
"39194","Sonalika Tractors","260.0","3.7"
"4794962","Accumed","48.0","3.7"
"1046764","INQ Technologies","5.0","3.6"
"125128733","Eviclotech","",""
"3509542","Mcube Placements","",""
"124315472","Saamarthya Foundation","",""
"641483","Ultra International","28.0","3.0"
"2418998","GLA University, Greater Noida","202.0","3.7"
"830259","Rathi Bandhus Commercial","2.0","1.2"
"6580608","DB Engineering Solutions Llp","38.0","3.5"
"2543468","Appletree Building Maintenance","31.0","4.0"
"123843045","Vulture Innovation","6.0","2.5"
"5055298","Mahagaonkar Associates","2.0","4.4"
"125128713","The Gryffon Llc","",""
"124011736","Cloudsdial It Services","",""
"828649","Trantor","232.0","3.7"
"4578614","Mechatron Solutions","2.0","4.9"
"124043700","Energietech Frankfurt Companies","",""
"123582591","Rvs Quality Certifications Pvt.Ltd","3.0","5.0"
"2987","AXIA Global Talent Solutions","",""
"6456376","Hillways Construction Company","42.0","4.2"
"123722663","Astron Zircon","2.0","5.0"
"6712359","One Realty","",""
"67687","Sudhir Power","226.0","3.8"
"125003897","Digicrome","",""
"124152300","Enabler Recruitment Solutions","",""
"124366482","Lions Workforce Solutions","",""
"5792660","Accurate Hires","",""
"124669976","Balu Forge Industries Limited","5.0","4.4"
"117592","Softlogic ","53.0","3.0"
"2376176","VASUDHA PHARMA CHEM","574.0","4.0"
"6357296","Karnavati Car Airconditioner","10.0","3.2"
"124711833","Atmarth Teknik Solutions","",""
"5712","Pharma Placements","",""
"124261538","Shri Aandal Logistics","6.0","1.5"
"124879573","Thangam Hospital","17.0","4.3"
"626409","KMCH Institute of Health Sciences and Research","217.0","4.1"
"2919078","G N R C","34.0","3.7"
"6126194","Graffiti9 Digital Marketing Agency","2.0","4.1"
"125111431","Crunkmart","",""
"125068807","Axiom","",""
"124026458","Shanku Medicity","20.0","3.7"
"124913117","Tasgo India","",""
"124855693","Mindora","",""
"5306516","Naval Incorporation","30.0","4.3"
"124101492","Elysian Organisation","",""
"124274942","Mape Solution","",""
"3611074","ICE Steel 1","85.0","3.6"
"124025382","Maini Materials Movement","83.0","3.8"
"5751524","Avantika Medex","33.0","3.8"
"125077463","Betacore Corporate Services","",""
"125128449","Theta Treats","",""
"125128431","Jaipur Export Surplus","",""
"123769702","Talent Scouters","",""
"125128363","Simply Stocked","",""
"124236938","Uhrohmuh Inc","",""
"669419","Centaur Pharmaceuticals","598.0","3.5"
"125128313","Uma Sales","",""
"125062675","Telomerz Tech","",""
"1547744","Experion","152.0","4.0"
"4658304","Dlyft India Llp","47.0","4.3"
"6868883","Finvasia","38.0","3.2"
"124221216","Swish Lifestyle","",""
"731511","JAIPURIA GROUP OF EDUCATIONAL INSTITUTIONS","7.0","4.5"
"123778450","PRSsemicon Technologies (A PRSGroup company)","23.0","4.3"
"6631044","Itlabz Technology","",""
"2920008","Ashu Organics","47.0","3.0"
"5226926","Sumit Kumar Sarkar","",""
"123864683","Clinikally Digital Health Pvt Ltd","",""
"4763268","Dr. V. Balaji Diabetes Care And Research Institute","10.0","3.9"
"3828930","Surya Herbal","19.0","4.8"
"4473030","Kadimi Special Steels","15.0","3.5"
"5035042","AVI Renewable Energy","8.0","2.9"
"125120461","Kite Analytical Services","",""
"124256460","Accacia","2.0","2.4"
"6159544","Regami Solutions","57.0","3.4"
"4181178","MACONNS Group","6.0","3.0"
"124834061","Renderways Technology","2.0","4.4"
"123913541","Datazoic Machines","28.0","4.3"
"124607276","Amtech Electronics","76.0","3.6"
"125048809","UCN Cable Network","59.0","3.7"
"7060681","Hyco Enterprises","24.0","3.9"
"123688969","Future Shine Consultancy","",""
"123965835","D P GARG CO PRIVATE LIMITED","",""
"125126707","Sunlit Infracon","",""
"10909","Donaldson India Filter Systems","132.0","4.1"
"123874779","G I Group Network Security Technology","80.0","4.3"
"124828077","Data Nova","28.0","2.5"
"124502528","Devi Techno Solutions","5.0","4.5"
"124230986","Propeller Technologies","",""
"124421538","Analog Corporation","",""
"124383184","Xcelore","87.0","4.7"
"124233104","Railtech Infraventure","28.0","3.5"
"124797609","Perfora","8.0","3.0"
"124491840","Lexlegis","20.0","4.4"
"124451986","Kaivalyadhama Yoga Institute","",""
"124395814","Dscholar Research Consultancy And Analytics","",""
"124087270","Synchronics Electronics","10.0","4.3"
"123937347","Food Hub Software Solutions","69.0","3.6"
"123927285","ShopSe Digital Finance","18.0","3.5"
"123738735","The Luxus Hotels","3.0","2.4"
"4686844","ARDEM Incorporated","275.0","3.9"
"4666154","HomeKraft Infra","182.0","4.1"
"3784770","Century Drugs","",""
"125122433","Rkdf University, Ranchi","34.0","3.7"
"3235946","HR Planners and Developers Pvt. Ltd.","",""
"3597140","Heads Up For Tails","184.0","3.7"
"3153456","Rams Creative Technologies","49.0","3.9"
"3733636","Kia India","2082.0","4.0"
"123629651","Accelleron","29.0","4.5"
"1961812","InApp","68.0","4.5"
"4188796","Pando","45.0","3.4"
"4183522","Ingenious e Brain","70.0","3.1"
"3868324","Artha Real Estate","3.0","4.5"
"3212170","Minor Hotels","15.0","3.8"
"1559028","The Coca-Cola Company","3151.0","4.0"
"4887792","Vetron Consultancy","",""
"123869995","Techlens Global","90.0","4.0"
"125082841","Frugal Scientific","",""
"1845922","Shubhashray Housing India","43.0","4.4"
"3574996","MAJ Hospital","62.0","3.1"
"125122001","Nuberg Pharmaceuticals","",""
"124691486","Minor Hotels","15.0","3.8"
"124597354","Ihuntech","",""
"123771608","Clirnet Services","125.0","2.9"
"125121909","Tansam Center Of Excellence","",""
"4790980","Shreejisofttech","2.0","4.0"
"3111722","Maropost","75.0","2.5"
"3110438","Yourdost","53.0","3.6"
"1841366","KOTT SOFTWARE PVT. LTD.","26.0","3.8"
"1749638","ARMIA SYSTEMS INC","46.0","2.5"
"124749387","Ema Unlimited","",""
"124350672","Infusory Future Tech Labs","5.0","4.2"
"7047207","Nasscomm","6.0","3.3"
"5503982","Technicax","2.0","4.0"
"6797769","Terviva","36.0","3.3"
"125122015","Counthq","25.0","3.0"
"124830843","Areterix Technologies","",""
"124756765","Antares Tech","3.0","3.2"
"124595248","Bravura Solutions","237.0","3.7"
"124493034","Archezy It Solutions","",""
"124337034","Zuru Edge","",""
"124023638","Kitron Group","3.0","4.7"
"123738737","Wogom","9.0","1.6"
"123711375","House Of Shipping","14.0","3.6"
"123577627","Kramer Electronics","8.0","3.6"
"6943314","Sterlite Technologies (STL)","2406.0","3.8"
"6782743","Kramer Electronics","8.0","3.6"
"5943696","ib Vogt Gmbh","42.0","4.1"
"5332676","Eyerov","4.0","4.5"
"4926252","Appwrk","36.0","3.9"
"4604856","Motherhood Hospital","326.0","3.7"
"3925304","Envestnet","229.0","4.0"
"3852614","Global Calcium","291.0","3.3"
"3724864","Sendinblue","63.0","3.7"
"3664080","Shine Business Solutions","12.0","4.0"
"2523630","Renu Electronics Pvt. Ltd.","103.0","3.7"
"1959824","echoVME","18.0","4.0"
"1878800","Inspiredge It Solutions","164.0","3.9"
"124626630","Suntree Woods","",""
"123718885","Visual Best Graphic Design Agency","4.0","5.0"
"1945424","Cog Digital","71.0","3.5"
"124982289","GOOD EAT CO","",""
"124943963","Drishtikonn","",""
"125128213","Jadurai","",""
"125128229","Brilliance Ind","",""
"4901264","HAMLY BUSINESS SOLUTIONS INDIA PRIVATE LIMITED","33.0","3.5"
"124011766","M 5 Continents Logistics Solution","25.0","3.2"
"4084888","Ikure Techsoft","21.0","3.2"
"1741396","Call Concepts","",""
"124768991","Blackhardstone","",""
"125128191","Raghavendra Srinivasa","",""
"6260286","VitalTech Solution","",""
"1260310","Tech-field","16.0","3.1"
"125111881","Pahir Enterprise","",""
"124856695","Deepak Interior","",""
"738177","Segula Technologies","261.0","3.3"
"125128131","clickgrow.art","",""
"124229522","Digitplus Solutions","",""
"124489470","Stella Technologies","",""
"124100808","Trajector","8.0","4.5"
"124672632","North Edge Solutions Pvt Ltd","",""
"125128075","Trendify Digital","",""
"5759514","Fortune Hr Solutions","",""
"755079","E Merge tech","54.0","2.8"
"5656588","Associated Broadcasting","145.0","3.6"
"3295192","Bitpastel","31.0","4.1"
"124687622","Gargi Consultancy","",""
"3670142","Connexio","",""
"62971","Maxval Ip Services","166.0","3.3"
"4038152","Elite Hr Services","",""
"1271006","Databorough India","23.0","2.4"
"4947098","Sunbeam Chain of Schools","",""
"6814257","Jax Law","5.0","5.0"
"124606442","Stone Buildtech","",""
"124795737","VSP Astra","",""
"124489874","Destink Travel Solutions","",""
"533763","e care India","273.0","3.7"
"123933351","Nexus Pro Services","",""
"124376084","Profit Apps","11.0","2.2"
"3726482","Netsmartz Infotech","250.0","3.5"
"2971040","123Stores E Commerce","27.0","2.0"
"125127983","Venus Health Care","",""
"3881846","Dreamfolks","74.0","4.5"
"6185506","Sunvolta Industries","",""
"713331","Upasana Colonisers Resorts","5.0","3.0"
"3248906","Kgmc India","202.0","4.2"
"142726","Proxim Wireless","5.0","3.7"
"124222032","Avient Materials India","3.0","3.3"
"5954996","Rysun Labs","136.0","3.2"
"1774036","Lohiya Group","81.0","4.2"
"124712193","Real Touch Finance Limited","10.0","3.7"
"125127843","Fintrens Technologies","",""
"6635744","IDA Analytics","2.0","5.0"
"124748119","West India Food Factory","",""
"124740981","Fsnl","43.0","3.9"
"125127049","Gopocket Invest Tech","",""
"125124291","Sisira Designs","",""
"5920558","BST Infratech","3.0","3.0"
"1005744","Oxygent Consulting Services","",""
"669593","Dewan P N Chopra & Co","61.0","4.4"
"125127795","Braincave Software","19.0","2.1"
"123727301","Aesthisia Datacenters","2.0","2.3"
"4068402","Karnani FnB Specialities LLP ","70.0","2.5"
"6752621","KLRF LTD","",""
"430787","Scc Infrastructure","196.0","3.7"
"3742824","Placement Pandits","",""
"124186770","Fluencetek","2.0","4.5"
"5818904","Orient Jewellers","16.0","3.1"
"125113329","Beejay Industries pvt Ltd","",""
"1752010","VMukti","33.0","3.3"
"4260394","Welldone Integrated Services","",""
"576635","Octagos Health","3.0","3.8"
"123461207","Zeiq Consultants","",""
"1374814","JAC Recruitment","",""
"124972419","Mobitech Wireless Solution","5.0","3.2"
"1988948","Ufours It Solution","4.0","4.3"
"3088052","Clar Aqua","12.0","3.6"
"2175914","Entremonde Polycoaters","38.0","3.7"
"124548382","Maple Bear Education","",""
"3692816","Euro Gulf Safety Consultant","",""
"2315284","Fulcrum Commercial Real Estate Services","45.0","3.4"
"124913857","Dp Global Trade","",""
"1464406","Amitoje India","94.0","4.1"
"3339080","Child Rights and You (CRY)","100.0","4.2"
"6220192","Indian Art Villa","7.0","1.5"
"651619","BNF Technology Inc","",""
"124047024","Effica Automation","",""
"4024026","Tranistics Data Technologies","114.0","3.4"
"21992","Unison","42.0","4.3"
"125104025","Midas Global Marine Ifsc Llp","",""
"4880426","Archean Chemical Industries","160.0","4.0"
"7074415","Zocket Technologies","62.0","3.7"
"125117935","Zedtech Water Solution","2.0","3.4"
"125118129","the Design Hub","",""
"6611048","Fish Foodie Club","3.0","2.7"
"125127661","Koffeekodes Innovations","",""
"3768382","Periyasamy Industriess","12.0","2.3"
"4016740","Kwality Pharmaceuticals Ltd . ","199.0","3.8"
"1615804","Avya Technology Pvt. Ltd.","13.0","4.2"
"124299186","Amyush Techno Solutions","2.0","2.9"
"5022806","Merabo Labs","97.0","3.8"
"123980723","Bubbles Hair & Beauty","12.0","4.6"
"6666007","Acuity Professional","16.0","4.8"
"6536868","Core Financial Services","",""
"124770065","Agarwal Assignments","",""
"124043852","NCR Voyix","1787.0","3.6"
"6843713","Hexa Biochem","19.0","3.3"
"125125529","Dhanvanti Engineering","",""
"836549","LGB FORGE","99.0","3.8"
"125068841","Afriyana India","3.0","4.2"
"5123516","Sikich","9.0","4.1"
"65367","Savvysoft Technologies","55.0","3.4"
"1470286","Parle Global Technologies","95.0","4.0"
"4858374","Ducon Infratechnologies","48.0","3.4"
"125110151","TRIQOS INTERNATIONAL INSTITUTE OF BEAUTY AND HAIR ","",""
"125062497","Industrox Solutions","",""
"6280878","Dataspire Technologies","",""
"5525790","Velocitai Digital","41.0","3.5"
"125123223","Carbon Tree","",""
"125107629","EKK Infrastructure Limited","70.0","4.2"
"125127619","Averett","",""
"124029126","Tycoon credit and portfolios ltd.","2.0","2.0"
"3748536","Deejay Coconut Farm Pvt Ltd","19.0","3.8"
"125098215","HMW Metal Works","",""
"4483770","Astron Hospital and Healthcare consultants","16.0","2.4"
"124043470","Online Reading Tutor","",""
"4463246","T And T Infrazone","91.0","3.8"
"1500684","Saya Homes","126.0","4.0"
"123952443","Wavesis Automation","",""
"832039","CNH Industrial","1699.0","3.7"
"124380166","TRAILBLAZING ERP APPS SOLUTIONS LLP","20.0","3.2"
"125106989","30 Sundays","",""
"123600463","Constl","95.0","4.2"
"125127549","Qalam3d Innovations","",""
"125127267","Isha Plastic","",""
"124735805","Adhira Developers","",""
"6491518","Coding Jr","8.0","2.8"
"1126252","AKG Plastics Pvt. Ltd","12.0","3.5"
"6217214","Rubber King Tyres","76.0","3.0"
"1477290","ERM Placement Services","",""
"942862","Flexy Managers","",""
"124743963","Magnum Mi Steel Pvt. Ltd.","113.0","3.6"
"124021906","Pratish Enterprise LLP","4.0","1.1"
"6918435","Bharat Seats (BSL)","406.0","3.7"
"743775","Dreams Management","",""
"124480944","Shree Hari","5.0","2.9"
"4460360","Keyem Infra Project","8.0","4.3"
"124060484","Rabwin Industries Private Lmit","126.0","3.7"
"383279","Applexus Technologies","45.0","3.6"
"3205228","Ravel Electronics","41.0","4.0"
"6522958","Huairs","",""
"6666273","Pidge","29.0","2.8"
"125127435","RR Blessing Matrimony","",""
"2331610","Abad Fisheries","52.0","4.0"
"5289680","Fsm Education","6.0","4.3"
"3017150","Galaxy Iec India","23.0","3.6"
"4748312","Kanya Maha Vidyalaya","6.0","4.9"
"125127217","Manasa Spices","",""
"642035","Kushals.com","314.0","4.4"
"265695","Pramerica Life Insurance","870.0","3.8"
"124671256","SP Yarns","7.0","4.8"
"123540545","Greenleaf Extractions","8.0","2.9"
"124070710","Sharma Buildtech","10.0","2.9"
"4644434","Amrit Corp. Ltd. Unit Amrit Food","21.0","4.8"
"124095046","Veekay Industries","8.0","4.4"
"6227374","3rd Law Media","",""
"3072501","O'lem Sk Pvt Ltd ( Damembrane)","60.0","2.1"
"125127381","Cognet E Services Limited","3369.0","3.2"
"6909845","Eco And Retrofit Consultants","3.0","1.6"
"124286772","Xavian Software Solutions","",""
"3068854","Aravali College of Engineering And Management (ACEM)","17.0","3.9"
"3024876","Sun Chem","8.0","1.8"
"2652318","Hykon","146.0","4.5"
"124903555","Reside Homelink India Llp","",""
"123993182","Haritha Engineering And Construction","",""
"125127011","Skylift Consultancy Services","",""
"3289176","Whiz Consulting","50.0","4.1"
"124124742","GL Bajaj Institute of Technology & Management (GLBITM)","",""
"4963828","Value Research","43.0","4.2"
"545731","Itech India Chennai","103.0","3.3"
"1620652","Axestrack Software Solutions","62.0","3.8"
"124065672","Talent Blitz Consulting Services","",""
"124218560","S L Fasteners Pvt.Ltd.","43.0","4.1"
"742683","DHL Supply Chain","1705.0","4.2"
"124904951","Urbanplus Infrabuild","7.0","4.5"
"123669067","Hogwarts E-learning Universe","",""
"3812264","Kryptos Technologies","42.0","3.6"
"6836045","Touchworld Technology","5.0","3.9"
"123593243","SRI Balaji Castings","42.0","3.4"
"9561","Vaighai Agro Products","45.0","3.7"
"70302","Dharohar","942.0","4.0"
"125127249","Omsguru Solution","",""
"124493892","Oakya It Services","",""
"5210822","Shivtel Communications","10.0","2.9"
"124052644","SuperHomes (Raeln Buildtech LLP)","",""
"124873141","Adyar Ananda Bhavan Sweets India","98.0","4.0"
"6855383","Paloaltosoft","11.0","3.8"
"4239202","Chowdhry Rubber And Chemical","19.0","1.9"
"5409256","Anbre Construction And Interiors Private","2.0","5.0"
"2542540","MONALISA MANPOWER MANAGEMENT LLP","",""
"6921665","Share India Securities","112.0","3.8"
"124150706","TheEmpiric Consulting Services Pvt Ltd","5.0","3.7"
"123777192","A1 Parcel Service","",""
"123721245","Maxop Engineering Company","504.0","4.2"
"1067524","Bristol Healthcare Services","123.0","3.2"
"835563","JM Frictech India (JMI)","196.0","3.4"
"124843323","Twinkling Minds Health And Educare","",""
"124927971","Kr Placement Ankleshwar","",""
"123731449","Unibic Cookies","14.0","3.7"
"4447720","Quickway Infosystems","6.0","4.0"
"4453874","Rank Mate","",""
"6378570","Clickforge","8.0","3.3"
"123877871","Spartan Groups","",""
"125125113","JAY Polymers And Extrusion","",""
"3960298","Ritu Housing","15.0","4.0"
"1871964","IRM Offshore & Marine Engineers","72.0","4.0"
"124144814","Royal Land Developers","4.0","3.2"
"125102401","Wallet Edge Services","",""
"125104289","Malachite Technologie","",""
"123599843","Arihant Foundations & Housing","13.0","4.2"
"459213","Smile Management Solutions","",""
"5178346","Elitecon International","3.0","4.5"
"125086219","Pankaj Kumar Tanwar","",""
"125126853","Sarthiq","",""
"124167752","DR M Sundaram Hospital","2.0","4.0"
"5510992","Weltec Institute","2.0","5.0"
"124122946","Vayuz Technologies","",""
"114584","Care Hospitals Group","643.0","4.1"
"124843349","Airfin Technologies","",""
"124754659","Arcis E Services","247.0","3.8"
"1285580","VSN International","50.0","3.5"
"123929595","Sleepycat","36.0","3.8"
"840703","Konica Minolta Business Solutions","261.0","3.9"
"125112127","Sehrawat Hospital","",""
"123985274","Vartopia","6.0","4.2"
"5707306","Ampl Resources","239.0","3.4"
"5408986","Ram Management Consultancy","",""
"59158","MNC in Auto OEM","918.0","4.0"
"125122751","Fortuna Packaging","",""
"4070434","Skilled India Placement Services Lucknow","",""
"2796100","Xelentra Business","",""
"125126863","International Resource Bank","",""
"125116965","Kelwon Electronics & Appliances","",""
"125114835","Glenn Biocare","",""
"124874559","Aries ","4.0","4.2"
"729587","AP Management Consultants","",""
"124292682","Mehar Advisory","",""
"5857994","Cybrain","26.0","3.9"
"124866751","Sharp Asset (property Consultant)","",""
"5425426","Hotfoot","62.0","3.3"
"125126877","the Artive","",""
"421417","Manpower Resources India","",""
"125126843","Eduontech","",""
"124061554","Netforchoice Solutions","22.0","3.6"
"550931","ICA Edu Skills","596.0","4.0"
"7004261","Smianka Style And Fashion","11.0","3.0"
"5545056","Edgeconnect Global Enterprises","",""
"125126833","Care And Share Unimed","",""
"599109","Nikos Consulting","",""
"124761157","Vrezolv Partners","",""
"5492680","MMTC PAMP","193.0","3.5"
"728363","Altius","12.0","3.6"
"125126585","9890349842 Mobile User","",""
"123788519","Kyari Innovations","",""
"599723","BSH Household","647.0","3.9"
"6312794","Sigent Technologies","",""
"124091404","Manglam Infra & Engineering","4.0","3.4"
"4729630","International School of Management, Patna","12.0","3.7"
"125080079","JVH Industries","",""
"125126751","Valar Sustainable Solutions","",""
"2566924","Madhav Copper","9.0","3.3"
"2512810","PHOTOKINA CHEMICALS (PCPL)","20.0","2.4"
"124467308","Sourav Sir's Classes","32.0","4.5"
"124558846","Time Ad-media India","6.0","3.7"
"23663","Natco Pharma","876.0","4.0"
"124847493","Sorbe Biotechnology (India) Pvt. Ltd.","3.0","2.7"
"1400498","Bacancy Technology","272.0","4.4"
"124245024","Innovative Surface Coating Technology","2.0","1.0"
"5315058","Naveen Merico Engineering","31.0","3.3"
"124575314","Trackpi","40.0","4.1"
"125126689","Oracle Radiology","",""
"7019107","kyc Solutions","",""
"123779084","Swear Healthcare","10.0","4.9"
"6061052","edmium overseas","12.0","3.9"
"5995420","Coralindia","7.0","3.9"
"124929355","Alchemy School","8.0","4.1"
"4869118","Ambetronics Engineers","43.0","2.5"
"123787407","Hiliving Projects LLP","2.0","1.0"
"125111605","Vivan Buildmart","",""
"514437","PR Management Consultant Faridabad","",""
"1386616","Milacron","46.0","3.6"
"2634714","Seven N Half","",""
"124993915","Simul Digital","",""
"1258680","ISDC Projects","58.0","3.0"
"125126639","Industrial Rubber Company","3.0","2.7"
"124922427","Skill Probe","",""
"4599452","Datanetiix Solutions","18.0","4.5"
"2541136","Esri India Technologies","116.0","4.0"
"3215124","Urolime Technologies","11.0","3.4"
"125110371","Bhaarath Medical College And Hospital","16.0","2.7"
"124206498","Techxr Innovations","28.0","3.8"
"124351748","Futaba Industrial Gujarat","182.0","4.4"
"125126573","Canalta India","4.0","3.1"
"125126065","Sunlit Infracon Llp","",""
"125126581","Swapnil Gupta Huf","",""
"124639756","LD Silk Mills","",""
"950966","Vasantha Subaramanian Hospitals","3.0","1.8"
"125093959","Prime Sigma Marketing","",""
"125126579","Mystiqare Wellness","",""
"124228932","Power Palazzo","4.0","2.9"
"3076536","Zavenir Daubert","65.0","4.0"
"6533580","ATS Services","116.0","3.8"
"2567346","Food Hub Software Solutions","69.0","3.6"
"92382","Placenet Consultants","",""
"5131028","Green Power International","112.0","4.3"
"729335","ORTHO ONE Orthopaedic Speciality Centre","24.0","3.9"
"124400138","Axieva Technology Noida","",""
"124913541","Sampuran Yatra","6.0","2.5"
"1451020","ESTER INDUSTRIES","173.0","4.0"
"124080598","Nitro Commerce","12.0","4.1"
"124038048","Aswathanarayana & Eswara Projects & Consultancy LLP","",""
"125110571","Datanimbus Technologies","22.0","3.1"
"4911134","Saini Electrical Engineering Pvt Ltd","45.0","2.8"
"6421040","bijlipay","114.0","3.5"
"827495","Chandan Steel","219.0","3.4"
"124240526","Sumanju Technologies","",""
"4806286","Myezcare","26.0","4.3"
"3682110","Quality Sanitary Engineers","11.0","3.4"
"5787304","The Zaan Bright Solutions & Services","",""
"2903194","Anudip Foundation For Social Welfare","490.0","3.8"
"29581","Oasis Investment Company","",""
"123724109","Jay Jawan Construction Co","",""
"735099","Accuspeed Engineering Services","8.0","2.4"
"520567","Tuv","922.0","3.8"
"920574","Adsert Web Solutions","",""
"124872697","Jeevdani Manpower Supply","",""
"124751375","UG Enterprises","",""
"2473708","Thapar Institute of Engineering and Technology (TIET)","56.0","4.3"
"124262428","Geesys Technologies India","6.0","3.4"
"3055994","Protalent Consultant","",""
"124678634","Hnre Solutions","",""
"125121701","Siddhi Vinayak Hospital","36.0","3.9"
"125126379","P Patel & Co","",""
"124953203","Gason India Private Limited","",""
"3394140","Burakia Group","42.0","3.8"
"7020233","Metroof Structures","10.0","3.2"
"125125513","Bright Mts","",""
"124424094","Heranba Industries","104.0","3.9"
"844999","Kisco Castings","58.0","3.6"
"125118257","Meharsoft Technologies","6.0","4.7"
"125037225","Loans Down Under","",""
"124397648","Envision Consulting","",""
"125122453","Achariya Group Of School","",""
"2771974","Acme Generics","147.0","3.3"
"125122243","Ankit Sharma","",""
"125126235","Karupannan Sellappan","",""
"124299794","Outsourced Quality Assured Services Pty Ltd","",""
"123755491","Nutrialgo","3.0","5.0"
"124293716","Quantta Analytics","8.0","4.2"
"125098901","Inspirio","",""
"125126159","Placify Innovative","",""
"125126123","Teachers Recruiter","",""
"124931017","Barry Wehmiller","57.0","3.9"
"5853058","Genes2me","41.0","3.2"
"123857813","Mata Amritanandamayi Math","9.0","4.5"
"2065234","Syndicate Innovations International Limited","34.0","3.0"
"2992810","Deccan Technical","9.0","4.0"
"6935845","Geodis Overseas","119.0","3.3"
"4599538","Lantern Digital Services","141.0","3.9"
"1440","Sandvik Coromant","117.0","4.1"
"123559175","RIK Global","",""
"124556134","Kaushal Hr Solutions Noida","",""
"5271592","Alorica","742.0","3.1"
"124236828","Cryogas Equipment","32.0","2.5"
"125124619","Nexgen Talent Acquisition Llp","",""
"3051046","Webindia Inc","63.0","4.1"
"4686590","Protocloud Technologies","16.0","3.9"
"2250584","ProVal Tech","37.0","3.5"
"125119273","Visdum","",""
"1895234","Ipix Solutions","6.0","4.7"
"123551347","Irish Taylor Co","2.0","1.0"
"124154946","Aspire Globus","",""
"123859847","A S And Associates","3.0","2.7"
"125119171","Kaira Technologies","",""
"124652026","Foundation World School Srinagar","5.0","3.8"
"125119271","Direct Credit","35.0","4.4"
"125119305","Velvu Technologies","4.0","3.6"
"4790976","Indian Institute of Emergency Medical Services(IIEMS)","11.0","2.2"
"125122435","Toshi Automatic Systems","21.0","3.0"
"4669388","Avishya Trading","7.0","3.7"
"4935574","NetFrux","5.0","4.7"
"4931094","Global Touch Infotec","2.0","3.0"
"5245982","Watermark Weddings","2.0","4.5"
"3607534","Tismo Technologies","43.0","2.6"
"4904286","Rmgx","22.0","3.9"
"5478538","Training Basket","10.0","3.7"
"123577111","Innovitt Global","",""
"124652048","Canwinn Foundation","15.0","4.0"
"125060187","MBW Rcm","",""
"124391890","Praper Media","",""
"1589392","Logitech Sales Marketing","25.0","4.1"
"3575856","RG Stone Urology & Laparoscopy Hospital","218.0","3.9"
"124065514","Ideal Job Solutions Mumbai","",""
"124663028","Primetower Infrastructure","",""
"4250056","Workcell Solutions","344.0","3.7"
"125125947","Little Star School","8.0","4.5"
"6096144","Recruitinflux","",""
"125117617","wandersaga ","98.0","3.8"
"2792198","Unisonal Accounting Solutions","11.0","4.0"
"5434948","Kakatiya Sandbox","156.0","3.9"
"124452080","Confiar Leisure And Events India","",""
"125116879","Udyogah Southeast Asia","",""
"2904322","Limitless Mobility Solutions","12.0","3.9"
"124561388","Leadsforge Tech","",""
"124999905","D2m Interior","",""
"3980820","UniApply","171.0","3.5"
"125114649","Furaito Trade Link Pvt Ltd","",""
"31716","Csba Consultants","",""
"6827795","Dental Concepts","",""
"6746353","Estatesquad Services Pvt Ltd","",""
"6869765","Pawana Hospital","32.0","4.1"
"684795","Spanish Highway Asset Management Company (MNC)","25.0","3.7"
"28941","UL Solutions","185.0","4.1"
"124870915","Motan","4.0","2.7"
"124669728","Agnayi Infra Resources","",""
"125017595","Bluemaple Technologies","",""
"125114611","Nytt Analytics","",""
"124008946","EA Metalwork Engineering","",""
"736923","Sterling Holidays","460.0","3.8"
"4687836","Amazin Automation Solutions India","81.0","3.5"
"2376070","Alpine Convent School","70.0","3.0"
"2587260","Autosense Private Limited","137.0","3.0"
"3481222","Healthmap Diagnostics","138.0","3.8"
"124018696","Kenland It Solutions Pvt.Ltd","3.0","1.0"
"2893026","Prowiz Group (Paw Genz)","83.0","3.3"
"125097757","Adityaraj Capital","",""
"124306462","Indiafloats  Technologies","3.0","4.5"
"2973952","Salasar Services Insurance Brokers","83.0","3.7"
"834591","Bses India","703.0","3.7"
"6781891","Financial Adwisery Services","",""
"5692966","UNITECH STRUCTURAL WORKS","",""
"1111680","Mi Lifestyle Marketing Global Pvt Ltd","56.0","4.4"
"124252314","Revent Metalcast","31.0","4.2"
"124298182","Raising Web Solutions","7.0","4.4"
"123731221","Indo Pumps","",""
"2647182","Insemi Technology Services","82.0","3.5"
"4741062","jjd Enterprises","",""
"6917063","Poornatha Partnering Entrepreneurs","10.0","3.9"
"124541118","Spectrum Electrical Industries","75.0","3.4"
"124636120","BP Technologies","4.0","4.6"
"124045604","Elevate Consulting","3.0","3.9"
"125123835","SD Interiors","",""
"994150","Purnartha Investment Advisors","138.0","3.5"
"124021680","Hexpress Healthcare","8.0","4.0"
"3007150","Appinventiv Technologies","362.0","3.8"
"5107678","Hayat Placement Services","",""
"6020418","Bharaj Machineries Company","13.0","3.5"
"1027094","RTI Realty Group","7.0","4.0"
"4021176","Bhandari Feeds","8.0","3.3"
"123513907","JK Lucent","",""
"125112031","Vijay Mamra","3.0","4.8"
"124831331","Iveypath","",""
"4710940","Plej Fitness Banglore","6.0","3.8"
"4965406","Ostron","",""
"123789343","Space Ace","7.0","3.9"
"123747313","Mfluid Mobile Apps","",""
"125112029","Sikkim Skill University","2.0","2.3"
"124143424","Computer Valley","",""
"5246518","Pixel Web Solutions","13.0","4.7"
"125119317","Aayuritz Phytonutrients","",""
"125119301","Bigg Mic Network","",""
"4663042","Network Diesel Sales And Service","6.0","4.5"
"5786316","Superdna 3d Lab","49.0","2.7"
"125116837","Kims Super Speciality Hospital Bilaspur","11.0","2.6"
"125116841","VB Group","3.0","2.0"
"123592283","Vartopia","6.0","4.2"
"124395966","Vedshil","",""
"1840570","Matrix Comsec","196.0","3.6"
"123465973","Technresources","",""
"123926255","People Consulting Faridabad","",""
"125120983","P3sg","",""
"123859339","RamachandraN Textiles","16.0","3.6"
"124980217","Adhya Digital Solutions","",""
"2021670","Swiss Garnier Life Sciences","150.0","3.7"
"831329","Culture Holidays","20.0","3.7"
"125123135","Capital Acres","",""
"952628","Carisma Solutions","89.0","2.9"
"124275520","Anac Healthcare","2.0","5.0"
"125083225","Qwikzee Business Limited","",""
"1966586","County Group","18.0","4.0"
"5151898","Bravura Packers","3.0","3.8"
"124241518","SMC Global Securities","601.0","3.5"
"124576360","Starlight Data Solutions","10.0","3.4"
"1080820","Sambodhi Research & Communications","42.0","3.2"
"125119005","Rajshree Enterprises","7.0","4.5"
"6943394","Hire Lab Consultants","",""
"123640281","Clear Quant Technologies Pvt Ltd","",""
"5158762","Inovance Technology Private Limited","",""
"125094025","Nexus Placement Services","",""
"693755","Jayachandran Industries","21.0","3.0"
"123464243","Yatharth Super Speciality Hospitals","208.0","3.7"
"958932","Fujiyama Power System","498.0","3.5"
"123859275","Kanpan Organic Farms","",""
"2664908","Bannari Amman Spinning Mills","58.0","4.1"
"123737211","Yeemak Siwoo","4.0","3.1"
"992834","Space Stem","34.0","3.8"
"4260326","Aspiring Mantra","",""
"124353236","Suvit Fintech","",""
"53257","Datapro Computers","99.0","4.0"
"6614794","Sumangala Steel","27.0","3.7"
"125116355","Rs automobile","",""
"6691851","Morarji Gokuldas Rural Hospital","",""
"123909737","Indigrid","110.0","4.0"
"125005325","Shri Balaji Construction Company","100.0","4.1"
"124125356","Delente Technologies","16.0","3.1"
"4449486","PSG Polytechnic College","11.0","3.2"
"124428584","Gujarat Packaging Industries","",""
"124434966","Navyblue Resources Integration And Solutions","",""
"739813","Brown Bricks Hr Solutions","",""
"5371276","Mee 2 Bee Smart Services","",""
"123797457","Ms Psp","",""
"120788","Capricorn Logistics","164.0","3.7"
"4495246","Job Join Consultants","",""
"1917800","ETERNAL","2652.0","3.6"
"1928548","Billedright Healthcare Solutions","73.0","4.1"
"214969","Carreograph","",""
"1517366","Mchoovers / Pacific Data Integrators","4.0","2.8"
"123580091","Viable Search Consultants","",""
"3339880","Appy Pie","125.0","4.0"
"124814091","Tripasia Travels And Forex","",""
"4083766","Praadis Technologies","49.0","3.8"
"6804639","Portrave Solutions","",""
"4307484","Shiv Nadar School","83.0","4.1"
"124140754","Affiliazion","",""
"858516","HKK Entertainment pvt ltd ","",""
"5168762","Samy Enterprises","",""
"3644038","Wise Investments","",""
"124492038","Megistron Media","16.0","4.1"
"125120635","Freelance  Conscom","",""
"124359692","Atharva Laboratories","21.0","4.0"
"123596653","Harmony Data Integration Technologies","12.0","4.2"
"124508652","Kalamandir Jewellers","37.0","3.4"
"2148336","Detroit Engineered Products (DEP)","112.0","3.0"
"839783","Varuna Integrated Logistics","471.0","3.7"
"125119691","Crisp Multimedia","2.0","1.1"
"124777307","Fan Tv Ai","",""
"124418502","Appsierra Group","",""
"4699314","Eiosys","7.0","4.5"
"124399990","Tutione Technology","",""
"1961580","Hestabit Technologies","126.0","3.9"
"5622776","The Business Of Fashion","",""
"1886846","Anton Paar","48.0","3.5"
"3619696","Notion Press","43.0","3.4"
"5016368","Altis Infonet","9.0","4.0"
"4921990","Ifour Technolab","21.0","3.1"
"4998298","Aceindia Legal Consultants Llp","3.0","3.1"
"124323182","Invent Arc","",""
"5573864","Tex Biosciences","30.0","3.8"
"2249872","Nextsavy Technologies","2.0","5.0"
"124385006","Zuntra Digital","2.0","3.1"
"125116949","Speedcrafts Limited","15.0","4.2"
"125116943","Fairmine Carbons","7.0","3.9"
"125116937","Wixnix","",""
"125112007","Cabio Cab","",""
"124958335","Crizone Business Centre","",""
"125016507","Lifeline Hospital & Research Center","3.0","4.2"
"3646216","Rimt University","23.0","4.0"
"1958788","Covalent Software Limited","3.0","4.0"
"124190366","Tech Aventure","",""
"1884410","True Value Infosoft","58.0","4.9"
"4628804","Rybbon","6.0","4.6"
"124056102","People Facilities","2.0","1.0"
"5993442","Aarav Tech Services Llp","8.0","3.3"
"124882917","Geeks Bro","",""
"124197682","Sunway Global School","",""
"54231","Dr Batras","586.0","3.7"
"124709821","Denz Realtors","",""
"124314966","Demand Defence","",""
"124601488","Mahalaxmi Global Solutions","",""
"123494509","Lechler","57.0","3.9"
"29047","Krishna Group","1462.0","3.9"
"124001670","Aligned By Ankita","",""
"125115003","Watermount Ventures Llp","",""
"4506198","Guhilot Enterprise","44.0","4.4"
"6647165","Zen Adsorptions","30.0","2.7"
"124496080","Butler Leather Goods Factory India","7.0","2.0"
"5950054","Vittech","",""
"3374650","Empor Marcom Llp","",""
"1002374","Jupiter","70.0","4.0"
"738207","Doyen Systems","44.0","4.0"
"4324024","Allied Resonac Brake India Pvt Ltd ","3.0","3.2"
"125117047","Vedvet Imf Llp","",""
"68245","Faze Three","104.0","3.5"
"4034346","Maeon Laboratories","14.0","3.4"
"124234350","Participatory Learning And Action Network Foundation","",""
"125118201","PNB Metlife","",""
"124281742","Jagson Colorchem","4.0","3.8"
"5651542","Royal Square","",""
"125117861","Chemzest Enterprises","",""
"125057931","Medfoun Pharma  Chemicals","",""
"6981145","FIN Solutions","",""
"979206","Vision India Services","",""
"4398560","Metro Precision Aerospace","2.0","4.8"
"1574464","Testpress Tech Labs Llp","13.0","4.1"
"4392324","Raster Images","15.0","3.7"
"123821809","Ai Nxt Technovations","4.0","3.0"
"5264034","Khimji Ramdas","317.0","3.7"
"4397198","Betterplace Safety Solutions","201.0","3.5"
"124106970","Capabiliq It Services","",""
"125118485","SRS Hr Solution","",""
"124744567","Hems India","",""
"111095","GKM Global Services","33.0","3.3"
"5680572","Rootbix pvt. ltd.","",""
"5302666","Spacedraft India","39.0","4.5"
"124295102","Vdigit Solutions","",""
"6935227","Shanti Gd Ispat And Power","18.0","3.6"
"124087394","Buzypro","2.0","5.0"
"6443624","Reizend Private Limited","50.0","4.8"
"572681","Matrix Comsec","196.0","3.6"
"125098225","HOSTEL","4.0","4.8"
"124182926","Cmpms Global","10.0","4.5"
"1990850","High Street Fashions","",""
"5913362","Kedia Corporate Advisors","5.0","1.7"
"4885612","SHF Design Engineering","9.0","4.1"
"10912","Faithfully Yours Management Consultants","",""
"4917170","Apzzo Technologies","3.0","3.2"
"124552652","Orthocure Products","4.0","5.0"
"124651616","Banyai Consulting India","",""
"3837852","Glovis India","402.0","3.7"
"1115564","Hero Future Energies","166.0","4.2"
"6801539","The Hosteller Hospitality","25.0","3.1"
"113206","Sarthee Consultancy","",""
"1067698","Mallow Technologies","51.0","4.0"
"3666914","Veer Shipping","",""
"123460243","Cedcoss Technologies","360.0","3.0"
"6970223","Vetic","38.0","3.5"
"6886353","VM Placement Solutions","",""
"123617909","J.J. India","",""
"1083504","Whistling Woods International","24.0","4.5"
"826963","Maven It Solutions","",""
"2088230","Codeboard Technology","24.0","3.5"
"4599728","Nesco Inc","75.0","3.7"
"6687703","Cengage Learning India","25.0","4.2"
"5443710","Jasper Colin Research","273.0","4.0"
"3432040","Bridge Global","20.0","3.7"
"124793887","Polycycl","",""
"3336702","ABI Energy Solutions Limited.","38.0","2.5"
"3907750","Asian Institute Of Medical Sciences","6.0","3.2"
"123978715","Madhuraj Hospital","19.0","4.3"
"371891","Mastersoft Erp Solutions","152.0","3.1"
"124626052","MDR Laboratories","",""
"60369","Auto Ignition","163.0","3.7"
"124374720","CDT Software Support","",""
"123986464","NGL Fine Chem","99.0","3.8"
"752721","Tigris Services","",""
"124145950","Indo Russian Rifles","14.0","2.7"
"586883","Gravity Manpower Consultant","",""
"114670","Aludecor Lamination","407.0","3.8"
"844078","UnifyCloud","43.0","3.3"
"124988823","Sardonyx School Jhajha","",""
"3624164","Wroffy Technologies Private Limited","18.0","4.6"
"745775","Capcon Consultants","",""
"124728085","Overit","8.0","2.3"
"21678","Alliance Placement Solutions","",""
"164422","Golden Homes","14.0","2.4"
"124862745","P-square Toll Solutions India","",""
"6887493","Apex Infralink","",""
"6905007","Lapyramid Hospitalities","28.0","2.4"
"123659591","Indus Parking Services","22.0","4.2"
"124659308","Group Ugx Systems Gurugram","",""
"124140772","Freewill Sports","23.0","4.1"
"124533826","Spectrasynth Pharmachem","",""
"7097857","Saurabh Softsourcing","3.0","4.0"
"6252750","Magnum Management & Services Pvt Ltd.,","3.0","1.0"
"125111587","Premier Industrial Plastics","2.0","2.5"
"3781404","Stw Consultancy","",""
"2131928","Callisto Search","",""
"124036358","Inderjit Mehta Construction","",""
"123497831","Barbanti Business Services","",""
"3158576","Saraca Solutions","128.0","3.4"
"6811247","Stallions Proptech Solutions","",""
"6417040","Paprika Lead Generation Solutions","",""
"4035616","Akshay Udyog","5.0","4.9"
"5825322","Grewal Eye Institute","12.0","3.9"
"123802549","Lifenity Health Limited","80.0","3.4"
"124577462","Spring Financial","",""
"5933716","Insaito Software Pvt. Ltd.","",""
"124529076","Unicorn Infosolutions","242.0","3.3"
"3911128","Sangam Group","14.0","4.5"
"2269570","Sentec India Company","78.0","3.7"
"6909415","Kavi Software Technologies","3.0","3.4"
"5395656","Darsh Impex India Pvt. Ltd.","7.0","1.9"
"124853503","Strengths Masters (opc)","",""
"125106619","Rajeev And Company","2.0","5.0"
"2158916","IIBM Institute","60.0","4.3"
"3264880","Chin Dbc","9.0","2.0"
"5756570","Asclepius Wellness","128.0","3.7"
"124384296","Shri Mahaaraahni Enterprises","",""
"124702052","Wonderchef Home Appliances","160.0","3.9"
"123899993","Dreamland Vacations","",""
"94004","Viari Exports","9.0","4.1"
"4207750","Agrawal Global","2.0","4.4"
"835651","Nf Infratech Service","17.0","4.5"
"125105241","Activbase","",""
"433687","Himalayan University","2.0","3.0"
"4053714","Embedur Systems","52.0","3.2"
"5176020","Deniz Logistics","2.0","4.6"
"4072680","Sms Envocare","102.0","4.0"
"1029794","Eurosia Bim Services","13.0","2.9"
"1345054","Taazaa Tech","126.0","3.7"
"3269922","Workoid Consultants","",""
"55148","RG Stone Urology & Laparoscopy Hospital","218.0","3.9"
"6177992","Whiteland Corporation","39.0","3.9"
"758013","Trac Fujico Air Systems","26.0","2.9"
"124095900","SKA Group","30.0","4.3"
"124460494","Ikokas Digital Agency","",""
"577195","Spiralup Solutions","10.0","3.4"
"123988090","Biofuelcircle","28.0","4.0"
"5554208","Accuprobe Healthcare & Diagnostics","70.0","3.7"
"124257940","Datre Renewable Energy","",""
"124730703","Ganpati Ply And Doors","",""
"840021","Meenakshi Mission Hospital & Research Centre","128.0","4.2"
"2098578","Sanvi Business Solutions","",""
"6977247","Habilete Learning Solutions","",""
"7071127","Swaram Consultants","",""
"5734184","The Fastest Media Company","5.0","3.3"
"60444","Wizard Management Consultant Group","",""
"1767196","I Way Solutions","",""
"11926","Geotech Infoservices","33.0","3.4"
"4755052","Sai Educare","24.0","2.5"
"5792412","Dharmic Living","",""
"6233598","Quintes Global Pvt Ltd","23.0","3.7"
"124935649","Joicy","",""
"4175278","Artius Interior Products","33.0","3.0"
"741741","Ambuja Neotia Healthcare Venture","28.0","4.1"
"4463888","SK Khetan","22.0","3.9"
"1825102","Chemico Processing","3.0","4.9"
"1025126","Britex Enterprises","",""
"3801988","Express Builders And Promoters","14.0","3.7"
"124506824","Anupam Motors Jodhpur","",""
"78343","Elmex Controls","66.0","3.3"
"124049534","Rohan Energy Solutions","13.0","2.9"
"837567","Nimt","75.0","3.4"
"1318846","Rajdarbar Group","43.0","2.8"
"177956","Mynd","",""
"224399","Alchemist Group","15.0","3.4"
"427729","Leadec","966.0","4.0"
"3213518","Bulk Mro Industrial Supply","61.0","2.9"
"125098501","Nivata","",""
"1401724","Sigmoid Healthcare","",""
"124969553","Klickedu","",""
"4252534","Diversified Business Conglomerate Headquartered in Singapore","6.0","2.4"
"4754918","Sunsource Energy","107.0","4.3"
"131809","Kinerk Direct Marketing Solutions","19.0","4.0"
"6278988","Kapoor Pro Konsultants","",""
"4634054","Probuz Technologies","6.0","4.4"
"221605","William Hare","50.0","4.2"
"2627500","Skyvalue","",""
"124088210","The Hiring World","",""
"5237370","Pentabay","15.0","3.7"
"6425446","Achats Exclusif","",""
"958256","LKP Securities","95.0","4.0"
"124347876","Visage Lines Personal Care","7.0","3.0"
"4851456","Sark Industries","17.0","4.0"
"99310","Eagle Software India","57.0","3.3"
"124115282","Red & White Education","74.0","4.5"
"5384672","Aakash India Projects And Builders","73.0","4.3"
"5179158","Gradiant India","35.0","3.6"
"11902","Pulsar Knowledge Centre","28.0","3.3"
"2381410","Driptech","34.0","3.8"
"222857","Shyam Dairy(Shyam Group)","65.0","3.9"
"6769057","SAFE Refrigerations","23.0","3.1"
"1752","KENT","1749.0","3.8"
"1374","Strawberry Infotech","",""
"2166274","RBG HR Services LLP","",""
"3653296","Excelgens","",""
"6447164","Computer Task Group","7.0","3.8"
"176990","Vcare Consultancy","",""
"2731262","Enovus Enterprises","2.0","4.2"
"748587","Chennai Radha Engineering Works (CREW)","695.0","3.8"
"759059","Rajan Technocast","174.0","4.8"
"6964949","Deep Distilleries And Breweries","",""
"5237146","Edelman Financial Engines","6.0","3.8"
"125063055","Digital Marvels","",""
"123541051","Vardhman Special Steels (VSSL)","150.0","4.1"
"2471016","Pama Network","",""
"3278072","Reliance General Insurance (RGI)","1855.0","3.6"
"6482752","DJO Global","14.0","4.4"
"5663300","Bhavesh Career Net","",""
"124068892","Hello Expert Services","",""
"2666312","Sahrudaya Health Care","2511.0","4.5"
"5079232","Accel It Services","278.0","3.6"
"3974318","First Engineering","50.0","3.5"
"4838626","Aphrodite 4wheels","3.0","2.7"
"124691346","Corporate Comrade Consultancy","",""
"418489","Bizsol Technologies","35.0","3.4"
"5235964","K.L. Traders","2.0","5.0"
"124774865","Ensepatec","6.0","4.3"
"40908","Career Vision Hr Consultancy","",""
"89434","Nagarjuna Agrichem (NACL Industries)","286.0","4.2"
"163964","Eros Group Ajay Enterprises","174.0","4.1"
"124616192","Digital Reach","2.0","3.0"
"2992686","Job Finder Hr Consultancy Guntur","",""
"123710171","DNA Hr Services","",""
"124040034","Mangalam Drugs & Organics","119.0","3.7"
"62915","Golcha Associated Group","100.0","4.1"
"123888863","WIT Management","",""
"7024363","GSN Enterprises","",""
"82753","Ashish Life Science","165.0","3.9"
"124400324","Verbronnen Consultants","",""
"124935849","Energia Appliances","3.0","1.4"
"5448032","Haldyn Glass","68.0","3.9"
"5509646","Klaxontech","26.0","3.1"
"890606","Autoplant Systems","79.0","3.4"
"124629394","Timepe Technology","",""
"1380062","Jobsfind Consultancy","",""
"4473756","Effic Hr Consulting","",""
"4192152","Omm It Solutions","2.0","1.0"
"3082628","Uprising Science","113.0","3.7"
"3130050","Evercrest Projects","73.0","4.2"
"647737","Candid Software","12.0","3.9"
"123744039","Accelleron","29.0","4.5"
"4409450","Dealsdray Online","88.0","3.0"
"8423","Mehta Api","60.0","3.3"
"5195374","Pleasant Inc","3.0","1.0"
"125081483","Elegant Events","",""
"123922055","Halcyon Labs","13.0","3.8"
"1894174","Ionic Chemicals","4.0","3.8"
"1049712","Autotex","32.0","3.5"
"3009486","Vue Data Technologies","28.0","4.1"
"4242860","BrandMuscle","108.0","3.2"
"1023698","White Horse Event Management","",""
"232785","Sundyota Numandis Pharmaceuticals","144.0","3.9"
"5294242","Rudra Real Estate","55.0","3.9"
"62781","Adaequare","107.0","3.9"
"124477748","KOB Medical","20.0","4.4"
"124959835","Talent Potential Consulting","",""
"2947750","Henry Harvin Education","2015.0","3.7"
"124686160","Fine Foods & Co","",""
"124299676","Avssr Innovations (opc)","",""
"3061120","Zion Staffing Solutions","",""
"6759849","Nocle Systems And Controls","21.0","3.3"
"124401366","Sphere Global Solutions","2.0","1.9"
"124940827","R Origin","",""
"525097","The Placer Noida","",""
"125142197","CRG Corporate Services","5.0","4.5"
"125075471","Ruminate Management Consulting (opc)","",""
"125142201","JP Shipping & Trading Pvt Ltd","",""
"3105102","Coelho Systems","14.0","2.1"
"125142185","Pioneer Coats","5.0","1.2"
"125142187","Smrl Enterprises Llp","",""
"2951390","Linking Jobs","",""
"4877594","A1 Selectors","",""
"124647692","True Hospitals","",""
"6728085","Kive Consultancy","",""
"6997843","Bigpage","4.0","3.5"
"5614528","Fundtec","3.0","1.7"
"124800077","Brightbots","",""
"4934718","ThatWare","47.0","3.4"
"4998112","Applocum Internationals","9.0","4.1"
"352979","R S Patel & Co","43.0","2.8"
"125113539","Orgusta Business Solutions","",""
"2494966","Omnifin Solutions","",""
"5564338","Good Job Hr Services","",""
"125117545","Devyani Enterprises (lucklore)","",""
"124632378","Jessyls Technologies","",""
"5720686","Tecblic","17.0","3.2"
"123505293","Reputed Laminate Company ","",""
"1495236","Adduco India","",""
"125125057","Jays Tech","",""
"2744072","KHIVRAJ Motors","140.0","3.7"
"5672822","ATW (INDIA) Private Limited ","18.0","3.0"
"124081638","Imaticss Technologies","",""
"125142037","Tyre Channel India","",""
"123750141","Highsource","",""
"125059241","Hydrogen Systems","",""
"125141977","Krupit Foods Llp","",""
"123951869","Stalwarts Servicios","",""
"390443","Wheecon Instruments","22.0","2.0"
"3911724","Ascent Consulting","",""
"123629877","B.M. House","19.0","3.8"
"731005","Signal Resource Management","",""
"125094861","MRC Hr Consultants","",""
"1706414","Hercules Structural Systems","82.0","2.6"
"7120898","Shri Balaji Construction","100.0","4.1"
"5293888","Akash Ganga Supply Chain","6.0","4.5"
"123971101","Herd Foundation","16.0","3.8"
"1811678","PinnacleWorks","48.0","3.4"
"827857","Crown Hr Services","",""
"125141949","Naishad Dalsukhbhai Desai (huf)","",""
"1319","Utkarsh Placement","",""
"124023006","Bizzhype Enterprises","",""
"125132377","Industrial And Technical Enterprises","",""
"4770638","B M Constrotech ","34.0","4.2"
"5023934","Colossal Skills","",""
"3312760","Infidigit","15.0","3.5"
"124833041","Pencil Bitz Publications Combiatore","",""
"495095","Cheema Boilers (CBL)","176.0","4.3"
"125141597","vishal.patel@manektech.com","",""
"3482126","Acadecraft","376.0","3.2"
"124856723","SJS Gold","",""
"125141861","JHA Construction","2.0","3.8"
"124510076","7230080033 Mobile User","",""
"125088243","Rehau Global Business Services","",""
"124966371","Insure Insight","",""
"6990469","Lobo Business Consultants","",""
"6540682","Touchstone Services","65.0","3.5"
"124321726","Bodvid","",""
"124873773","DMA Infra Llp","",""
"123644193","Treta Agro","5.0","3.7"
"125033277","Nara Engineering Solution","",""
"124881325","Universal Legal Consultancy","",""
"5611024","Frenzoft Consultancy Services Private","",""
"124816803","Opticon Technology Training  Placement Private Li Mited","",""
"6046162","Safezone Secure Solutions","3.0","3.5"
"124360516","Webwabi","",""
"123547215","Moti Packaging Industries","10.0","1.9"
"6043412","Dr.P.K. Saha Hospital","72.0","3.7"
"2160888","SRM Institute Of Science And Technology","202.0","3.7"
"124132910","Tejomaya Ventures Ghaziabad","",""
"125048633","Coverizon Consultancy Services Llp","",""
"4668638","Happy Hrd And Corporate Solutions","",""
"452797","Steag Energy Services","800.0","4.2"
"2552346","Saroj International","7.0","3.8"
"7102787","Pranabnaman Minerals","3.0","3.8"
"125046079","hr@brownion.com","",""
"124134428","Limhomedin Healthcare","",""
"124344818","Aspirant Hr And Staffing Consultants","",""
"123611113","Oriental Metals","27.0","4.4"
"124004284","Saral Management Solutions","",""
"5393342","Akson Oiltech","",""
"125042389","Asteroid Microns","",""
"6494718","JSG Consulting","",""
"124811203","Bookends Hospitality Pvt Ltd ","3.0","4.2"
"3508466","Mindera","26.0","4.4"
"125125179","Apollo Ayurvaid Hospitals","5.0","2.9"
"125141643","Focalyt A Skill Tech Brand Of Focal Skill Developm Ent","",""
"5213362","Antino Labs","163.0","2.7"
"380533","Triforce","5.0","3.9"
"3088594","Digital Brain Media","23.0","3.6"
"124922559","Icuerious Research Services","6.0","3.3"
"123868671","CZ Fashion","",""
"123826683","HGS Machines","5.0","2.8"
"6568934","Unicon Logistics","5.0","3.4"
"124658562","Life Chem Pharma","",""
"123865251","Easebiz Fintech Solutions","",""
"125006617","Petals Preschool And Daycare","57.0","4.4"
"125107963","Wonk","",""
"125141757","Signatures Designs And Communications","4.0","4.4"
"5313822","M2 Consultancy & Services","",""
"125132433","Wishaka Developers","",""
"124787191","Estates21","8.0","3.7"
"1129332","Poabs Granites","4.0","4.7"
"4610192","Talentpath Management Services","",""
"3218198","Barot Consultancy Services","",""
"7150899","AHN Hotel And Management Services","",""
"123970949","Viral P Shah & Co","",""
"1341984","Millborn Switchgears","51.0","3.0"
"125141697","Hika Esencia","",""
"125141575","Belluga Papers","13.0","3.3"
"124872671","Heft Energy","5.0","2.4"
"123890847","Santosh Multispeciality Hospital","",""
"65303","U & V Consulting Group","",""
"6005050","Samishti Infotech","28.0","4.1"
"125101807","Midfin Wealth","",""
"124356590","Elite International Agrolife","",""
"124932429","Atrey Pharmaceuticals Pvt.ltd","",""
"5179904","Veeram Technologies","5.0","3.9"
"124814733","Allin Placement Consultancy Llp","",""
"125141645","Bajaj Foods","15.0","3.6"
"124559944","Rupkala Engineers","",""
"7135651","Skytel Teleservices","13.0","4.1"
"125141547","AW (india) Design And Engineering Solutions","",""
"125141593","Koal Cosmetics","",""
"124119352","Talentguru Gujarat","",""
"123703031","Digirocket Technologies","7.0","3.6"
"6630988","CanOpus Engineering Services","70.0","3.7"
"124696256","Pinch Lifestyle Services","25.0","2.8"
"194905","Kasturba Vaidyakiya Rahat Mandal","5.0","3.2"
"124820671","Digitech Solution Lab","",""
"124644130","Sapital Recruitments","",""
"154522","Atharv Consultants","",""
"125141431","Insulo Fibre","",""
"124856967","hrhead@seraphinedevimpex.com","",""
"124598412","Error Makes Clever","4.0","4.6"
"125141395","Folklogue Studios","2.0","3.7"
"124307496","Deep Cable","",""
"5300028","Expertise Search","",""
"3340556","Vibgyor Estates","7.0","3.7"
"124385444","SRT Infosolutions","",""
"125141433","Acute Bioscience","",""
"124543750","Ivas Organic Nutrients","3.0","5.0"
"124433062","Pixwik Technologies","5.0","4.0"
"124225816","N J Macson","",""
"272399","Beri Udyog","201.0","4.0"
"124837949","Shiv Associates","14.0","4.7"
"5561180","Nand Imperial Consulting (opc)","",""
"7090553","Edgistify","33.0","4.0"
"124080642","Cloudsheer Consulting","15.0","3.1"
"124870285","Dks Infradesigns","",""
"125141457","No Cap Creative","",""
"208532","Protean Staffing","",""
"123996954","Deepmindz Innovations","12.0","3.0"
"124866657","Hora Art Centre","9.0","5.0"
"124984279","Bharat Expo Feeder","",""
"124601644","Garima Placement Services","",""
"6465962","Tekpak","",""
"5677364","Axycube Solutions","",""
"125135675","Ca Priya Tiwari","",""
"125099989","Jacsgreen Recycling Pvy Ltd","",""
"124245058","Globe Automobile","14.0","4.2"
"125136733","Persona Consultants","",""
"125104085","Ocular Holography Films","3.0","3.2"
"124988929","Quality Naukri(ieil)","60.0","3.9"
"125131237","Jakanoor India Nidhi Limited","",""
"6524252","Jieqin Technologies India","36.0","2.2"
"15203","Vesat Management","",""
"3266162","SAM Manpower & Career Services","",""
"124398966","Sigma Staffing Solutions","",""
"948672","Pioneer Management Consultants","",""
"125141403","Shailesh Car And Bike","",""
"124256510","Precimetal Cast","",""
"125132353","Rehla Digital Inc.","",""
"125122355","Gulmohar Fb Industries","",""
"125141265","Flowtra","",""
"123986576","Pentawis Innovations","2.0","4.0"
"124891945","369 Logistics India","",""
"125141331","Nudiva","",""
"1369560","Chokhi Dhani Group","61.0","2.6"
"123758949","SPAC Starch/Bio Ethanol Division","23.0","3.5"
"5305084","Gyan Vihar School","2.0","4.0"
"6431862","Connexions Hr","",""
"2812936","Rainbow Integrated Multitech","3.0","4.7"
"125141339","Rapidbox","21.0","2.2"
"125141315","Santoshi Industries","3.0","4.5"
"6699997","Rajtantra Hr","",""
"124908575","Terratech Intermediates Pvt Ltd, Khambhat","9.0","4.9"
"125141325","Augurs Technologies","32.0","3.1"
"275","Cyber Media Research & Services Ltd.","6.0","4.0"
"124058312","Adam And Eve","11.0","3.3"
"124882193","Acumen Gps India","3.0","4.9"
"3995490","Rattan Enterprises","4.0","2.4"
"5137254","PowerWind ","5.0","2.3"
"125141279","Kalkaji Engineering Company","",""
"124774715","Humming International Services","",""
"124790275","Computech Infosystem","",""
"23028","Delta Consultants","",""
"125069503","BSD PROJECTS  Pvt Ltd","3.0","4.4"
"124885379","MCV Motocorp","9.0","2.6"
"125141249","Jaipur Dreamland","",""
"5574636","Sunlite Systems","4.0","3.6"
"5005162","Buildon Plasters","28.0","3.8"
"1133442","Ishan Ceramics","22.0","4.0"
"124436520","Datalogics India","22.0","3.3"
"124808605","Entiredigital Solution","",""
"124799601","Hirly.in","",""
"124841963","Ogo Labs","",""
"4660196","Swastik Associates","11.0","4.7"
"124624312","Metareach Marketing","",""
"125021695","A M Square Construction House","",""
"125141111","Smiley Photograpy","",""
"2542944","Confidence Petroleum India","395.0","2.9"
"125124399","Mysticape Concepts","",""
"10424","La Droiture","",""
"125141185","Synergy Software Limited","14.0","2.8"
"2780322","Senso Foods","18.0","3.9"
"124828783","Future Tech Corporate Solutions","",""
"2669498","Indocool Composites","79.0","3.5"
"1093038","Delhi Public School Faridabad","21.0","4.0"
"125136125","Soulxes Technologies","",""
"124921921","Gurudev Real Estate Developers","",""
"125076551","Tplanzo","",""
"5048716","Shah Nanji Nagsi Exports","10.0","3.5"
"125140759","Megasat Technologies","",""
"1284958","Accord Manpower Services","",""
"124949699","Promind Solutions","13.0","3.7"
"4021548","Notion Online Solutions","34.0","3.0"
"125141101","Tecsage Innovations","",""
"6651635","Webbizzare","",""
"125140993","Mantone Printpack","3.0","3.6"
"7111235","Dutch Vibrations Solutions","",""
"124453874","Hungry Hr","",""
"125141093","Primark Global","3.0","1.5"
"125007765","Elevate Consumer India","",""
"125088033","Shri Venkatesh Super Speciality Hospital","2.0","3.5"
"2813076","Techior Solutions","4.0","4.8"
"125141057","Rj Group","14.0","4.7"
"555719","JSD Electronics","61.0","3.5"
"4544864","Gnap Services","",""
"6950865","Jainam Invamed","10.0","2.5"
"6509822","Indus Management Services","",""
"124667672","Skyx Aerospace","",""
"125141031","Primus Corporate Strategists Llp","",""
"124539672","Cloud Science Labs","54.0","4.2"
"123950613","Mobistroke Advertising Llp","7.0","4.9"
"124946033","Wealth Redefine","5.0","3.3"
"125131379","Freyja","",""
"125116619","BS Mohan Recruitment Consultancy","",""
"124942395","Sharma Exports","",""
"125140905","Truenova Group","",""
"124341130","SignaTech","4.0","4.3"
"5568470","Ledure Lighting","92.0","3.9"
"4116966","Cogniscient Business Solutions","65.0","3.7"
"124866429","Efuel Products","",""
"124983143","Glan Solutions","",""
"920508","Biztech Consultancy","22.0","3.4"
"125017265","geek CREATIVE AGENCY","2.0","4.0"
"4447606","Power Guru Infratech","16.0","2.9"
"124989937","J P F Metacast","2.0","1.0"
"124765317","Whitefox Infra","",""
"125027847","Statcon Electronics India Limited","80.0","4.1"
"5239522","Arrowpoint Management Services","",""
"124539892","DR Dm Tech","27.0","3.5"
"124883257","Ultimate Utilities","10.0","4.6"
"124879655","V Gp Housing (p) Ltd","5.0","4.2"
"1377768","NTF Group","221.0","4.0"
"125062475","Vajraa Frozen Foods","2.0","4.4"
"124715819","Praksons Extracts India","3.0","3.2"
"124914281","Cloudsara Technologies","",""
"124111976","Expel Prosys","64.0","3.6"
"123848639","Onfinity Technologies","11.0","3.6"
"124532240","Mira Healthcare India Llp","",""
"5522638","Wins Group","",""
"124295834","Shelke Construction Pvt Ltd","2.0","3.0"
"5303064","Encriss","",""
"124077386","Studio Arunisha","",""
"4730210","Gujarat Containers","23.0","1.8"
"5598396","Hoss House Of Soft Skills Education Private Limite     D","2.0","3.2"
"124751327","Qcentro","6.0","4.7"
"124168418","VGP Housing","5.0","4.2"
"7038521","Connedit Business Solutions","52.0","4.0"
"124866255","Cool In Cool Stores","",""
"125140855","Geeta Cloud Kitchen","",""
"125140885","Manysphere Technologies","",""
"6682385","Archimedes India Consultants Pvt. Ltd.","15.0","4.3"
"125057251","CVL Innovation","",""
"124987139","Seraminds Consulting","",""
"124569024","Staffik Servico","",""
"4969126","Edukyu","86.0","3.1"
"5824344","Ellix Hr Consulting","",""
"748725","MK Management Consultants","",""
"2265974","Praxis Hr Solution","",""
"124098328","Lock the Deal","37.0","4.1"
"4890692","Bulk Oceanic Shipping","",""
"124228974","Kumaran Gin Pressing","",""
"3626996","Rahman Properties Ltd","",""
"3527248","Studiokon Ventures","65.0","3.9"
"125124725","Carnival Holidays","",""
"5568100","Vssr Consulting Llp","",""
"124769679","Wolf Masters Tax","",""
"124588286","SJ Technologys","",""
"124105858","Pursuepeople","",""
"5163876","Agro Tech Foods (ATFL)","394.0","4.0"
"125140775","Aesthetech Solution","",""
"131603","Amar Cars","163.0","3.9"
"3823308","Value Ingredients","40.0","3.9"
"124141316","D2 International","27.0","4.0"
"4381164","Thrivera","",""
"23604","Accurate Hr","",""
"125110393","Yunch Bite","",""
"845497","Xpertz Innovations","",""
"6294568","Search N Connect","",""
"5107292","Xtapps","",""
"116973","Lineomatic India Pvt. Ltd.","119.0","3.6"
"1321152","Jimmy Mode International","5.0","4.3"
"124839623","Memorable Your Trip","",""
"125048579","Novamind Insights","",""
"4470522","Resource Recruiter","",""
"124990919","Theomnijobs","",""
"125140699","Snickr Facility Management","",""
"124091416","CRM Landing Software","8.0","3.5"
"5104232","Vidya School(a Unit Of Vidya Integrated Developmen T For Youth And Adults)","17.0","3.0"
"4016338","NGSPL","",""
"125041825","Worthyten Recommerce","5.0","3.9"
"124480622","Oneclick Bim","7.0","3.3"
"3824774","Redian Software","61.0","3.8"
"1799168","Prominent Consultant","",""
"2098968","Jabsons Foods","175.0","4.1"
"125123021","D2C Products And Services","",""
"12506","Om Hr Solutions","",""
"6561694","Alps Chemicals","22.0","4.3"
"124386192","Vivabond Digital Solutions","",""
"123649331","Rathi Jain & Associates","3.0","5.0"
"125140575","Ssipl","",""
"125140497","Casa Virtue","",""
"125125669","Hirability","",""
"5320232","Subhaa Healthcare","",""
"124271482","Transparence HR","",""
"6766343","Sumandeep Vidyapeeth","37.0","4.1"
"124982227","Career 4u","",""
"123461219","Acros","11.0","4.0"
"3024330","Hinduja Housing Finance","822.0","3.6"
"124763365","Bhathwari Technologies Gujarat","",""
"1693260","Einnosys","14.0","3.0"
"124474638","Technocentric Solutions","",""
"125140457","Triotap Technologies","",""
"1529792","Conherence Consulting Services","",""
"124937353","Sach Enterprises","",""
"124768751","Zecser Business Llp","",""
"125140387","Gslet Exports","",""
"5455718","Phygitalz Adivsory And Solutions","3.0","2.7"
"124873843","Heritage International School","16.0","3.3"
"5047978","Lightfire Solutions","26.0","4.3"
"125140291","KGN Traders","",""
"125140315","Catalyx Space India","",""
"125076691","Futurex Management Solutions","5.0","4.0"
"124916083","r.s. Enterprises","53.0","4.1"
"1736244","LCS Services India","17.0","3.7"
"124330108","Iynix Digital","56.0","3.1"
"124757001","Samurai Ops","",""
"125139853","care@iskconkurukshetra.org","116.0","3.9"
"124680714","Trinity Technologies","",""
"1228","Techno Commercial Consultancy Services Delhi","",""
"125140181","Flybit Dynamics","",""
"124650928","Codizio Technologies","",""
"125139117","Start Up","",""
"6683481","Iraj Contract Manufacturing","3.0","3.3"
"125135259","Bodyspace Fitness","",""
"5197014","Pozitive Electricity And Gas","",""
"7086119","N D Enterprise","",""
"124958645","Miipa Building Solution","",""
"125140093","VTS Global","",""
"124930661","Nearpay Innovations","",""
"125140115","The Healthspan Co.","",""
"125127437","MV Clouds","6.0","2.0"
"125137447","CMR Traders And Co","",""
"5570036","HR Raashi","",""
"125037137","HT Business Group","2.0","5.0"
"124344988","Confidential MNC","",""
"6634250","Bhavya Srishti Udyog","",""
"123517149","Tool Planet","5.0","2.5"
"124376982","Dinesh K Singhal & Associates","",""
"124624720","YAN Expertifyme Technologies","",""
"125000177","VPK Enterprises","",""
"124519348","A reputed hospital in Simdega","",""
"125124965","Job In Gujarat","",""
"2490150","Jobtime Consultants","",""
"6695331","K.L. Enterprises","",""
"5159170","Major Kalshi Classes","41.0","3.4"
"125129329","Resolvent Services","",""
"123865789","Florim Decoratives Global","",""
"125112951","Shashwat Hr","",""
"125139553","Maxlence Consulting","13.0","1.6"
"125139587","Gitaquest","",""
"125139601","HAPINUS CARE","",""
"124464938","Creature Industry","3.0","4.0"
"125139521","StormForz","",""
"125056557","Mera Diagnostic House","",""
"124687226","Strategy Digital Labs","",""
"1744042","Real World Solutions","",""
"124053610","Supernic","",""
"124198422","Iiol Education","",""
"123498661","Aayush Retreats","",""
"5169628","MCP Consultants","",""
"124878729","Future Opts","",""
"5640986","Cladbe Platforms","2.0","4.4"
"123914913","Velarudh Infotech","",""
"125139111","Amit Engineers","64.0","3.5"
"123634801","Aptechhrservices","",""
"124606176","Edgjein","",""
"125000925","Unick Placement","",""
"2377474","Kanishk Surgical & Super Specialty Hospital","40.0","3.4"
"124642222","Dinero Tech Labs","4.0","4.6"
"5374696","Galtech Technologies","6.0","3.8"
"124533494","Smarthome","2.0","1.3"
"125138915","Mulberry Foods","11.0","2.8"
"125130249","Deepak Prasad Sharma","",""
"124596348","Al Sayed Staffing Solutions","",""
"125138791","Iris Spectra","8.0","3.9"
"125000531","Lifebridge Info Technologies","",""
"1320","UXL Consultants","",""
"124973945","Art Club","2.0","4.0"
"125134455","MKR Techsoft","4.0","4.9"
"124926871","Five Grills","",""
"123932967","Integgral Corporate Service","",""
"124774011","Mudit Shrimali  Associates","",""
"123666469","Kainos Innovative Solutions","4.0","5.0"
"125108295","Saas Etechnologies","",""
"2858524","USHEMA MANSYSTEM","",""
"125124973","Arianna Enterprises","",""
"125138005","Ridiculusum Fb","",""
"123629993","Kanak Consultancy Services","",""
"123945245","Profusion Systems","5.0","3.9"
"5636446","N G Brothers","9.0","3.0"
"680921","Target Recruitment Agency","",""
"7061765","Myonsite Healthcare","12.0","2.6"
"123720923","Aimsteers","",""
"125137663","Arka Consulting","",""
"124000164","Natraj pictures and plywood co.","",""
"125135287","Ojashwi Urja Mitra (opc)","",""
"6314992","Siddharth Bhanushali Advisory","3.0","4.3"
"5295480","Nextgen Technologies","79.0","3.8"
"119088","Uniparts Group","396.0","3.6"
"124650368","Lashkaraa","",""
"729615","Gh Induction","51.0","3.7"
"5690688","Amura Health","20.0","2.6"
"1263744","Career Crest Consultancy","",""
"5376348","Ekhande Agro Fertilizers","2.0","5.0"
"6544210","Sameera Lands And Constructions","6.0","4.1"
"1497822","Gyan Dairy","443.0","4.0"
"124710339","Vymberg Business Services Pvt Ltd.","",""
"124540548","Tufcret Infraventures","",""
"124147218","Gupta Consultant Alwar","",""
"123788973","Nona Hr Services","",""
"123912277","COMPUTER Ed","6.0","3.9"
"1085934","Green Globe Consultancy","",""
"125137337","Blackdice","",""
"125085739","Automiq","",""
"125137333","SR Infotech","21.0","3.7"
"125137239","B2B Cognition","",""
"125137231","Belmore Living","",""
"124130914","Envision Exim","",""
"5346908","Eyes On Jobs","",""
"1287666","Vishakha Polyfab","49.0","4.4"
"124870907","ONE  One Marketing Services","",""
"551943","Marvel Placements","",""
"125131241","Namasthe Consumers","",""
"2661742","Eshan Minerals","17.0","1.7"
"124549208","Sandeep Dwellers","16.0","2.7"
"124987585","Pccs Logistics","21.0","3.6"
"125137071","Met Traders Limited","",""
"125100381","Rapt International","",""
"2183270","Ankit Pulps & Board Pvt Ltd.","96.0","4.1"
"123617987","RM Corporates Solutions","",""
"125052205","Kwikmedi","",""
"125137077","Teamp Engineering Solutions","6.0","4.5"
"5888058","High Heads","7.0","2.6"
"1617766","Yashoda  Hospital And Research Centre","835.0","3.8"
"125136993","Affinity Associates Limited ","10.0","1.9"
"19944","Corporate Resource Consultants","",""
"1321328","B Placed Consulting","",""
"6027286","Synergy Innovation","",""
"264869","Tara Minerals Chemicals","2.0","2.1"
"125136995","Zenbyqualcode","",""
"458349","Acumen Training And Hr Solutions","",""
"6607306","NMS Consultants","",""
"5711836","Harshi  Enterprises","",""
"7116473","Iram Hr Consultancy Services","",""
"125102275","Thresiamma Antony","",""
"125094743","Tasun","",""
"3765882","Agrima Services","",""
"123749659","GS Consultants","",""
"123686107","Resource guru","2.0","3.1"
"7044027","Freelancer","",""
"124565092","Paulbert Talenting Faridabad","",""
"125001617","Bonphul Air Products","2.0","2.3"
"125101789","Gameon","",""
"4205962","Solution Box","",""
"125136749","Exaflair Technologies","",""
"125118259","Vardaan Electronics Industries","",""
"6300900","Agile Integrated Business Solutions","",""
"1956","NetCreativeMind","61.0","3.2"
"125136923","Vedi Realtors","",""
"4429072","Narmisa Lifestyle","48.0","2.9"
"123924399","Shiv Computer Solutions","",""
"124220976","Apexagro Fertilizers","",""
"6646767","Kuickfit Engineered Nutrition Llp","",""
"6894189","Oswal Printers And Publishers","6.0","4.7"
"124452502","Kaenat Glass India","2.0","3.2"
"4379626","KNS Vinayak Auto","2.0","3.4"
"5872114","Gulshan Homz","124.0","4.1"
"1042354","Airox Technologies","49.0","4.4"
"6179018","Sigmait Software Designers","50.0","3.8"
"3209066","Ebizfiling","38.0","3.4"
"125060275","Avinyaa Edtech","2.0","1.4"
"58359","Progressive Infovision (PIPL)","",""
"125090549","Umang Boards Limited","3.0","2.5"
"591255","Spring Consulting (a Division Of Aspiration)","",""
"124310866","SKB Aarogyam Multispecialty Healthcare","",""
"123894341","Invisor Global","",""
"7149969","Proficient Amritsar","",""
"7151207","Hana AI Softwares","7.0","4.8"
"124121804","Padam Banquet Lawns","",""
"124317664","Eureka Builders","3.0","2.8"
"1788656","The Hrfly","",""
"125136669","AltairEV","",""
"125136621","Islie","",""
"125120309","Concept Hyundai","17.0","2.4"
"6592612","Mithila Makhana","",""
"125136709","Jeevan Rekha  Critical Care & Trauma Hospital","9.0","3.7"
"124517778","SON Of Swad","",""
"125136311","Arowana Corporations","",""
"700091","Chogori India Retail","23.0","3.5"
"124549236","Cognitensor","18.0","3.7"
"125136683","SGH Management India","",""
"124840125","Isieindia","18.0","3.2"
"2765698","BuildNext","48.0","4.1"
"124701668","PMR Consulting Services","",""
"123882245","Earthlink Technologies","3.0","3.3"
"124848905","EHS Guru Sustainable Solutions","5.0","3.0"
"124203890","Semolina Kitchens","25.0","3.2"
"125031473","Ishvedglobe Agro Tech Llp","",""
"125132639","Formonic Elevator Company","",""
"125136505","Unifiedreach","",""
"5583118","Guru Amardass INTERNATIONAL (GAD)","97.0","3.8"
"372937","Ideal Hospitality","5.0","1.9"
"3781692","Vega6 Webware Technologies","21.0","3.5"
"125136615","Techmindshub","",""
"125136641","ADS Management Solution","",""
"124975805","National Timber","2.0","5.0"
"125136625","Planet Cosmo","3.0","4.6"
"125136539","Yusuf Bhai Perfumes","",""
"124036430","Protalk Solutions","7.0","2.9"
"123891625","Maple Hill Outsourcing Services","4.0","1.7"
"125132029","Kankaria Properties","7.0","3.4"
"4291610","Group Futurista","49.0","3.2"
"124733555","Manufacto India","",""
"124988231","Shiva Products","3.0","2.5"
"124135274","Stree Lifestyle","",""
"124719817","Mishrilal Associates","14.0","4.9"
"123848155","Jylek Enterprises Llp","7.0","2.8"
"123951489","Akzac Global","",""
"124661812","Flight Crust","",""
"123660641","Decond Architecture And Iinterior Design","",""
"124380024","Supportsoft Technologies","7.0","5.0"
"136001","Keeline Appliances","42.0","3.5"
"123996852","Hcxp Consulting","",""
"709039","Quality Austria Central Asia (QACA)","591.0","3.4"
"744227","Kanex Fire Solutions","6.0","3.5"
"125136473","Avadh Carrying Corporation","",""
"6496996","HOB Cosmetics","",""
"5860714","Amandeep Hospital","85.0","3.7"
"124370420","Saif Automations Services Llp","3.0","3.5"
"123980657","Indo Internet","",""
"125102501","Shree Consultancy Services","",""
"124176120","Vasl Infra Consultant Llp","",""
"124609360","Taxzilla Accounts Solutions","36.0","4.8"
"125136009","Hare Krishna Art","",""
"125136425","isha team services pvt ltd","",""
"124864215","Policydream","",""
"125069735","Furlec Solar Power","",""
"5639290","Quba Kitchens","10.0","3.1"
"124872181","Goluxea Internet Services","",""
"124338538","Growing Stars Consulting","",""
"59174","Apex Career Consultants","",""
"124796007","JJW Exim","",""
"125066545","Innovix Facility Management","",""
"125123847","Grainx Agritech","",""
"124963333","Glan Management Consultancy","",""
"6563196","Panache Softech","5.0","4.0"
"1136788","Corporate Destination","",""
"2919828","Landmark Worldwide Breakthrough Technologies","",""
"123743815","Silver Arrow Technologies","8.0","4.4"
"5017954","Wesben Technologies","",""
"124128606","Solutions Inc","29.0","3.9"
"124726933","Prhub Integrated Marketing Communication","",""
"124709015","Nkhr Services","",""
"2740038","Oxygen Healthcare Research","30.0","4.0"
"6732297","Kash Info Solution","",""
"18141","TCY Learning Solutions","66.0","3.5"
"125119009","Agranik Food","",""
"1272744","Skyram","14.0","3.3"
"125136133","Bright Coaching Center","",""
"123737727","Baroda Hi-Tech","6.0","5.0"
"4158874","3R Polymers","7.0","3.2"
"124243768","Telelec Heating Equipment","4.0","2.1"
"689119","Surya Telecom","11.0","4.7"
"2535050","Sharp Sight","141.0","4.0"
"3273282","Rao Overseas","13.0","3.2"
"124236336","Kartikay Pharmaceuticals","",""
"124095018","Oricon Metallurgicals","",""
"123760275","Blue Sapphire Infrastructure","10.0","2.8"
"1450482","KCM Appliances","106.0","3.5"
"123669207","AN Offer Hr Solutions","",""
"125106907","Mancap Healthcare","",""
"124914243","MSE Financial Services Limited","14.0","3.1"
"5047686","Deemsters Consultancy Services","",""
"125135821","13kbs","",""
"124946347","Arjun Telecom","2.0","4.0"
"124645288","Chord Technologies","",""
"1927224","VGN Homes","30.0","3.9"
"125135737","Prime Vision Enterprise Placement","",""
"125133757","Nissim India","",""
"124941491","Shark Matrix","",""
"124441476","Workex","",""
"124861857","Dustech Engineers","9.0","3.9"
"125135733","Bijay Fuel Services","",""
"124857505","Sharda Electrotech","2.0","4.5"
"124886827","Dusad Electricals","",""
"4603980","West Highlander Immigration Consultancy Services P  Rivate Limited","",""
"3033462","A K Recruitments","",""
"202696","Pashma","6.0","3.9"
"5234418","Hemant And Nandita","34.0","2.3"
"125135561","EDMIES","",""
"123781756","Arth Solutions","",""
"4309550","Iotomation Ecotech","12.0","4.0"
"124997153","ARX Carbon Consultant","",""
"640941","Suruchi Spices","50.0","3.3"
"125135399","iSolveLife with Redikall","",""
"4368332","Talent Monks","",""
"124707637","Vev Travels","",""
"125135297","Adventa Technology Inc.","",""
"124414032","ATA Analytiq","7.0","2.9"
"125011707","Suyash Subhashchandra Limaye","",""
"125135267","Adinath Tax Consultant","",""
"2859606","Shree Siddhivinayak Hospital","7.0","4.0"
"1277410","Stedman Pharmaceuticals","165.0","4.1"
"124025554","Greystar","80.0","3.6"
"2108624","Holyland Marketing","23.0","3.8"
"72210","Newell Brands","49.0","3.5"
"4355358","Elcen Machines","8.0","2.3"
"4891468","Caret It Solutions","2.0","1.3"
"125097179","Medigate","",""
"3697460","Vaidik Eduservices","220.0","3.1"
"912612","Chargeback Gurus","75.0","3.9"
"5680914","Androgynous Hr Consultant","",""
"125134581","Earthtech Innovations","",""
"2540362","Girikon Solutions","86.0","3.7"
"1177","Sukhvarsha Management Services","",""
"125133543","Sunshine Solutions","3.0","2.9"
"123860079","Prakruti Ayurvedic Health Resort","",""
"123920441","VGC Advisors","",""
"125133273","Socialstaff India","",""
"125127507","Rajeev Institute Of Technology","13.0","3.2"
"125130813","Octa4digital","",""
"124775141","The Leasing World","",""
"123661129","VXI Global Solutions Llc","248.0","3.5"
"125132175","Farmson Healthcare","",""
"125131825","VTRUSTMSBACKEND.H@GMAIL.COM","",""
"124106408","SKA Alliance","",""
"125122565","Pankhudi Edible","",""
"125130791","Jagdish Group","",""
"125130545","Morphora Spaces","",""
"125128787","Edenrecruiters","",""
"125120837","Shipag Recruitment Solutions","",""
"4544858","DJT Retailers Pvt Ltd","60.0","2.6"
"125126773","Genova Power Systems","",""
"125129559","Skybeat Consultancy Pvt. Ltd.","2.0","5.0"
"125129505","Stallion Overseas Consultants","",""
"124826231","Omne Jobgiants India","",""
"124498742","Swarg Goldtouch Limited","",""
"124603150","LK Prime Technical Pvt Ltd","",""
"124268488","RSNL AND ASSOCIATES","",""
"124000410","Cifar Healthcare","",""
"125127577","Agasoft","",""
"123842709","Sanova Consulting Faridabad","",""
"125126979","Assisttree India Private  Limited","6.0","4.9"
"124181726","Indus Alliance Foundations","",""
"3124686","The Coca Cola Company","1054.0","4.1"
"1643638","Colruyt It Consultancy India","182.0","3.8"
"124603202","Global Assure","20.0","1.6"
"123834065","Cubesimple","70.0","3.5"
"124523788","The Talent Searchers","",""
"1244734","Expert Solution Technologies","20.0","4.4"
"124889913","Gau Maart","",""
"123787627","Tech Tales Accelerantz","",""
"125085885","Jainak Management Consultancy","",""
"6109248","VAS Tribology Solutions","2.0","5.0"
"1047192","CADS Software India","94.0","3.9"
"16781","Shankar Packagings","165.0","2.5"
"124615582","Medical Equipment","10.0","3.1"
"1359712","Magneto","64.0","3.1"
"125127533","Nitin Mehta","",""
"167169","Guidehouse","821.0","3.7"
"123766949","Profound Human Resource Development Advisors","",""
"6801937","Atarashi Denka Bijon Power System India","12.0","3.8"
"125068767","Multifactor Llp","",""
"125126651","Varthagam International","",""
"125048273","Debrique Creative Labs","6.0","4.2"
"125127063","Dynemix India Engg. Pt. Ltd.","",""
"3693934","Deepak International","34.0","3.6"
"123908759","Australian Premium Solar India","14.0","4.2"
"125121147","La-earth Group Of Companies","",""
"554181","Saisystems Health","74.0","3.0"
"125126285","Virtual Pebbles","",""
"124151322","Biovantage Technology Solutions","15.0","2.8"
"125126487","Fortune Controls","",""
"124751719","Industrial Sales And Manufacturing","4.0","2.0"
"123791553","Renown Earth","4.0","1.3"
"125126483","The Emerald Resort","6.0","3.7"
"124311022","Kasikannu Catering World","",""
"125037849","Brickhill Landbase Llp","",""
"124526672","Mndo Classifyiq Llp","",""
"124502826","Unitech Systems","",""
"5198460","Laksh Source Business Solutions","15.0","2.8"
"2701134","ClaySys Technologies Pvt Ltd,","166.0","2.9"
"5015012","Khvatec India","63.0","3.8"
"125122957","Prospex Advisory","",""
"4757270","Whitelion","61.0","3.8"
"125121981","DNS Shipping","",""
"124121528","Snrg Electricals","28.0","3.9"
"5456986","Techwiser","",""
"3514910","PIONEER IMMIGRATION AND EDUCATION CONSULTANCY PVT","6.0","2.3"
"3220800","VS Hospitals","44.0","3.3"
"125102741","Bannda Superspeciality Hospital","",""
"3597216","BeadsnFashion.com","",""
"125082919","The Himalayan School","2.0","5.0"
"4912590","Prananya Appzone","7.0","2.3"
"2620380","MVR Cancer Centre and Research Institute (MVRCCRI)","30.0","4.4"
"5351348","3 Point Human Capital","",""
"1362352","The Oberoi Group","89.0","3.8"
"124628834","Birbal Bits (opc)","",""
"123639623","Innov Ultra Business Services","",""
"125004401","Future IT","",""
"123779482","Iottech Smart Products","5.0","2.5"
"5155712","ECOM","2.0","3.0"
"108427","Metriqe Solutions","487.0","4.0"
"103548","TTEC","1425.0","3.6"
"2552644","Gujarat Craft Industries","7.0","4.7"
"123771782","One Stack Solution","2.0","4.6"
"125070875","Leaplink Arv","",""
"1237506","Multivista Global","78.0","3.9"
"41826","The Recruiters","",""
"125115733","Brencis Group","",""
"125136713","Medmitra Ai","",""
"3016058","Lapiz Hr Solutions","",""
"124763843","Ultrasoft It Infrastructure  Services","",""
"125136319","Ninety Degree Stone","16.0","3.5"
"125136177","Square Yards","2820.0","3.7"
"125134997","Acculer Mediatechnology India","",""
"125136137","Urban Money","135.0","2.7"
"557709","Defense In Depth Solutions India","",""
"123503887","CMAC India  pvt ltd","16.0","4.7"
"3921250","Alekhya Homes","42.0","4.3"
"2795876","ISS Softtech","60.0","4.2"
"124898803","Taiko Chandernagar Chemicals","",""
"206067","Lib Cap Infotech","",""
"5949766","Zion Hr Services","",""
"123679651","Yespivot Tech","3.0","4.5"
"7066727","Accentrix Solutions","",""
"984000","Skillstaffing Consultancy Services","",""
"123942721","Indo Tech Staffing Solutions","",""
"1434052","Anagh Management Services","",""
"124945165","Insybit","",""
"1114024","Inncon","",""
"125091301","Sarwave Solution","",""
"5953890","Saletify","9.0","4.2"
"1071002","Zest Hr Services","",""
"125125861","Roshan Kailas Ghatage","",""
"1273640","Cogent HR Services","",""
"748863","Voice HR","",""
"1134604","Mekins Industries Private Limited","45.0","3.5"
"2336198","SFS Group","96.0","3.7"
"123739515","Raut Serums India","10.0","3.7"
"123839045","Vitalife Clinic","16.0","4.5"
"124374210","Success Vision Hr Consultancy","",""
"124656802","Mindprism Innovations","",""
"6412074","Hefshine Softwares","39.0","4.1"
"125020589","Ved Consulting","",""
"124468148","Maharashtra Housing Development Corporation","3.0","4.8"
"124199602","Equitane","3.0","1.8"
"729501","Intellect Bizware Services","155.0","3.9"
"1074680","Amvis Systems","",""
"125007685","Palvi Agrico","",""
"125124173","Shubhshree Engineers And Consultant","",""
"5052322","Akshaya Business It Solutions","",""
"321193","HR Remedy India","",""
"124878581","Bfsi Hr Solution","",""
"124601406","Babblebots","",""
"73106","Motherson Automotive Technologies and Engineering (MATE)","1748.0","3.8"
"1767670","Safepack Industries","32.0","3.7"
"125122863","Prani Consultants","",""
"123748855","Samarpak Management Solutions","",""
"125109743","Nesta Inteior","",""
"3272960","Solace Infotech","28.0","3.5"
"6722933","Astha Banerjee","",""
"5052186","Augustus HCS","122.0","3.7"
"124023358","Ramyoz","",""
"4218824","Transvivo Consultants Llp","",""
"5208068","Kirti Developers","7.0","1.7"
"125121801","Ality Paper Industries Ha Pu","",""
"209384","Ardex Endura","158.0","4.0"
"125119545","MB Products","",""
"4919376","RPS Consultant","",""
"728165","Mahalaxmi Electromech","36.0","3.4"
"3010404","Blue Ocean Consulting","",""
"123937057","Liberation Coaches","",""
"6484870","Success Catalyst Tech Services","",""
"126820","Shriniwas Placement Consultants","",""
"2504128","Advent Hr Solutions","",""
"124310482","NO Brain It Solutions","32.0","4.1"
"4424038","Auriga Hr Consultants","",""
"124199126","Formm Design","",""
"124914061","Jaivik Food And Research","6.0","2.9"
"6363016","Anika Technologies","",""
"125117099","Metamorphic Designs","",""
"97216","Papaya Constructions","3.0","3.5"
"3273596","Abhijeet Dies & Tools","26.0","4.0"
"124567812","Pyrack Solutions","",""
"249203","Pavit Ceramics (PCPL)","15.0","3.9"
"5259466","Maharashtra Institute of Technology (MIT)","2.0","5.0"
"124840379","Propbutlers","",""
"125108613","Shakun Marbles","",""
"643419","L.K Saddi Associates","",""
"125111931","Cambridge Montessori","11.0","3.3"
"566439","Mirus Solution","",""
"18904","Integrated Technology","10.0","3.9"
"3185264","Neon Laboratories","",""
"3039236","SUROJ BUILDCON PVT. LTD.","547.0","4.2"
"4333214","RS Infra Projects","569.0","3.9"
"1777650","Trantor","232.0","3.7"
"124827933","Slira Technologies And Services","",""
"17729","Trianz","590.0","3.2"
"736993","Bizopp Management Consultants","",""
"1916266","Acon Jobs","",""
"6821275","Ideal Jobs Staffing Solution","",""
"217534","Corporate Human Resource Solutions","",""
"124602114","M2 Consultant Service Provider Lucknow","",""
"123992376","Resource Algorithm","",""
"1994230","DGS Translogistics India","88.0","4.5"
"968684","A Level Placement And Management Solutions","",""
"4916348","Vuca Consulting","",""
"124658036","Krayr Solutions","2.0","4.2"
"813312","SVN SYSTECH INDIA","142.0","3.4"
"124774813","Fiupgrade","2708.0","3.8"
"6581076","SA India Consultancies","",""
"1079346","ARK Infotech Spectrum","",""
"125128181","Xmark Solutions (opc)","",""
"5645766","Packaging Machines & Snacks Machinery Industry","",""
"6704685","Meyvnsystems","10.0","3.1"
"123803087","Syriac Consultancy","3.0","1.0"
"2001942","Vehere Technologies","",""
"5613654","Cygen It Consulting And Software Solutions","",""
"124429924","Trustco Health","",""
"124824599","Edumate Global","",""
"5419798","Topd Alliance","",""
"79972","Digitide Solutions Limited","",""
"3284680","Afflatus Hr Services","",""
"3036732","Winfo Consulting","59.0","3.8"
"123662281","Altcognito Systems","",""
"5171012","Sb Hr Consultancy Kolkata","",""
"4912800","Renewbuy","709.0","3.4"
"34640","JK Tech","502.0","3.6"
"4699330","Nouveau Labs","10.0","4.0"
"125123759","SILVERLINE","29.0","3.8"
"116592","Akraya","",""
"2764304","Efficient Hro","",""
"124968437","Urbench India","",""
"1500854","Qdegrees Services","273.0","3.5"
"638301","Virginia Transformer","39.0","3.8"
"1816230","Export Promotion Council For Handicrafts","16.0","2.2"
"125118313","Simaxtech","",""
"124016774","TGH Software Solutions","",""
"7132436","SOLVEXIS CONSULTING PRIVATE LIMITED","",""
"124086148","Quadrant Technologies","170.0","3.9"
"124324726","KHS INNOVATION ENGINEERING LLP","20.0","2.4"
"124666202","Global Business Ser 4u","",""
"124379982","Neuralix Ai","",""
"125109785","Trifecta Projects","33.0","3.0"
"124392118","Techxr","28.0","3.8"
"2033966","Mongodb","97.0","3.8"
"3794086","Saas Labs","40.0","3.0"
"1229200","ATMECS Global","294.0","3.4"
"48811","Platlap Solutions","",""
"124000092","Experity Global Hr Solutionz Llp","",""
"5446570","Impress Apparel Machines","26.0","4.0"
"333845","Shreedhar Instruments","14.0","4.2"
"124628268","Ooi Solutions","",""
"3191822","Brio Interactive Technologies Ltd","31.0","3.7"
"6093926","Digile Technologies","36.0","4.0"
"1080416","Mgrm Net","",""
"986134","Mabbit Communications","",""
"124760861","Dewon Electric","2.0","3.0"
"124647294","Zepul","",""
"5419108","Infinityquest It Services","",""
"6297540","Flobiz A Unit Of Valorem Stack","21.0","3.0"
"332653","OM Careers","",""
"5501484","Ratna Global","87.0","3.7"
"7032339","Yexle","12.0","4.5"
"5991392","Databuzz","4.0","3.5"
"720083","Clair Engineers","51.0","3.7"
"3875164","Reputed Surgical Manufacturing Company","",""
"4564144","Aomdm","",""
"124043374","PRP Professional Edge Associates","5.0","3.7"
"124426518","Zetamicron Technologies","",""
"892946","Kevin Process Technologies","71.0","3.3"
"933438","CDW India It Solutions","",""
"2574720","Dkpl Networks","53.0","2.9"
"123512641","Stripe","40.0","3.0"
"627275","Aurigo Software Technologies","636.0","4.6"
"6262826","Kenford India Pvt.Ltd.","16.0","4.1"
"4449848","Softline Recruitment Solutions","",""
"124257708","LMV Financial Services","17.0","3.8"
"1390432","PGM Services","",""
"4068148","Espirit Technologies","8.0","4.2"
"125130459","Crossfire Safety Systems","",""
"57217","CAREERMARK6","",""
"124111892","Peoplex Ventures","",""
"2907848","Vedic Systems","37.0","4.0"
"124440418","Sandeep","",""
"124789317","Statmed Rcm Solutions","",""
"125074969","Nimrah Build Care Solutions","2.0","3.7"
"125123057","Sanjay Technical Services","10.0","4.6"
"125134867","Red Sea Support Services Pvt Ltd","6.0","4.6"
"4500042","Talent Hr And Learning","",""
"124608706","Quantumneuron Technologies","",""
"124155226","Tatva Hr Services","",""
"6340244","Stbl Projects","13.0","3.2"
"3028796","Shree Shyam Designs","29.0","3.4"
"124926915","Accuwise Globle Tech","",""
"1243734","GCI Exports","11.0","2.8"
"124318026","Docxster","3.0","5.0"
"124102674","Nasiwak","",""
"124571832","Eliyas","",""
"124886715","Mardamed Healthcare","",""
"123689869","OGI Technologies","8.0","3.9"
"125082359","Venkat Tech Global Solutions","",""
"124846027","Vida","3.0","2.1"
"124791793","Sakthi Ferro Alloys India","16.0","4.1"
"125132237","Prosperiti Homes","7.0","4.4"
"123614717","Hexive Technologies","3.0","3.9"
"249584","DVB Design Engineering","8.0","2.9"
"124131806","Masarrati It Studio Llp","",""
"125134121","S Cube Infra Solutions","",""
"6961279","Anubav Fabrics","",""
"4851204","Dapp Consultants","",""
"125133981","Leads & Feeds","5.0","5.0"
"124634910","Ramify Recruitment","",""
"125099561","Veritrier","",""
"124621438","Transnational Ai","",""
"124045134","Naara Motors","3.0","3.7"
"124280692","Tatva Software Services","",""
"125126101","Schog Technologies","",""
"125042985","Twofrogs","",""
"125133513","Ziva Embryology And Fertility Institute Llp","",""
"124522424","Khushboo","",""
"124838855","Nfaktor Solutions","3.0","5.0"
"124107878","Sundaresh  Co","",""
"3136364","Ryali Technologies","8.0","3.1"
"124246748","A2Z Staffing Solutions","",""
"3274382","Digital Performance Media","",""
"5390256","Tothr","",""
"123687485","Inbody India","10.0","3.5"
"124474650","Soundarya Educational Trust","5.0","4.2"
"741413","Hugh Partners Business Services","",""
"125131231","Impotperitus Business Solution","",""
"125129099","House Of  Raadhya","",""
"125133301","Galileo Global Education","",""
"125133263","Pavaman Aviation","",""
"123758723","99yellow","",""
"124824265","Truestar Air Systems Equipments","",""
"124134300","Productnova","",""
"125125677","Scapia","4.0","4.3"
"124468154","Nixa Branding Solutions","",""
"4429126","Growth Gamut","",""
"125133137","Politent Media","",""
"125133131","Pumpkin In","",""
"1063204","Bren","94.0","3.9"
"3523358","Tetherfi Technologies","24.0","3.5"
"4936850","KR Elixir","53.0","3.6"
"684001","Concorde Group","95.0","3.9"
"5696458","Aceinotec Manufacturing","79.0","3.3"
"4801356","7kingscode","3.0","1.5"
"6119760","Janardan Farms And Resorts Llp","57.0","3.6"
"125132919","Big Design Interiors","",""
"123808293","Worknext","",""
"124734481","Qwiktechy Llc","",""
"124939479","Drool Over Cheesecake","",""
"5396286","Parthiv Projects","",""
"125130941","PSN Technologies","",""
"124792315","Arcstreamtechnologoes","",""
"158556","Ole Solutions","",""
"431333","Proconvis Consultants Pvt.Ltd.","13.0","4.0"
"123552659","Hiregenie","",""
"124292856","CTG Eyil","5.0","3.3"
"1346022","Mr. Employer","",""
"124598358","Funic Tech","",""
"3963474","Manju Enterprises","4.0","2.6"
"124517472","Zachariah Consultants","6.0","2.8"
"125132053","amarjit@vananamfoods.com","",""
"123464041","Acadinnet Scientific","4.0","4.2"
"125132373","Unravel Experiences","",""
"124201296","SLV BUILDTECH PVT LTD","",""
"123560231","Sheetal Cool Products","34.0","3.0"
"124372292","Trendz Fashion Exports","",""
"125132085","Infant Properties And Investments","",""
"125132061","Gigi","",""
"125129809","Jobvio","",""
"123546737","Insight Print Communications","19.0","4.6"
"123927907","Aether Techno Solutions","2.0","4.9"
"123686995","Kriya Tech","",""
"125103051","Agile Productions","",""
"125087249","Rayden Technologies Llp","",""
"3658594","RS Valve & Products","",""
"5791664","job Booster","",""
"124875701","hr@vrich.in","",""
"125131833","Casa Melhor","",""
"124715637","Play Arena Sports And Adventure Private","7.0","4.3"
"125104505","Noarch Innovation","",""
"24650","SMS Consultants","",""
"123634963","Swizzle","",""
"125131603","Superior Digital Private Limited","3.0","1.0"
"1793288","Sanghvi Beauty & Salon","",""
"124161264","Transwind Technologies","7.0","4.2"
"5611326","Nisarga Information Technology Solutions Pvt.Ltd.","5.0","4.9"
"124998363","Procenter Consulting","",""
"124960589","Keerthi Bizplus4u It Services","14.0","4.3"
"3284318","Ashok Agencies","42.0","4.1"
"124346726","PR Ventures","",""
"124728389","Adiz Digitech","",""
"1379978","Burrito Restaurants","13.0","2.7"
"5589872","Successr Hr Tech","",""
"124800923","Shreshta Habitants Llp","",""
"125061317","Tyresnmore Online","16.0","3.0"
"123903881","Native Roots","",""
"124469032","Seven Manpower Consultancy","",""
"125131365","A Pak & Associates","",""
"5599976","Zenith Services","",""
"6713269","Syansoft","19.0","3.7"
"170141","Lord Varun Corporate Services","",""
"2144544","Tirumala Aerated Blocks","3.0","5.0"
"125131135","Arohati Ingred Llp","",""
"7090313","New York Global Consultants","24.0","3.3"
"124968857","Treasure Trove Lifestyle Llp","",""
"125090619","Ideaaz Automation","",""
"125045147","Astragen","114.0","3.6"
"123776384","Capitalist Yard","6.0","4.5"
"124626988","Kavita Designs","",""
"124984503","Greentek","12.0","4.4"
"839009","Varthur Foundation Trust","",""
"125106869","Arka Dental Care","",""
"201346","Ascent Human Solution","",""
"970046","Subhadra Jobs","",""
"5367766","NMZ Edu Talent","",""
"5600526","Centroid","5.0","3.8"
"124004918","Alter Domus","73.0","3.1"
"55400","Kumar Organic Products","180.0","3.6"
"2915602","Sanskar Innovative School","",""
"6780371","Dash Consultancy Services Sas","",""
"125130631","Assetpri Construction And Infra Developers- Hydera Ba","",""
"1125868","Lumbini Elite Solutions & Services","49.0","3.6"
"124998871","Biligiri Hotels","2.0","5.0"
"125126061","Jimiki","",""
"124939855","Hdcp Advisory","",""
"124763891","EKG Consultancy","",""
"124560216","Vectrous.Al","",""
"125130103","ADF Collection","",""
"124384816","Impactrix Ad Agency","",""
"125094213","Dhan Consultant Services","",""
"125089307","Tranzium Semi Private Ltd","",""
"6395702","Incorp Advisory Services","48.0","3.9"
"4169316","Headspace Hr","",""
"3712062","AS Medical Coding Tech","",""
"5621066","JMD Consultant Jaipur","",""
"125123833","Bharatinnovative Technocrafts","",""
"123674337","Quenelle 36 Food Works","2.0","5.0"
"125129757","Spoonability Llp","",""
"124846717","MH Talent Craft Solutions","",""
"124979629","Fabconnect","",""
"124648480","Trielectra Llp","",""
"124206380","Hubtric Manufacturing","",""
"124188664","Acknowledger First","",""
"124337794","It World","39.0","3.7"
"124827893","Ivenuscloudtech","",""
"124520040","Growbit Business Services  Private Limited","5.0","3.5"
"124048946","Enthrive Techworld Solutions","",""
"124476530","MPF Clothing","",""
"125129457","Skyhit Media","",""
"123955403","Gruner Renewable Energy","2.0","4.2"
"5779328","Stony Carter","",""
"3076242","Toughglass India P Ltd","",""
"1134778","Health Care At Home India","360.0","3.7"
"2819272","Walking Cubicle","",""
"125129157","Navigate Services","",""
"6248852","K Tree Computer Solutions India","16.0","2.1"
"970980","Anushree Tube Products","",""
"125119745","Love Loom Llp","",""
"125129049","Hiindsight Technology","",""
"1081892","Tile Italia Mosaics","7.0","2.0"
"124744585","Atlas Hr Services","",""
"124043100","3A Services","",""
"124701186","Maruti Suzuki ARENA (Kalyani Motors, Bengaluru, Mysore Road)","123.0","3.9"
"124747859","Bcdc Cloud Centres","",""
"125128651","Ecaps Computers","24.0","4.4"
"125081173","Keystone Realty Services (i)pvt ltd","3.0","4.7"
"125128631","Xewlare Pte Ltd","",""
"125073339","Virata Interiors Exteriors","",""
"5439132","Tavara Mines and Minerals","13.0","4.2"
"245461","MNR Educational Trust","63.0","2.5"
"125096573","IT Heroes Vision","",""
"6690633","Digiquad Solutions","",""
"4973814","Ganesh Food Products","10.0","2.6"
"124448272","Sikara Clinics","",""
"125128531","Arbeit Sphere Nexus","",""
"125128391","Lumina Designs","",""
"123924403","Villagebook Technologies","",""
"125128333","Biopol Biosciences","",""
"3343534","Circle It Solutions","",""
"4186186","Energytech Global","63.0","3.7"
"1603364","Micro Academy","",""
"336243","Innovations Head Hunting Service","",""
"4588296","Lykora Consulting","6.0","4.1"
"125127727","Birju Sharma","",""
"4537984","Lendex Technology","",""
"2768616","Leon Job Solutions","",""
"123556125","Synapse Medical Solutions","",""
"2567130","Venus Associates","",""
"125127949","Genesis Tech Labs","",""
"125090129","The Karighars","14.0","4.8"
"3714094","Pellets Pharma","72.0","3.3"
"3054310","Staffspectrum","",""
"6660093","Rama Corporate & It Solutions","10.0","3.0"
"4451254","CFO Angle Advisory Services","7.0","4.0"
"123788263","Skillcase","5.0","4.1"
"748069","PMR Management & Consulting","",""
"1771370","CorporateServe Solutions Pvt Ltd","69.0","3.8"
"125017279","Praveen Kumar Sandi","",""
"981216","Reach Management Solutions","",""
"124686170","Phigrid Consulting","",""
"124776653","R N Shetty Institute of Technology (RNSIT)","19.0","3.5"
"1592436","Vinclo Systems","",""
"124029762","NUSYN","10.0","3.8"
"124472472","Peak Recruitbuzz Gujarat","",""
"1083524","Enthusionz Digital","",""
"125119693","Shanghai Liangxin Electricals (nader)","",""
"123903331","AdroitHR Management Services","",""
"6587582","Recruiter360degree","",""
"5669940","Techspiration India","",""
"3709978","Sumax Engineering","28.0","3.8"
"123883259","Aimnxt Technologies","5.0","3.6"
"125127259","Wehere Ventures","",""
"125127197","Prime Assetsource","",""
"5290766","V Software Consulting","21.0","4.7"
"4328410","Horizon Consultants","",""
"125014695","Padmavathi Marketing","",""
"125123047","Achal Developers","",""
"125127067","Business Tabloid Publications Llp","",""
"123473957","Labonel Fine Baking (india)","5.0","3.6"
"125123581","Chipmonk Technologies","4.0","4.9"
"124999061","Giggs Software Labs","",""
"124387082","V Sparkel Welness Center","12.0","5.0"
"123619109","Silveric","",""
"899342","BNA Technology Consulting","11.0","4.1"
"5993662","Infospeed Services","",""
"124408614","Raja Housing","25.0","3.4"
"124775031","Spotmies Llp","2.0","5.0"
"4683522","Luminite Services","",""
"123644639","Idea Centre Architects","",""
"2724416","Sunvik Steels","32.0","4.1"
"6185780","Annire","",""
"125126593","Basera Old Age","",""
"1731322","Xeam Ventures","",""
"5918822","Advantal Technologies","52.0","3.1"
"125070153","Msme Technology Centre Bengaluru","42.0","3.6"
"125042423","Provito Technologies","",""
"124998103","Vinadith Corporation Pvt.ltd.","",""
"125121483","Roll Chin","",""
"125126121","Connectivity Technologies","",""
"125059613","Fuji Maxivator Elevator  Escalator","",""
"123867695","Suha Hr Consultancy","",""
"124172842","Aptimized","3.0","3.9"
"124337762","Citizen Umbrella Manufacturers","9.0","4.7"
"125124959","Trassir Sentinel Pvt ltd","10.0","4.4"
"124586420","ICFAI Business School (IBS)","244.0","3.4"
"125125005","Field Genie","",""
"203105","Manhunt Consultants","",""
"123596789","Moshi Moshi","72.0","2.9"
"5165962","Eagleview","153.0","3.4"
"5448070","PRIME MINDS CONSULTING PRIVATE LIMITED","",""
"125091273","Spinsci Health-tech India","39.0","4.4"
"124151996","Eway Innovations And Automations","",""
"5921824","Fanisko","7.0","4.9"
"2525530","ZL Technologies, Inc.","26.0","2.5"
"6165572","Yext","61.0","4.0"
"4372354","Nexthink","12.0","4.0"
"1895902","Arista Networks","92.0","3.9"
"124748429","Confiz","2.0","4.0"
"123922977","Alaan","3.0","4.5"
"3124964","Mirantis Inc.","",""
"125119141","Kaira Technologies","",""
"2032786","Cranes Varsity","37.0","3.4"
"5388102","Aditya Auto","95.0","3.5"
"124099890","Selegic","10.0","3.0"
"1896514","Qvantel Software Solutions","78.0","3.8"
"124650460","TerraPay","105.0","3.5"
"124763133","Stack Digital","",""
"124774271","Wings Brand Activations","81.0","4.1"
"124012760","Insure Pro 20","44.0","4.1"
"3114720","Wind River","16.0","3.3"
"3681802","Sterling Talent","",""
"4935942","Edwisely","21.0","4.3"
"123751439","Eproductivity Software","35.0","3.8"
"124807805","First Advantage","732.0","3.5"
"124767423","Imedic Medical Solutions","",""
"124482506","Josys","6.0","2.2"
"124295356","Reveal","6.0","3.5"
"2255644","CME Group","88.0","4.0"
"124387240","Zion Cloud Solutions","4.0","3.8"
"3706512","Karachi Bakery","88.0","3.3"
"793064","Fico","236.0","3.7"
"124293324","Prographer","38.0","4.2"
"123487493","Chryselys","32.0","3.5"
"3400806","Codebrahma Technologies","",""
"5025488","Sant Atulanand Convent School","11.0","3.1"
"3650462","Webomindapps","9.0","4.4"
"3582562","GLOINNT ","19.0","2.7"
"3591500","Ppfas Asset Management","26.0","3.6"
"4555220","Digicert","20.0","4.3"
"1673864","Analog Devices","104.0","4.0"
"125122007","HigherEd BPO","6.0","4.3"
"125119303","Chitrika","",""
"124585696","Publicis Sapient","3590.0","3.4"
"5302384","TechnoIdentity","42.0","4.3"
"4281668","Adcanopus Digital Media","38.0","2.7"
"5618988","Biofourmis","64.0","3.3"
"124802353","Konovo","",""
"5460720","Welldoc","65.0","3.8"
"123738697","Satsure Analytics","12.0","2.8"
"124681326","Bookee","3.0","1.5"
"3875650","Pon Pure","377.0","3.5"
"4699426","Consilio","192.0","3.7"
"124688738","Constantinople","",""
"5013318","The Modern Data Company","16.0","3.9"
"1959140","Datavail","151.0","3.3"
"4486130","Acess Meditech","32.0","3.1"
"5457022","Planful","2.0","4.0"
"3125278","Kerry Group","17.0","3.4"
"1962610","Vnr Seeds","187.0","3.9"
"7109549","Wiz Inc","73.0","2.9"
"4959236","Ethos Life Technologies","102.0","3.0"
"2522080","LoginRadius Inc.","26.0","4.1"
"7122300","Sprinto Hq","12.0","3.6"
"2034212","Levi Strauss","530.0","4.3"
"123515863","Atribs Metscon Group","8.0","4.4"
"124583984","Mana Pharma","8.0","3.0"
"123747317","Zaga Urban","",""
"4200516","All India Football Federation","5.0","2.3"
"125124873","Orbis Technologies","",""
"125096033","upsource by solutions","",""
"4394956","Thryve Digital","774.0","3.8"
"5531228","Empower Resources","",""
"124967007","unis-transportation-llc","",""
"124020448","Grownext Consultancy Services","",""
"5674404","Peepal Hr Associates (opc)","",""
"4376690","Griffith Foods","",""
"6007150","Marktine","",""
"4961516","Europ Assistance India","124.0","3.8"
"531333","Ray Business Technologies","109.0","3.6"
"124045486","Insight Global","15.0","3.8"
"5742002","Punarjan Ayurveda","22.0","3.4"
"123711221","Shiv Sagar Foods & Resorts","",""
"4183752","Premier People Logistics Solution","40.0","3.2"
"5100","SmartStream","194.0","3.4"
"2194026","Techouts","",""
"124833147","Candeur Constructions Pvt Ltd","52.0","3.8"
"4479786","Mahavir Hospital and Research Centre","23.0","4.5"
"125104815","Advik Enterprise","",""
"123658677","Prashutap Business Consulting","",""
"123737645","Ayu Devices","6.0","3.9"
"1279012","CAI","55.0","3.6"
"5630308","Mahavir Auto Diagnostics","64.0","3.6"
"125121689","Aria International","",""
"2089630","Itech Consult Recruitment","2.0","5.0"
"124377358","Clicktech Retail Private Limited.","20.0","3.7"
"4365738","Save Solutions","117.0","4.2"
"124790249","Clares Software Services","",""
"334515","Cadmaxx","165.0","3.5"
"4491348","TC Professional Services","9.0","2.8"
"4421256","Celegence Systems","36.0","3.6"
"502203","Sppl Property Management","3.0","2.6"
"1349628","3F Oil Palm","90.0","3.6"
"125125129","Epic Mojo","",""
"2078882","Empower","515.0","4.0"
"4052870","Taco Bell","173.0","3.7"
"125124733","Exserviceman Logestics","",""
"123911875","Dataart Technologies","11.0","5.0"
"5851278","Eurofins Amar Immunodiagnostics","82.0","3.1"
"124073476","Openbox Solutions","",""
"125116277","Electronic City Best Interiors","",""
"123505415","ATZ Properties","37.0","3.2"
"1336792","Cadeploy Engineering","150.0","2.9"
"7065513","Vandey Consultancy Services","",""
"5524768","Hudson Data","6.0","3.7"
"2994638","Northern Arc Capital","161.0","3.6"
"124293006","Equinix Consultancy Services","",""
"124544744","K K Bhansali  Co","",""
"2295228","E-Ring","11.0","3.0"
"7111755","Clario","69.0","4.0"
"2775602","Youngsoft Inc","35.0","4.2"
"124930225","Crown Dental Care","",""
"33877","Lapp India","143.0","4.2"
"1567620","Fingent","246.0","4.0"
"4200880","Auro Infra","327.0","4.3"
"7075605","Job Boosts","",""
"25602","TARANTULA.NET","24.0","4.2"
"1096220","4sight","5.0","1.4"
"5519054","Echargebays Emobility","41.0","4.2"
"250909","Realpage","586.0","3.6"
"934614","Fowler Westrup","85.0","4.0"
"123627451","Ethereal Covenant","",""
"5158780","Aapc","58.0","3.8"
"6231210","Ashoka Builders","70.0","3.9"
"2181222","Skillmine","",""
"4712534","Nikad India Business Solutions","",""
"7125006","Hrxchange","",""
"7065635","Alphastream Technologies","58.0","3.1"
"1277474","Useready","99.0","3.4"
"125124643","ELA Green Buildings And Infrastructure Consultants Private Limited","",""
"124229316","Mresult Technologies","4.0","3.5"
"476323","Nendrasys","31.0","4.0"
"124112554","PRO Recruit Technologies","",""
"3296384","Karanji Infotech","31.0","4.0"
"125119423","Palette Interiors","",""
"844881","Tams Infotech","12.0","1.3"
"4920360","Nextstep Solutions","3.0","4.9"
"1233830","Verint Systems","138.0","3.9"
"1268556","Teamsuccesso Software","",""
"2921692","Analytical Investments","5.0","2.4"
"842441","TBS INDIA TELEMATIC AND BIOMEDICAL SERVICES","92.0","4.0"
"5310084","Voya India","437.0","3.7"
"123603163","Petrus Technologies","26.0","3.7"
"124777769","Call Solutions Technology","4.0","4.9"
"5159306","I Cap Financial Services","17.0","3.9"
"4540882","Rohde & Schwarz","65.0","3.7"
"124315","Ralco Synergy","23.0","3.5"
"6818697","Compliancequest","32.0","4.4"
"125124261","Suyog Infra Solutions","",""
"1224186","Taylor & Francis","31.0","3.2"
"124654594","Opptra","",""
"4988142","Rehan Akhter Italian Granite & Marbles","",""
"124029356","GKM It","61.0","4.8"
"4360060","Albatroz Solutions","3.0","5.0"
"123742743","Ampleton Power Sollution","",""
"4608322","Shaft Software Solutions","",""
"123617759","Scientific Mes Technik","22.0","3.5"
"125090955","Eniac Systems","",""
"6515098","Lets Set Destinations","",""
"275401","Prestige Group","508.0","4.3"
"3113102","Trikona Pharmaceuticals","33.0","4.3"
"918508","Cico Technologies","92.0","4.1"
"123831165","STG Labs","40.0","3.9"
"4053718","RAKUTENINDIAENTERPRISEPVTLTD","476.0","3.5"
"123997502","Madhura Engineering Services Privated Limited ","11.0","4.6"
"124333540","Kforce Systems","",""
"124045228","Saanso Pharma Pvt. Ltd","26.0","3.8"
"398315","Velocis","864.0","3.8"
"5648786","Spot Your Leaders","",""
"124214036","Itester","",""
"1034576","Switchgears & Structurals India","8.0","4.6"
"125059795","C&B Designs","",""
"124016146","Bss Microfinance","292.0","3.6"
"125121539","Skaly","4.0","1.2"
"124482226","Jetup Innovation Consulting Llp","",""
"123513995","Techotlist","",""
"3036008","Jobility","13.0","4.7"
"4690804","Indian Institute for Human Settlements (IIHS)","37.0","4.5"
"955462","Achala IT Solutions","68.0","3.3"
"3352202","Vivenns Global Priavate Limited","",""
"5395372","Healthcubed","10.0","4.5"
"123722825","SLV Housing","11.0","3.8"
"4259464","Metalex Cryogenics","11.0","3.0"
"720039","Teklink Software","33.0","4.1"
"124750263","Wavity","18.0","4.0"
"123801389","Mobiloitte","343.0","3.3"
"124926783","Tradeweb","",""
"123585907","NMD","23.0","4.7"
"123909635","Hownwhy","",""
"123781602","SHRIRANG AUTOMATION CONTROLS","5.0","3.3"
"7115067","Spiralyze","",""
"124079868","Teamscart","4.0","3.4"
"123747311","CG Resettlement","",""
"123577251","Summentorpro","3.0","2.4"
"124038458","Club Concierge","10.0","2.3"
"3829844","Sreesha Enterprises","3.0","1.0"
"5522376","UWorld","40.0","3.5"
"123536935","CLO Virtual Fashion","2.0","3.0"
"4877030","1cloudhub","23.0","3.9"
"4355326","The Samhita Academy","3.0","3.7"
"125097373","Travash Software Solutions","8.0","3.6"
"4590316","Pragma Edge Software Services","37.0","3.4"
"2030082","Catchpoint","30.0","4.4"
"5616238","Support Revolution","5.0","2.2"
"123512541","Kanerika Software","145.0","4.4"
"1686028","Taal Tech India","265.0","3.9"
"3503014","Natural Capsules","22.0","3.6"
"123746341","Saahas Zero Waste","25.0","4.1"
"125116853","House Of Bhandari Hittco","",""
"1081702","Barracuda Networks","54.0","3.6"
"125116829","Newzen Green Energy India","",""
"3760118","Tech Vedika Software","35.0","3.4"
"5292712","Graebel","5.0","3.3"
"123717937","Foundation Ai","41.0","3.5"
"124595678","Turium Ai","",""
"124364712","Coupang","11.0","2.6"
"2902754","Netradyne","82.0","3.1"
"2518514","Appen","85.0","3.8"
"6048884","Celonis","11.0","3.8"
"5817824","Wsaudiology","26.0","3.1"
"124747957","Vance","5.0","2.5"
"123487721","JB Poindexter & Co","47.0","2.6"
"6797527","Referralboard","",""
"124471918","Cognisive Solutions","8.0","4.7"
"124468082","Alviz Electro","15.0","4.9"
"124650444","Regency Technologies","",""
"124650442","SAP Fioneer","17.0","3.4"
"5950300","Data Economy","63.0","3.7"
"124012736","Cimpress","400.0","3.9"
"1813186","Nagravision","121.0","3.6"
"5211778","Statistics & Data Corporation (SDC)","6.0","2.5"
"123505953","Symplr","49.0","3.7"
"124769465","Side","5.0","3.6"
"124546640","Aqilea","3.0","3.8"
"124335122","Barak Brazos Engineering Llp","51.0","3.8"
"123921883","NR Steel Services","",""
"5749424","Proficient Insight Consulting","",""
"125060439","Usharo Media Graphics","",""
"124151870","Macsof","9.0","2.6"
"2594766","Orangepeople","6.0","3.4"
"125056531","Conglomerateit Services","",""
"6315328","Elastic Technologies","9.0","4.0"
"125117259","Hotel Kandhasamy","",""
"730309","Sowparnika","167.0","3.7"
"6150044","Chryselys","32.0","3.5"
"4429040","Fusion Plus Solutions","",""
"24133","Vertafore","174.0","3.9"
"124687184","Aryagami Cloud Services","5.0","4.0"
"124128690","Ventra Health","142.0","3.0"
"6085530","Dental Avenue Ind","21.0","4.1"
"1116784","Skyfi Education Labs","12.0","2.6"
"1049746","Abacus Service","",""
"124973861","Talentzo","",""
"124268654","Tetrahed","",""
"3069754","PIERIAN ","443.0","3.5"
"124274208","Arishtha Safety Products India","6.0","3.7"
"5935658","Wrtr Ink Llp","",""
"2636822","Spotline Software Solutions","",""
"123508195","kipi.bi","275.0","4.0"
"5393262","Rolling Rock Software","24.0","3.0"
"123935057","Hivision Construction","",""
"124470712","Fingers Digital Services","",""
"4817344","Mvs Acmei Technologies","190.0","4.0"
"6563474","Shilpa Siri","2.0","5.0"
"125077063","Dhatvi Business Solutions","",""
"125122899","Sampangi Group Of Companies","6.0","4.5"
"158865","Nalsoft","53.0","2.6"
"125123037","Square Yards","2820.0","3.7"
"6187964","LSR Tudor Infra","16.0","4.1"
"123621141","Filtrec Bharat Manufacturing","13.0","4.7"
"7086973","Kloudportal Technology Solutions","21.0","4.8"
"124709331","Loyalty Methods","29.0","3.2"
"4091212","Legacy Group International","6.0","4.0"
"124135660","Praanaa Health Care","",""
"1007906","Brain4ce Education Solutions","267.0","3.1"
"124404666","Sheng Huei Technology India","",""
"5228220","Hagnos Marketing And Consulting","35.0","3.9"
"124992861","Healthy Honest Foods","2.0","1.2"
"6625182","Cognida","12.0","4.2"
"3007266","Invitron Advanced Analytics Pvt Ltd","79.0","4.2"
"1030826","Relevance Lab","95.0","3.6"
"5914680","Glow Aesthetic Llp","",""
"125057039","Fabgen Interiors","",""
"1057432","Highstreet It Solutions","19.0","3.5"
"2469778","Infiniminds","",""
"159231","Panasonic Life Solutions","2030.0","4.0"
"124844923","RBD Ventures","9.0","4.9"
"3625796","Ushodaya Enterprises","194.0","3.9"
"125120087","Hasiru Realty Llp","",""
"124344346","Fortunearrt Led Lighting","22.0","3.4"
"7095535","Recaero","98.0","3.8"
"124189166","STL Digital","2406.0","3.8"
"125107593","Srie Decors","",""
"3021002","Sorice Solutions","15.0","4.2"
"124630194","Jsmv Resource It","",""
"4862340","Attarwala Human Resource","",""
"1122578","Fusion Software Solutions","",""
"6098048","Parshva Consultancy Services","",""
"6095498","bourntec ","84.0","3.8"
"124883389","Asquareb Educational Solutions","",""
"4534736","Parna Hr Consultants","",""
"829494","Poornam Info Vision","81.0","2.8"
"125122475","Pearls Impex","",""
"123737261","IQEQ","55.0","3.3"
"125118575","Beluru Rangaswamy Harish","",""
"6196104","KMK Ventures","56.0","3.1"
"123889189","Elvago Technologies","",""
"123708599","Ossisto Technologies","131.0","3.8"
"4589546","Nexuscip Study Abroad Llp","",""
"4126284","AAR Consultancy","",""
"1136024","Numeric Technologies India","82.0","4.1"
"6884545","Organo Eco-habitats","30.0","3.4"
"124141074","AML Rightsource","441.0","2.9"
"3806836","Oliveboard Comptech","47.0","4.3"
"123709107","Kairos International School","8.0","3.1"
"397","Ethiraj Associates","",""
"4563632","Somani Technologies","13.0","3.3"
"4258244","Netradyne","82.0","3.1"
"124625318","Epdpl Coliving Operations","",""
"125036619","Dynamic Labz","",""
"497837","Mobily Infotech (MIT)","103.0","3.7"
"3024126","Agilisium","101.0","3.1"
"3251782","Fint Solutions","52.0","4.2"
"6306932","Xencia Technology Solutions","30.0","4.5"
"5975984","Crl Interior And Fit Out","4.0","3.8"
"124027968","Sawaria Pipes","24.0","3.3"
"6290168","Elixr Labs Technologies","22.0","4.3"
"5874130","Docthub Health Tech","13.0","3.7"
"123866265","Srisai  Co. Pty Ltd","",""
"125119633","Nashdom Innovations Llp","",""
"939602","CHL Softech","62.0","3.0"
"124476632","Techxlnc Ai","",""
"5379660","Vistex Asia Pacific","98.0","3.7"
"123808609","Oblytech","",""
"4440844","Rudhra Info Solutions","23.0","3.3"
"4294834","Yitro Business Consultants (p) Ltd","",""
"4579","Tokai Rika Minda","3003.0","3.9"
"125107557","Maan Graphics Pvt Ltd","",""
"124104126","Nanda Professional Services Private Limited","",""
"124216926","Papillon Design House","",""
"124575342","Serko","",""
"1424142","Datasoft Comnet","26.0","4.3"
"5286682","Mirabel Technologies","41.0","3.5"
"124324898","Hylenr Technologies","2.0","3.9"
"123596269","Apex It","13.0","3.6"
"124317474","Aidenai","15.0","3.2"
"3245822","Target","791.0","4.2"
"124883123","Soothsayer Analytics","2.0","2.9"
"123622751","Visionyle Solutions","24.0","4.0"
"123597159","Wisig Networks","10.0","4.0"
"124913887","Foundation Ai","41.0","3.5"
"124699342","Stable Money","7.0","3.4"
"124579960","Neudeep Technologies","4.0","4.9"
"124270496","Intellect Informatics","21.0","3.8"
"123911899","KS World Ventures","",""
"123596689","Intandemly","15.0","2.9"
"239929","Stats Systems India","171.0","3.5"
"124953293","Coface India Credit Management Services","67.0","3.4"
"125118331","Saap Enterprises India Llp","",""
"758813","GNH Solutions","",""
"124779415","Appsistem Tech","3.0","1.9"
"4115254","Rippling","102.0","2.5"
"124301160","Xogar Games","",""
"3500982","42gears Mobility Systems","120.0","4.3"
"124298376","Kognitos","",""
"1227538","EVRY India Pvt Ltd","1313.0","4.2"
"6953147","Index Exchange","4.0","5.0"
"4737082","Verizon Media Group","9.0","4.4"
"5416050","Glance","113.0","3.3"
"124121190","IRP Systems","3.0","3.2"
"5273180","Equisoft India","11.0","4.3"
"3235910","bd","566.0","4.0"
"1833014","Biological E","1807.0","4.2"
"6973795","Optiply","",""
"123702693","Archer Integrated Services","3.0","4.7"
"3864832","MSG Global Solutions","97.0","3.6"
"3311128","MSX International","62.0","3.7"
"4796122","Ball Corporation","83.0","3.0"
"5161456","Fabric","",""
"124375310","Feedback Business Consulting Services","39.0","4.3"
"125046517","Point72","",""
"4922186","Innovatia Technical Services Inc","66.0","4.1"
"123879341","Inspironlabs Software Systems","39.0","4.1"
"6452428","Drivetrain","2.0","1.6"
"124754797","tsworks","2.0","5.0"
"124708087","Quantum Leap","9.0","4.3"
"123917013","Mimecast","11.0","2.6"
"4466884","Aliment Software Technologies Pvt Ltd","3.0","1.8"
"123823121","RSA Architecture & Design","",""
"124878837","Riverbed Technology, Inc.","42.0","3.7"
"123917003","Ideagen","25.0","2.4"
"124135596","Perceptyne Robots","",""
"5601516","Stockx","11.0","3.1"
"5477136","Flobiz A Unit Of Valorem Stack","152.0","3.4"
"4128710","Signzy","144.0","2.9"
"2355898","ADM","",""
"124368610","Daniel J. Edelman Holdings, Inc.","63.0","3.8"
"3125706","Edelman","63.0","3.8"
"124677394","Chrysalisis Services","",""
"3884216","Atree","9.0","4.9"
"3125762","Unity Technologies","9.0","3.6"
"1617046","First American","1606.0","3.5"
"125082893","Horizon Champions Club (r)","",""
"125041507","Hindsol Software","7.0","4.9"
"124804829","Micelio Motors","3.0","4.8"
"125068865","Web Anatomy","",""
"3764120","Rego","6.0","3.8"
"124819875","Istos Medical","",""
"5211274","Control Products","",""
"5507094","Calix","123.0","4.2"
"123692725","Mariadb","2.0","3.4"
"5710204","MitKat","26.0","4.3"
"124398354","Lightfury Games","",""
"6082538","Kroll","195.0","3.5"
"4419730","Earnin","",""
"3125480","THE Scalers","32.0","3.7"
"6159754","Clinchoice","110.0","4.0"
"124025222","Ta3s","6.0","4.9"
"124664772","Inxite Out","16.0","4.3"
"125074093","Vanguard Business Group","",""
"3939602","H3 Technologies","6.0","3.4"
"3190326","Cowrks","55.0","3.6"
"124094100","PLM Indishtech","44.0","4.1"
"749735","Stratogent","103.0","3.3"
"6867307","Ambition Consultancy Services","2.0","5.0"
"124328660","Pravagas Career Solutions","",""
"594095","Herman Miller","130.0","4.3"
"2947770","EAI Systems","9.0","4.5"
"6701469","Fournxt","14.0","3.2"
"7067319","Telcosvcs","5.0","2.0"
"5600286","Sidgs Digisol","83.0","2.7"
"123998490","Orangesiri","",""
"7129204","Crowdstrike","95.0","4.0"
"124632078","Updraftplus","",""
"407389","Royal Cyber","170.0","3.3"
"124646344","withRemote","",""
"5859570","Thoucentric","131.0","3.8"
"123848659","Qift Solutech","",""
"124258768","Cresurge","4.0","4.6"
"125120853","Srikanth Associates","",""
"1403046","Roedl Partner","26.0","3.0"
"76577","Bonace Engineers","",""
"7097009","Savino Del Bene Freight Forwarders","51.0","1.7"
"2150420","Hirexa Solutions","",""
"123963309","Valuenect Solutions Llp","",""
"685795","NCL Industries","492.0","3.8"
"1096378","Xitadel","106.0","3.8"
"3974546","Safearth Clean Technologies","6.0","4.3"
"5225470","Dhira Software Labs","12.0","3.0"
"125120225","Reccon Jobs","",""
"124776817","Growwcap Fintech","",""
"123768043","Sacumen","23.0","3.2"
"123782356","BHADRA Group","4.0","5.0"
"3482494","Regal Vacations","8.0","3.5"
"2767506","Bioplus Life Sciences","104.0","3.5"
"5548550","Technosys Integrated Solutions","16.0","3.1"
"11839","Star Worldwide Group","18.0","3.1"
"125099541","Zenwave Solutions","",""
"646037","Hy - Gro Chemicals Pharmtek Pvt. Ltd.","184.0","3.7"
"4062402","Gopalan Enterprises","158.0","4.1"
"5231538","NxDT","",""
"3571282","Capital Small Finance Bank","336.0","3.6"
"9884","VIATRIS","3553.0","4.1"
"124239976","N-ix","",""
"6532450","Sai Silks Kalamandir","53.0","4.1"
"3455584","Miraki Tech","21.0","4.2"
"124568982","Shravanthi Constructions","",""
"2219878","Sunstream","13.0","4.8"
"124718079","Thangiv Private Limited","",""
"125117125","Easy Deal Properties Services Pvt Ltd","",""
"1390152","Accusaga Information Technologies Pvt. Ltd.","5.0","4.4"
"124103234","Workis Solution","",""
"5698286","Proarch It Solutions","67.0","3.6"
"1392252","Uniheights Interio","4.0","4.9"
"5991290","Aderant","3.0","3.4"
"2550124","Vassar Labs IT  Solutions (Product )","49.0","2.2"
"742123","USM Business Systems","94.0","3.5"
"123736813","Almond House","14.0","4.7"
"124661094","Sandhata Technologies Private Limited","52.0","3.9"
"123867785","Varsal-terra Technology","",""
"123951767","Beyond Refund","",""
"1879700","Quantiphi Analytics Solutions","897.0","3.1"
"5026816","Stamford Technology","",""
"124725827","Jaydu","14.0","4.0"
"123737029","Monarch Tractor","11.0","3.1"
"7496","Avantel","102.0","4.0"
"124230068","Vedya Labs","3.0","3.8"
"124093566","Cataler","36.0","3.5"
"6061922","Autodesk","262.0","4.0"
"125089363","Vilje Tech","",""
"124908023","Progressix Construction","",""
"602963","3SG Medical Placements","",""
"7028187","Quant Cloud","",""
"5354714","Cloudifyops","28.0","3.8"
"1250496","Uniphore Software Systems","100.0","3.2"
"123896597","Anjusmriti Educare Llp","",""
"123783135","Hiring Roots Llp","",""
"124329658","OTP Talenaqua","",""
"125018523","Talentforge Hr","",""
"6914643","BGK & Co","8.0","4.8"
"125078757","Sampangreality And Infrastructure","",""
"14617","BR Raysoft","",""
"124257576","Curateq Biologics","130.0","3.5"
"2787158","Bhima Gold Pvt Ltd","180.0","4.1"
"751559","Aarvee Engineering","3.0","2.7"
"5455786","ANSR","46.0","3.2"
"125119627","Kushal Agarwal","",""
"1512294","Andhra Paper","198.0","3.8"
"531293","K L University","342.0","3.7"
"1106904","Madox Technologies","43.0","4.4"
"124692612","Thoughtful Institute Of Innovative Solutions","",""
"124126156","IT Jobs Net","",""
"6025752","Staedean Solutions","3.0","4.0"
"6534070","Renewsys India","235.0","4.1"
"6651549","Cloudshine","",""
"3021454","Kryon Knowledge Works","28.0","4.4"
"6005938","CSC E-governance Services India Limited","651.0","3.8"
"868954","Hi-q Design & Detailing","23.0","2.8"
"123816255","Synclovis Systems Pvt Ltd","14.0","3.6"
"2564772","AigilxHealth","10.0","3.8"
"837565","Saroha Global Search","",""
"5947194","Finadvantage Consulting","112.0","4.1"
"125119179","Smart Learn Solutions","",""
"1408942","Systhink Technologies","4.0","2.9"
"3207058","Vydehi Institute of Medical Sciences and Research Centre","",""
"5400784","People Combine Business Initiatives","",""
"124271642","Highbrow Technology Inc","16.0","3.4"
"124297440","Chint India Energy","",""
"124304076","Nomiso","",""
"6784663","Switchgear And Control Technics","59.0","3.8"
"124310032","SP Tech Team Private Limited","",""
"124680234","Staffingly Outsourcing Services","",""
"124465830","YRK Constructions","",""
"124584808","Placementship In","",""
"4490882","Rukma Plastics","2.0","4.9"
"1594382","Agiliad","",""
"6024892","Kotson It Solutions","",""
"4983698","Denken","69.0","3.8"
"844531","Amiti Software Technologies","71.0","4.2"
"124296286","iCertifi Global Approvals","",""
"514373","SVC Co operative Bank","288.0","4.0"
"123865793","Kurtz Ersa","",""
"744999","Rajarajeshware Builddcon","20.0","3.5"
"7130956","Ibasis","34.0","2.8"
"123485027","Anuvega Technologies","9.0","4.1"
"3294566","Veripark","50.0","3.3"
"4078980","Solix Technologies","50.0","3.6"
"225230","Kongovi","12.0","4.4"
"4737870","Krypton India Solutions","18.0","3.9"
"5293984","Kunskapsskolan Eduventures","21.0","3.8"
"125109029","Simpliforge 3-d Creation","2.0","2.6"
"1428500","Zentech Info Solutions","20.0","2.9"
"4779216","Platform 3","44.0","4.1"
"743845","Karachi Bakery","88.0","3.3"
"124250528","Pravarsha Dairy","3.0","1.2"
"124267620","Nurturing Nexis Hr Consulting Llp","",""
"125105095","Leading Edge","5.0","2.5"
"125104857","Leaftouch Products","",""
"6626076","International Institute Of Business Studies","10.0","3.6"
"125095949","Covation Biomaterials","",""
"720956","Paradigm Integrated Facility Services","72.0","3.7"
"4248","Human Resources Consultants Delhi","",""
"124813227","Wise Payments","2.0","1.4"
"3118932","La Elan Spa & Salon","",""
"1858418","NVT Quality Lifestyle ","19.0","3.8"
"124298058","Brontoboost","",""
"1753260","Techwish Gts","7.0","3.5"
"124824615","Malik Group","",""
"123621339","Invest Advise","19.0","4.1"
"1016428","Codeforce 360","80.0","3.9"
"2857712","Opsis Consulting India","",""
"6865789","PR Talent Hunters","",""
"123828281","Mach Aero","5.0","3.7"
"6201084","Novastrid It Ventures","8.0","3.9"
"2157186","Healthplix Technologies","168.0","3.0"
"5780870","Standalone It Solutions","20.0","4.1"
"3040338","Criticalriver","135.0","3.3"
"123621283","Lead Training And Corporate Solutions","",""
"3727204","Vimal Fire Controls","71.0","2.9"
"4804684","Avin Systems","75.0","3.4"
"1358098","Acufore India","25.0","4.4"
"2431806","Genworks Health","203.0","3.2"
"6694687","Ankr Consulting","15.0","4.8"
"4984938","GTN Industries","130.0","4.0"
"6333954","I-qode Digital Solutions","",""
"123958025","GIG Education Trust","",""
"124182164","Nuvo Aeon Diamond And Jewellery Llp","10.0","2.0"
"1667996","Aeries Technology","373.0","3.2"
"3726336","Medicoplacements","",""
"2271188","Hetero Healthcare","570.0","3.7"
"615865","Medi Analytika","",""
"125085083","Mexora Wellness","",""
"1132282","AA Dukaan Financial Services (bankbazaa    R.com)","616.0","3.3"
"754162","The Young Designers","4.0","3.5"
"5250344","Lokal","129.0","3.6"
"3318360","Huron","300.0","3.7"
"125077083","Panache De Interiors","",""
"124456906","Nia Health","2.0","4.7"
"158202","CCS Computers","148.0","4.0"
"4294540","Susheela Group","2.0","4.9"
"124524886","Lumine Software Solutions","8.0","2.0"
"5065646","Preusse Powertrain Innovations","3.0","1.0"
"5303846","Peloton","23.0","4.0"
"3508454","Cdymax India Pharma","99.0","3.3"
"7032483","Bellissimo Ventures","",""
"124893877","Aakruthi Properties","",""
"2575736","Merlinhawk Aerospace","33.0","3.4"
"124560526","Constructal Coimbatore","",""
"3088802","Victory International","",""
"52887","20 Microns","119.0","4.1"
"2650500","Clearmedi Healthcare","59.0","4.3"
"124492120","Classic Tools","4.0","3.5"
"2136424","Reckon Hr Consulting","",""
"2671330","Incise Infotech","53.0","3.5"
"123670665","Rank Projects And Development","39.0","3.6"
"842969","Nirala Infratech","65.0","3.5"
"3852800","Jobs Thinker","",""
"1084200","Apex Consultants","",""
"124279436","The Partners","",""
"124404836","Dew Drops Laboratories","",""
"2571728","Josts Engineering","69.0","3.7"
"125127053","Rimt World School( A Unit Of The Gurukul Charitable Education Society)","2.0","2.8"
"117627","Venus Placement Services","",""
"1581612","Plasti Surge","25.0","3.8"
"125135229","Squarefeet","7.0","2.1"
"124956035","Uniskill Learning","",""
"123509835","Brainhunt Ventures","",""
"125135179","GRC Auto Carriers","",""
"125132211","Darc Advance Learning","",""
"4113804","Resaiki","",""
"124867143","Mycleaners Solutions","",""
"125135127","Oblong Asia","",""
"124711489","THE Hr Geeks","",""
"6698407","Galamo Environ Solutions","2.0","5.0"
"125133965","Atharva Construction","4.0","2.2"
"124394944","Goodlives Oil Mill","",""
"38411","Forstaffing - Executive Search Firm","",""
"125135055","Biosynk","",""
"125135003","Ashish Bhadoria","",""
"125005603","Sarans Hospitals","",""
"125132173","Marketing Genius","",""
"125134965","Chhaya Development Services","",""
"125134659","Dentwin India","",""
"125042395","Mora Impex","",""
"124865867","The Kaurs","",""
"526437","Deco De Trend","30.0","1.9"
"6393534","SHOMED REMEDIES LLP","121.0","4.0"
"125134931","Iiag Jyotish Sansthan","",""
"5843812","Imitr Hr Consulting Services","",""
"5786386","Achievant Services","",""
"125134895","House Of Finance","",""
"5005254","Staffice Global","",""
"3191404","Trion Consultancy Services","",""
"7024891","Dreamworld Solutions","5.0","4.9"
"18871","Profile Hr Consultants","",""
"124677968","Wahni It Solutions","",""
"125134263","Jaivik International","",""
"124056578","Maxaix","",""
"48943","Vision Unlimited","",""
"6628762","Insights Opinion","39.0","4.2"
"3950556","Bigwig Ship Management","",""
"1051206","People Resources","",""
"125134797","Fakhruddin Properties","",""
"124619522","Digicaptain Technologies","",""
"1636930","Sps Intrad","",""
"5170984","Firstchoice Advertising","6.0","4.3"
"5038638","Ugraya Foods","32.0","3.9"
"123607827","Sri Sai Overseas Recruitments","",""
"125018181","karthik@kapinstitute.com","",""
"6269220","MG Creative Noida","",""
"5673872","Wonderworks","27.0","4.5"
"124944423","Codemech Solutions","2.0","2.8"
"4694484","Sahyadhri Logistics","17.0","4.3"
"125028411","Rams Real Estates Limited","",""
"124553560","Scholarmove","",""
"124824191","SRP OIL PVT LTD","2.0","4.8"
"780330","Media Search Group","56.0","4.6"
"125134027","Iron Logic","2.0","5.0"
"1100994","Vade Mecum Consulting","",""
"6725549","Mildstone Plaster OPC PVT LTD","58.0","3.1"
"6226834","Greendot Health Foods","116.0","4.4"
"125132149","SPN Propservices Llp","6.0","1.5"
"124756797","Manav Rachna International School","129.0","3.7"
"123573901","Jpw Infratech","44.0","3.7"
"3397852","Orbit Techsol India","170.0","3.8"
"6343188","Capthical Hub","3.0","3.9"
"3719148","Tirupati Sales","27.0","3.7"
"5112736","Gopal Lifesciences","38.0","2.8"
"124053402","Root And Soil","",""
"3000152","Foursis Technical Solution","",""
"2327934","Vineet Kathuria","",""
"827203","Blue Consulting","106.0","3.9"
"2614488","White Orange Consultancy","",""
"124894125","Bamdev","",""
"125073747","HM Job Consultancy","",""
"2076026","S V Plastochem","2.0","5.0"
"125134521","Infinity Bpo Services","2.0","4.0"
"125129597","Zeus Infinity","",""
"124829435","Foremost Marbles","2.0","1.0"
"125134493","Amol Sudhakar Patil","",""
"4003240","THE Career Destination","",""
"125099049","Blippar India","3.0","1.1"
"125133803","Aniltech Fabricators","2.0","1.0"
"124705028","Jobox Hire","",""
"6695491","a2z Youthsolution","",""
"6868771","Sheows","2.0","4.9"
"124434908","Brainy Pay Technologies","",""
"125134385","Nucleus Hotels And Resorts","3.0","4.8"
"4989568","Chemical  Construction Co","",""
"124511792","Profit Solutions","",""
"4295834","Amax Placement Services","",""
"123509877","Vrinsoft Technology .","165.0","4.7"
"123863051","Infinity Career Connect","",""
"124899231","Atriq Global Pvt.ltd.","",""
"124879825","Nimara Ventures","",""
"125130777","Limited Life A School Of Attitude And Values Private","",""
"759351","TAEHWA","86.0","3.3"
"1420866","Ceigall","123.0","3.3"
"2190174","MAT Holdings","147.0","4.0"
"1919200","Silverskills","288.0","3.6"
"3692022","Daksh Manpower And Management Services","",""
"5606866","Dentcare Dental Lab","118.0","3.8"
"1137096","Pinnacle Teleservices","45.0","3.6"
"6746591","Aspirit Vision Solutions","",""
"125133629","Nextacs Education Technology Llp","",""
"5811774","Chanlong Manufacturing And Trading","5.0","2.6"
"7141919","Find My Hostel","",""
"124075322","Olyx Global Hr","",""
"123657103","Stockarea (Meinigar Technologies)","",""
"123996704","ANK","11.0","3.5"
"1016954","Ihdp Home Interiors Export Parks","23.0","4.0"
"3776174","SAI CORPORATION","131.0","3.4"
"5305172","Altos","118.0","3.7"
"125134211","Swarnkar Properties","",""
"124852875","I Mates Consultants","",""
"4166176","Prakash Labels","16.0","3.4"
"125133875","resourceh44@gmail.com","2.0","3.6"
"124745071","Sigloba Rebar Engineering Consultancy Private Limi Ted","",""
"124733279","Millbox Studio Llp","",""
"124544074","Nexus Automation Solutions","",""
"897698","Shree Rama Multi Tech (SRMTL)","53.0","3.1"
"124498684","Embee Nextgen Services Llp","",""
"124066348","SH Square Consultants (opc) Sh Squ Are Consultants (opc) Private Limited","",""
"4082110","Tea Post Limited","36.0","4.2"
"124850171","SPN Propservices Llp","6.0","1.5"
"2759534","Sarjen","69.0","3.7"
"123887011","Pvrg Services","",""
"125132471","Styleology Unisex Salon","",""
"125075571","Crinoid Technologies","",""
"124993937","PM It Solution","3.0","4.6"
"5700122","Ambica Steels","219.0","3.7"
"124892939","Naukari Express India (opc)","",""
"4294560","Glsd Recruitment Solutions Faridabad","",""
"125133997","V K Engitech","",""
"4986866","Success Jobs Services Pune","",""
"123890339","BIG Apollo Spectra Hospitals","",""
"125133955","ABA Infrastructure","",""
"124661168","Webilius Technologies","",""
"124807885","Meditronix Sales India","",""
"124175324","Safesurge Inspection Technologies","6.0","2.4"
"907556","Tulip Elastics","19.0","2.4"
"737657","Venus Hr Consultancy Surat","",""
"125133291","Altius Foods Opc","",""
"82375","Oxford Placement","",""
"6395492","Crmk Select","",""
"5811786","Arja Technologies","8.0","3.9"
"125127809","Nandanam Infra","",""
"124428150","Aura Biotechnologies","8.0","3.6"
"123980935","Mizaj International Pvt. Ltd","",""
"124958805","Dolphin Consultants","",""
"4937558","Stellar Gastronom","7.0","4.7"
"125133657","Vishvprabha Ventures Limited","",""
"124035298","VanguardHR com","",""
"124804211","Maa Durgeshwari Metal Products","",""
"6736257","KP Reliable Technique India","60.0","3.0"
"1999756","Sonar Pins","",""
"756237","Glorious Electronics India Pvt. Ltd","34.0","4.4"
"124576244","Glan Management Consultancy","",""
"123737509","Mehta Tea","3.0","4.3"
"109673","Plan B Consulting","",""
"124274424","Nautilus Consultants","",""
"125133427","Money Tree Asset Services","",""
"5979976","Muqeem And Brothers","7.0","1.2"
"124078384","Khushi Housing Solutions","3.0","1.5"
"5093186","Vikruthi Technologies","",""
"125131601","4startups","",""
"125133517","Physiotherapy World","6.0","4.9"
"124542198","Iyans Industries","4.0","3.3"
"125088281","Resonance Hr Solutions","",""
"5403464","Logiclump Technologies","11.0","4.8"
"929088","Populux HR","",""
"124524134","Goapptiv","87.0","4.0"
"5977680","Quick Clean","22.0","3.9"
"124027058","Shasta Recruitment Solutions","",""
"3721536","Daksh Consultancy Services","",""
"124946417","Happy Connects","",""
"6955285","Jayaswathy Construction","",""
"4901258","Appscore Solutions","",""
"125090863","Vr4bim","",""
"123624855","E Magneto Engineering","",""
"125132581","Swiss Emmaus Leprosy Relief Work India","11.0","2.1"
"125008615","Pramukh Infotech","",""
"124728233","Yash Dental","",""
"125133473","Siddam Constructions","",""
"125132217","SRM Infrasol","",""
"124611046","Skyocean Shipping","",""
"123863299","Streamfix Business Management","",""
"123500755","Induskart Engitech","16.0","3.7"
"125093699","Sghs Global","",""
"125127733","Hsquare Sports","",""
"461179","Indo European Educational Services","147.0","4.2"
"125119137","Wire Waste India","",""
"125088999","Nextera Production","2.0","5.0"
"219986","MNR Solutions","",""
"124939153","Shree Jageram Climosphere","",""
"124551108","Flax Laboratories","18.0","3.3"
"125133415","Digitofy Global","",""
"1028088","Advanced Business Consulting And Services","",""
"6473374","4ever Modular Llp","",""
"4289650","Alphawave Human Resources Solutions","",""
"123598143","Reva Hr Consultancy","",""
"124460564","Herbalmax Healthcare","6.0","2.6"
"125133207","Swethas  Beauty Parlour & Makeup Artist","",""
"5925","Path Mentors Staffing Solutions","",""
"123658101","Aura Global","7.0","3.2"
"125086501","Unity Growth Fund","4.0","4.1"
"124837705","Nfinity Consultants","",""
"125041577","Mrunali Realty Llp","",""
"124449970","Neutec Engineering Solutions Llp","",""
"124725777","Nimbasia Stabilizers Llp","5.0","3.2"
"124120428","Ef-if Diamond Jewellery","2.0","4.9"
"6076954","Crestfoods","15.0","2.5"
"124816859","Aspire Square","",""
"125037217","Naattu The Native Food Company","",""
"123940385","Samyak Metals","11.0","3.6"
"124199318","Bonton Impex Llp","",""
"125133149","Curederm Skin Clinic","",""
"125132147","Royal Building Systems","",""
"5927382","Charvick Aquate","",""
"124353046","Vikhram Hydraulics","2.0","2.2"
"125115157","Vishva Renewable Energy","",""
"125133049","QT CONSULTANCY","",""
"5139822","Periyar Maniammai Institute Of Science And Technology","3.0","4.4"
"125123811","Key2source Inc","",""
"125131727","9400777593 Mobile User","",""
"124310934","Alfa Technology & Service","2.0","4.3"
"124020438","Sara Industry","4.0","4.2"
"125071833","Radiant Enterprise","116.0","3.6"
"124024860","Triage Meditech","43.0","3.9"
"124705256","Frankfinn Institute of Airhostess Training ","1592.0","4.0"
"4086090","Dhani Loans and Services (DLSL)","1712.0","3.9"
"4014662","Talent Integrators (opc)","",""
"970902","Task Tracker","43.0","4.6"
"124094478","Armanino","8.0","3.1"
"832055","Indian Public School","255.0","3.9"
"2995268","HashRoot","37.0","3.1"
"4379742","Alight","472.0","3.4"
"123768822","BMS Projects","22.0","3.8"
"2762514","GD Goenka Signature School","32.0","3.0"
"611267","Excel Consultancy","",""
"2730728","Manav Rachna International University","76.0","4.3"
"125132977","Relaura","",""
"124954181","Xpress Services","",""
"124789283","Stwin Sparx","",""
"3042092","Blooms Hr Consulting","",""
"124912931","Super Saravana Stores","16.0","4.2"
"125132913","Ramalingam Haribaskar","",""
"4081310","Skill Techno","",""
"125132893","Mensen-helpen India (opc)","2.0","3.2"
"124430490","RTS Infracorp","",""
"125132889","Aspigo Ventures","",""
"4998956","Gardens Need","32.0","4.4"
"125132837","Kharwar Enterprises","",""
"124956663","Nutramount","",""
"125132719","Vadigit Engineering","",""
"4559650","Bluemavericks","",""
"7104143","White Collar Realty","9.0","4.8"
"125094115","Clevero India","5.0","2.0"
"125006667","Skalehire Solutions Llp","",""
"125132749","Aplus Engineering","",""
"3272404","M & A Consultants","",""
"4251580","Radiant Techsolutions","",""
"82484","MD Boss","",""
"6473842","Agency 2017","5.0","4.3"
"124901501","Buildcon Designers Llp","2.0","4.9"
"5229710","Rousha Inn","",""
"124134386","Qlotech","",""
"123740099","Regal Paints & Brush","",""
"5627946","Hare Murari Placement Service","",""
"124812919","TSJ Worldtrans Services","",""
"125128169","Oncowin Cancer Center Llp","",""
"125132647","Shah Patel Shukla And Associates","",""
"1802806","Ecogreen Buildtech","",""
"124327966","Ghanshyam Chemicals","",""
"5259844","88gravity","",""
"124478122","Rubiks Syslabs","5.0","4.2"
"125061587","Nirgandh","",""
"123611367","Prohub Technologies","",""
"6597620","Hullect Services","",""
"123461635","Stco Consulting","26.0","2.8"
"1039972","Disha Hr Services","",""
"124279012","Amrapali Online Venture","",""
"993944","Hamlai Industries Pvt. Ltd.","115.0","2.7"
"125132601","VARUN MOTORS PVT LTD JCB DIVISION","",""
"951084","Compusoft","3.0","1.8"
"125132537","ZED Consultancy Services","",""
"125132505","Nytc","",""
"3913328","Sms Integrated Facility Services","139.0","4.3"
"125005355","SIMS Hospital","169.0","3.8"
"125089805","Rollepaal Engineering India","12.0","4.3"
"124343884","Shewings Healthcare","8.0","4.8"
"125132101","Shoba Scans","",""
"125132525","VAS India Consulting","",""
"6658161","Orex Pharma","27.0","3.0"
"1097746","Kerala Ayurveda","39.0","3.8"
"124590410","Berkman Forwarding","7.0","4.0"
"124047732","Perfect Stayz Group","",""
"124323796","Carus Laboratories Private Limited","4.0","2.9"
"125132395","Ubitter Technologies","10.0","4.9"
"125083257","B3rg Worldwide","",""
"6273934","CSM Corporate Services","",""
"507137","Sharda Exports","53.0","3.1"
"918962","Globe Capacitors","60.0","3.7"
"441721","Svc Projects","35.0","4.0"
"123901579","Technocorr Engineering","7.0","2.8"
"125132283","Shveta Labs","",""
"125131911","Ausbiz Consulting","",""
"125089767","Pranora Realty","",""
"125024391","Suhani Metacast","",""
"19757","Hidden Brains Infotech","230.0","3.7"
"3238014","Siddhi Group","27.0","2.6"
"125088621","Matlabs Technologies","",""
"537519","Derive Management Solutions Pvt Ltd","",""
"5627100","Career Patronage","",""
"125129649","Illumea","",""
"125132133","Eallisto Group","",""
"5982644","Indumati H R Facilities","",""
"124901997","Bacchus World Spirit","",""
"124845545","Wmgo Business Solutions Llp","",""
"124848645","Sunhera Job Management","",""
"750747","Allinpro Industries","24.0","3.7"
"3429736","Rprocess Outsourcing Services","126.0","3.5"
"5332068","Trom Industries Limited","3.0","3.9"
"6474432","Prelect Networks","",""
"125132215","Infinity Notions","",""
"123671827","GO5","",""
"3060336","Moon Sez Consultants","",""
"6305876","Beyond Root Technology Services","4.0","2.5"
"123745187","Shalom Solution Company","",""
"125132195","Supercity Developers Private Limited","4.0","3.8"
"5978386","Renny Strips","10.0","2.9"
"5586918","Core Minds Tech Solutions","",""
"4080616","360 Degree Cloud Technologies","207.0","3.3"
"125115917","MY Bai Online","",""
"125051107","Storeleaf","2.0","2.5"
"3223038","LAB Electronics","4.0","4.0"
"125132163","Gulmohar Talent Management","",""
"125036087","Tutorwala","",""
"2350208","Glitnir Corporate Solutions","",""
"124132878","Plastene India Limited","57.0","4.1"
"123520407","Innovilla","3.0","2.4"
"253850","Top Leaf Services","",""
"125103087","Harsh Kaushik","26.0","4.2"
"124699058","Billroth Hospitals","151.0","3.7"
"125095725","Vibrant Design","",""
"125132079","Hijli Labs","",""
"124630860","Dtroops Consultancy And It Services","",""
"4536648","Godesi","38.0","3.1"
"1055812","Sahil Plastic Industries","",""
"6447788","Jyoti Resins And Adhesives","45.0","4.0"
"4279040","Aaxis Nano Technologies","70.0","4.4"
"124082278","Ibat Solutions Llp","",""
"124405416","S.k Offset","5.0","2.8"
"123680739","BVM Global","16.0","3.5"
"125131841","Perfect Pincode","12.0","4.7"
"124793679","Drsti Precast","",""
"4433992","Prowesstics It Services","21.0","4.5"
"6023184","Msafe Equipment","2.0","3.9"
"124451768","Gadgeon Lifestyle Pvt Ltd.","2.0","3.8"
"124666676","Pincodekart","37.0","4.8"
"124504928","Ashtech Industries","11.0","3.3"
"125131835","Maa Sati Associates","",""
"6777671","Pipara & Co","38.0","2.9"
"4007992","Excellent Staffing Solutions","",""
"125131831","Proficient Overseas Consultants","",""
"124100346","Stelloid Infrastructure","9.0","3.3"
"124929509","Trade Nexus Incorporation","",""
"6664495","Brandeducer Digital Solutions","",""
"125131919","Amster Group","13.0","2.3"
"6927369","Himalaya Industries","2.0","3.2"
"123933323","Fly High Visas","4.0","4.3"
"124278016","Excel Hr Consultancy Ahmedabad","",""
"124880693","Katsquare","",""
"125018487","Nooph Technologies","",""
"124824123","PI Cottex","4.0","3.3"
"124807899","Modinity Technologies","",""
"5647436","Kay Hr Solutions","",""
"123970947","Zaavi Jewels","",""
"125128991","Ishi Industries","",""
"5820450","Accurate Group Of Institutions ( A Unit Of Accurate Education And Research Society )","33.0","2.9"
"125000889","Marvista Design Group","",""
"123985746","Celec Enterprises","5.0","2.7"
"124577556","Bwgrev Techindia","2.0","3.9"
"124737433","Pacelab","3.0","3.9"
"125057333","Peoplevisio","",""
"123473165","SCB Cpafirst Llp","5.0","3.5"
"124591380","White Hill Music","",""
"123657521","Harsha Associates","8.0","1.5"
"124905065","Karve Infra Solutions","",""
"914168","Infoobjects","90.0","3.9"
"2723246","Komal Tex Fab","101.0","3.6"
"124589310","Banyan Hr Services","",""
"124572608","Wiselife Wellness India","2.0","3.0"
"125131673","Toyverse Manufacturing","",""
"124969171","Alphacap Trade Platform","",""
"125128469","Nk Technologies","3.0","4.3"
"6025892","Brilliant Hub","",""
"124590362","Netnxt Network","3.0","4.0"
"124173162","Xinoe Systems","",""
"2917860","System 5s","13.0","3.0"
"124772917","Southchef","",""
"124895153","Anant Printech","",""
"124565078","Jay Jalaram Precision Component Llp","3.0","3.6"
"124797773","VK Precious","4.0","3.0"
"124787007","Viable Recommerce India","",""
"124840269","Sumeru Moonlight Studios","",""
"124876483","Gayatri Aircon","11.0","2.8"
"125131555","JVK Motors India","",""
"124456570","Hungry N Thirsty Foods","",""
"1557610","Lakeland Gloves And Safety Apparel","5.0","2.1"
"124832395","Bigwin Buildsys Coated","3.0","4.5"
"124766479","Graphigo","",""
"2121520","Jobs Desk","",""
"125131431","Bliss Hvac","6.0","4.1"
"3004384","Viitorcloud Technologies","43.0","3.5"
"125088781","Covai Sri Balaji Industries","2.0","4.3"
"1360098","Velciti Consulting Engineers Pvt. Ltd.","14.0","3.8"
"123788711","Avt Infrastructure","5.0","3.1"
"125122171","Anu P  Co","",""
"3857546","Crpl Infra","21.0","3.0"
"125131409","R Ishwarya Lakshmi","",""
"124316768","Apurvakriti Infrastructure","55.0","4.3"
"5159248","Gemsons Precision Engineering","55.0","3.3"
"125131429","Mediafox","",""
"125131371","Kay Dee Tooling Solutions","",""
"5120422","Altek Beissel Needles","17.0","1.2"
"6737755","Fx31 Labs","5.0","2.8"
"125120117","Mantra It Solutions","3.0","4.6"
"123687653","Navrang Hr Solutions","3.0","2.3"
"1035052","Inwove Consultancy","",""
"4057102","Smart Controls","35.0","3.7"
"125066681","Mithrive Digital Marketing Agency","",""
"5583218","Epigee","",""
"123540021","Coral Homes","",""
"124866907","Cogmex Technologies","",""
"124793455","Savira Systek","",""
"4186532","White N White Minerals","2.0","2.1"
"1946794","Securenow Insurance Broker","98.0","2.7"
"124344762","Samyak Techno Solutions","",""
"125131335","Singhsons Refrigeration","",""
"2170416","Scrum System","20.0","4.2"
"123965475","Arvex","",""
"124061728","Ktiwa Services","",""
"6484672","Mangesh Natha Shinde","4.0","4.4"
"6233374","Unimech Systems","16.0","4.8"
"124345030","Dholera Triangle Infra","",""
"123491659","TSP Consulting","",""
"124038286","AB Autocomponents","5.0","1.2"
"125080953","Skillsbiz Education","",""
"125114339","Nexhouz Marketing","",""
"124541290","Banaco Overseas","3.0","3.1"
"6059136","My Virtual Teams","16.0","3.4"
"1300468","N Solutions Lucknow","",""
"125109545","Adsynergix Technologies","",""
"124263352","Rio Hospital","5.0","4.9"
"124948563","Mega Ocean Impex","",""
"124397150","Brainwire Technologies","",""
"7037841","Excellent Corporate Services","6.0","4.2"
"124139448","Kairali Management Services","",""
"123686825","Madaari Entertainment","",""
"125131129","One World Consultants","",""
"124972593","Trancex Media","",""
"125131127","A R Computers It Services","",""
"124559658","Seema Finechem Industry Llp","2.0","5.0"
"123905523","Excella Business Services","17.0","3.7"
"125070727","Galaxygreen Lubricants","",""
"125131085","L&T Finance Holdings (LTFH)","",""
"125125257","Ocean Blue Education And Spoken English","",""
"125117937","Granger Engineers And Consultants Private","",""
"124167918","Aarti Enterprise","",""
"123838693","Bm Cloud Consultancy","",""
"125131015","Grip Consulting Engineers Llp","",""
"125041795","Bioswizz Pharmaceuticals","",""
"843085","Sree Sastha Group Of Institutions","27.0","1.9"
"98465","Tablets India Limited","156.0","3.8"
"844813","World Education Mission","2.0","1.0"
"5817648","Nipl Consultants","",""
"124699268","Ideal Coating Industries","8.0","2.8"
"123589121","KUN Motor Company","5.0","1.0"
"74867","TIS India","53.0","4.7"
"124540462","Qbytez Infolabs","",""
"125110193","Kriyas Unipro Private Limited","2.0","5.0"
"124875803","Akkor Viyun","",""
"124787773","Penkraft Ideas","",""
"124303284","Blackbull Law House","4.0","2.2"
"6283238","A client of Growen","",""
"740133","Elentec India","336.0","3.8"
"124366940","Frauscher Sensor Technology","28.0","3.7"
"2211580","Xperts Global Consulting","",""
"1302700","Sashanka Agro Tech","59.0","2.4"
"539347","CRI Pumps","810.0","3.8"
"741747","BMW Industries","191.0","3.6"
"2064624","Ascent Networks","17.0","4.5"
"1957568","Tracks & Towers","108.0","3.9"
"5839874","Blue Bells Group Of Schools","9.0","4.0"
"3272416","Ashok Iron","201.0","3.4"
"124521772","Yash Management Consultants","",""
"124148510","Trishank Technologies","",""
"123982593","Poole  Partners","",""
"125085549","The Guest Hospitality Venture","",""
"124364898","Urban Pgm Recycler Pvt Ltd","",""
"125130595","AGN Gold & Diamonds","",""
"123610739","KVR Group","7.0","3.5"
"6232964","KVR Construction Company","9.0","4.5"
"125130549","Bsns And Co","",""
"124936419","Rise Infrawell","",""
"520579","Kunal Placement  Allied Services","",""
"125130491","Amrit Cafe","",""
"124860999","Annasie","",""
"124664594","Vilas Transcore Limited","20.0","2.6"
"125130371","ceo@dppowertech.com","",""
"125130095","Step2serve Services","",""
"845307","R.S RESOURCE MANAGEMENT CONSULTING PVT.LTD","",""
"123685861","Smartluth Hospitalty Services Pvt Ltd","",""
"124207052","Raj Innotech Pvt.ltd.","",""
"125130149","Snackjoy India","",""
"125130147","Sanimo Polymers","3.0","2.1"
"125130107","vikas@metaversetradingacademy.in","",""
"124968445","Auxsyon Tech","",""
"125130059","Dream Home Innovation","",""
"124715337","Safelight Door And Window Industries","",""
"124770329","Orbitz Engineering Solutions","",""
"125091367","Eazyvend Automations","",""
"125096979","Dhanusthi Enterprises","",""
"5063656","Inventia Technology Consultants","22.0","4.3"
"124719215","LIVXS","8.0","3.2"
"125054597","The Fashion Station","4.0","4.4"
"386983","Job Square Consultancy","",""
"5336","Paradigmit Technology Services","92.0","3.6"
"5737346","Star Boxes","58.0","3.6"
"194975","Mindspace Outsourcing Services","101.0","3.4"
"4417944","Eternal Hospital Jaipur","42.0","4.4"
"124488036","Legion Energy Products","27.0","4.1"
"125129933","Trips Escape","",""
"125126825","Geo Drytech","",""
"124551092","Unisea Logistics","",""
"124775465","Vapn Technology","",""
"125129799","A R Upvc Doors And Windows","",""
"6352032","Great Mount Resort","3.0","5.0"
"124399000","Empowerhire Associates","",""
"124867151","Qualifylearn Edu","",""
"125129721","Sadhna Agarwal","",""
"6009744","Amazon Infosolution","26.0","2.7"
"123600001","ZBT Consulting","4.0","5.0"
"125129663","Mata Enterprise","",""
"5843000","See Linkages","41.0","4.2"
"1253040","Autoprint Machinery Manufacturers","60.0","3.9"
"123998246","Meadows Wellness India","33.0","4.0"
"124865521","Shree Group Of Industries Ahmednagar","2.0","4.3"
"1608864","Engineers & Engineers Electricals","6.0","4.9"
"6162778","Shri Paras Marble","",""
"124493842","Tirupati Reels","10.0","3.0"
"124787099","Plascare Industries","2.0","4.0"
"6165062","Kapoor Diesels Garage","83.0","4.5"
"123502997","Champion Omdev Const Ltd.","9.0","3.6"
"125128977","Indsys Tech Services India","",""
"3650942","Niche Enterprise Kolkata","",""
"124388062","Engko Engineering","2.0","5.0"
"6048866","Benchmark Global","",""
"124872569","Recollobo Solution","",""
"125129567","Aqura Industries","2.0","4.0"
"125113905","Pradnil Buildmarque","",""
"124870853","Novation Edvantage Llp","",""
"67752","Rotomac Industries","37.0","3.0"
"124891983","IP Infra Power","7.0","4.6"
"124907367","Onealpha Ventures Limited Man, Pu","",""
"125129481","Solarithm Energy Solutions","",""
"125129493","Efficacy Global Sales Solutions","18.0","2.4"
"124310300","Entropy Enterprise","",""
"3084484","Hr4nation","",""
"25308","AKC Consultants","",""
"125099973","Agnee Innovates","2.0","4.7"
"1302564","Omnex","94.0","4.1"
"125118443","Paresha Hr Services","",""
"123931699","Ezovion","6.0","4.3"
"124192462","Ritesh Kumar","11.0","4.4"
"125129407","Mayur Dynamic Tiles and Pavers","",""
"124561706","Corita Consultants","",""
"124591880","S.P. Reverse Engineering","",""
"125129241","Vayuveda Organics","",""
"6235054","Eight Lions Hospital","",""
"124038288","Titus Health Tech","",""
"124277506","SCB Consulting","",""
"853268","Concord Hydraulics","",""
"124892119","Acacia homes","",""
"124892277","VD Consultants","",""
"1557290","Nivid Solutions","6.0","4.4"
"125129383","Nebeskie Labs","4.0","2.6"
"125125973","Payel Enterprise","5.0","4.8"
"124930977","Vito Pipes","",""
"124570862","Right Solution","8.0","2.9"
"124164322","Relevant Search Media","",""
"124577444","Amar Renewables","",""
"4058330","JOB Manifest HR Consulting","",""
"125129373","SWASTIK VISIONARIES","",""
"125107903","Techorc Software Solutions","5.0","4.6"
"1112160","Acquaviva India Pvt Ltd","55.0","3.5"
"123823163","Safe N Sure Solutions Private Limited","20.0","3.0"
"3263504","Modi Groups","28.0","3.1"
"49","Allans Placement Services","",""
"124944983","Transcotech","",""
"4223910","Discover Resorts","37.0","3.8"
"123853903","Nalvinaihrs","",""
"125129195","M & W Malls","",""
"124302978","Presswell Tools","31.0","3.7"
"125062743","Metafin Finance Cleantech","",""
"125000239","Opvia Ave Enterprises","",""
"125129247","Pancyber Infotech","8.0","3.7"
"124545114","Harinila Textiles","",""
"278","Cybernetic Management Professionals","",""
"3693348","Nanjappa Hospitals","",""
"124278952","Unic Chem Technologies India","3.0","1.8"
"125129131","Global Packaging","4.0","3.9"
"5989624","Hastree Technologies","6.0","3.7"
"125110805","Jyoti Rubber Udyog India Limited","5.0","2.7"
"125128983","V Infra Engineers","",""
"124013478","Window Magic India","34.0","3.3"
"6551854","Janadhar India","5.0","2.0"
"4181032","Vigour Mobile","130.0","3.6"
"125121951","Thilina Hair Studio","",""
"125008757","Gera Fresh Foods","",""
"124629598","Py Olliv","",""
"124307018","Pearl Wealth Services","2.0","4.7"
"125113049","Massline Engineers","3.0","4.9"
"125092403","The Class Of One","9.0","3.5"
"125114329","SM Square Credit Services","",""
"5954096","Cornerstone Constructions","12.0","2.9"
"713913","Nasa Placement And Consultancy","",""
"124705816","Supermade Ventures","2.0","5.0"
"125129013","Brixat Automation And Solutions","",""
"125107879","BIG Security Networks","",""
"5630294","SS Trade Inc","",""
"124287130","Beplus Talent Solutions","",""
"124771583","The Whitelisetd Estates","",""
"125104031","Vridhivault Solutions Llp","",""
"4199188","Somu Group","7.0","3.8"
"124888627","Career Brain","",""
"123733267","Haliastur","",""
"124639600","Zuvo Ventures Llp","",""
"124650510","C Tech Engineering Construction","",""
"124087588","Dream Hr Consulting","",""
"124768401","Golden Grace","",""
"124763961","Swaparichay Studios","",""
"125128849","Rosefeel Impex","",""
"3211462","Ramani Precision Machines","13.0","2.6"
"124934469","Fayo","",""
"124556636","Grand Estancia","19.0","3.8"
"125128827","Civitech Digital","",""
"6151616","Modison Metals","56.0","3.2"
"125128639","ANU & Associates","",""
"124655916","Regur Technology Solutions","",""
"125052287","Adil Elyas Kherani","",""
"125108041","Rajasthan Medical Centre","5.0","2.7"
"6162922","Sumuka Agro Industries","3.0","1.1"
"124326578","Muellerunifab Packaging","5.0","2.5"
"2537834","International Commerce Limited Arts (study Ask Edu Cation )","",""
"125128807","Company Of Others","50.0","4.3"
"125092797","Bridgeway Power Services Pvt.ltd","4.0","2.5"
"123897871","Mulmul","15.0","4.0"
"124805799","PG Infracon","3.0","3.1"
"124993063","Insono Hearing Solutions","",""
"125128719","Diamond Construction","6.0","3.5"
"124892151","Hawaii Doors And Windows","",""
"125128601","Kutti And Kasi","",""
"125028467","Swastik Exelent Manpower And Allied Services","",""
"125107591","Cloud Designs","3.0","3.7"
"123620539","Atul Paper","22.0","3.3"
"124511364","AVD Group","12.0","3.5"
"4193704","Urbanaac Infrastructures","21.0","4.2"
"125128009","Rams Career Institute","",""
"124814443","Namasteyog Technologies","",""
"124473308","Crewkonnect Maritime Services","",""
"5461924","The Mission Hospital","191.0","3.8"
"124673028","SDG International","",""
"6653247","Sarthak Foundation","12.0","4.5"
"4365126","SPM Hr Solutions","",""
"2543320","GNF International","",""
"125096705","SSG Skills Arena","",""
"6217936","HNS Gold","20.0","4.1"
"124340608","Pavaki Infrasolutions Llp","",""
"3260806","Emkay Placement Consultants","",""
"125102505","Manoj Kumar","",""
"125006245","Yahvi Homes","3.0","4.9"
"821632","Unicorn Books","2.0","5.0"
"125118143","Hema Pharmaceuticals","15.0","3.5"
"738775","Avinash Group","141.0","3.9"
"6712519","Health Secure Hospital Care and Solution Private Limited","5.0","4.0"
"125128525","Narayan Industries Global Ltd","15.0","3.5"
"5960914","ROI Hunt","3.0","5.0"
"124934733","Piyush Engineering Company","",""
"124790055","Brij Granulations Private Limited","",""
"125128499","Kalra paper industries Pvt ltd","",""
"125125811","Mercado Global Media","3.0","4.9"
"125128485","Mission Rabies India","7.0","3.6"
"125099981","Sumita Makeup Studio","",""
"6431620","S3 Meteta Technologies","",""
"125094759","Netcatalysts","",""
"123575081","Hashfuse Solutions","",""
"124976095","Wintech Hydraulics Engineering Group","",""
"123967781","Aidnix Solution","",""
"124917397","Fairpay Tech Works","2.0","5.0"
"125128309","Cipetian Plastic Molding India","",""
"845027","Crescent Foundry","256.0","3.9"
"125063613","Nnjc Logistics","",""
"5591846","Queen's Carmel School","",""
"2086436","Era It Solution","",""
"124019024","Cognex","24.0","3.8"
"5260982","HRletes","",""
"124342284","VIMCO RENAISSANCE MANUFACTURING CO PVT. LTD.","",""
"123547827","Elite Corporate Advisors Group","",""
"123679961","Nirant Homes","2.0","4.8"
"4806490","Travel Maze","17.0","3.6"
"124996315","Mozart Realty Services","",""
"124696126","Shree Ram Builders","10.0","4.1"
"125103293","Radiant Digitek Network Limited","11.0","4.7"
"124450458","Reqx Technologies","",""
"124307418","Toysmith Corporation","2.0","1.3"
"123836509","New Zeel Rainwear","30.0","3.6"
"124833639","Omni Rebar","13.0","4.1"
"125119705","Shah Fire  Mep","",""
"124732445","Freelancer","",""
"125128129","Salahkar Associate ( Msme)","",""
"125127871","Candid Design Studio","",""
"1009226","Lakshmi sandhya Healthcare pvt Ltd","",""
"124855123","Infinity Technologies","7.0","4.5"
"6665127","V2B Global Consultants","",""
"5597948","Sourcegrids","",""
"6144458","Mirana Innovations","44.0","3.9"
"124025514","R.B Consultant","",""
"5342144","ES7 Sports Foundation","",""
"124200140","Archventory","",""
"832847","Office BEACON","51.0","4.0"
"125071763","Mighty Hundred Technologies","",""
"123958617","Bewage Technologies","",""
"5264376","Httpcart Technologies","70.0","4.1"
"125128015","Qualty Ai","",""
"125127997","Stepone Diagnostics","",""
"5880716","RNPM Global Trading Co","3.0","1.0"
"123677257","Deepkiran Foods","17.0","4.0"
"3668900","Shreejob Consultant","",""
"125127925","Adneft Technology Engineering","",""
"6274632","Multicloud4u Technologies","",""
"4842080","Associated Resource Company","",""
"125127991","Beekay Autocorp","3.0","5.0"
"124080942","Shanti Construction Co","25.0","4.5"
"34021","Hi Tides Consulting","",""
"124599560","Tulsi Studio Pvt Ltd","5.0","2.1"
"125127977","Shark Consultancy","",""
"124447068","Sunfinity Renewables","",""
"5840060","Ametsu Consultant","",""
"124159724","Zeutron Technologies","",""
"5115492","Allied Medical Limited","",""
"125087805","Suryajyoti Cottex","",""
"125126609","Webzent Technologies","18.0","4.8"
"7101149","M-tech Industries","14.0","2.9"
"739291","Astha Placement Service","",""
"5878690","Meghdoot Textiles","41.0","4.3"
"125127937","Gpower Integrated Services","",""
"125096453","Quantum Design","3.0","4.9"
"125127895","KalaTech ","",""
"7073237","Dara Engineering & Infrastructures Pvt. Ltd","64.0","3.7"
"125083575","Vredon International","",""
"2833696","Hotel Vennigton Court","11.0","3.6"
"7076725","Blue Consulting","106.0","3.9"
"5596988","Calcom Vision","78.0","3.4"
"124703744","Sreejith","",""
"5629810","Growthhub Consultants","",""
"5666908","Elevation Hr","",""
"928196","Buchprufer","",""
"125077781","Technoradiant","3.0","4.6"
"125000871","MY Car","103.0","3.7"
"124221312","Specialized Tuition","",""
"125095835","Peraka Media","2.0","4.5"
"125080221","Kavyan Its Solutions","",""
"125127571","Mohawk Efficacy Services","",""
"124718723","Britapp Systems","3.0","4.0"
"6272354","Workart Hr Solutions","",""
"5850212","Tillvaxt Hr Solutions","",""
"2902014","Kcloud","93.0","3.4"
"899744","Time Consultants","",""
"5634834","Kamdhenu Cattle Feeds","31.0","2.9"
"125127753","Omraj Autotech Llp","",""
"3421","Snowman Logistics","238.0","4.1"
"7060661","MEC Consulting Pvt. Ltd.","9.0","3.4"
"124057690","Kanchan Metals","104.0","4.1"
"125112307","Enbyte Technologies","",""
"124710229","SBS Enterprises","5.0","4.1"
"124262552","Atlas Affordable Fashion Destination","",""
"124349512","Md Global Human Resource Consulting","",""
"125127629","SHA Impex","",""
"124870615","Hemadri Sales Corporation Alwar","",""
"690281","East India Furniture","",""
"5486504","Farbe Firma Pvt. Ltd.","108.0","3.7"
"23132","IMR Hr Services","",""
"125127675","Promore Fintech","",""
"124111432","Flexi Nursing Healthcare","",""
"124906365","House That","9.0","3.2"
"6246288","CreoTek Systems India","2.0","5.0"
"125073325","G R Industrial Engineering Products Private","",""
"124848837","Tirupati Developers","5.0","4.0"
"6091162","Revathy Preservation","",""
"5311412","Aravali Commerce and Science College","",""
"124792247","Meritude Skill Development","",""
"123963251","Ensureti Insurance Broking","4.0","4.9"
"124123656","Nayesha Healthcare","3.0","1.1"
"6286060","Saraswathi Institute Of Medical Sciences","43.0","3.7"
"1290478","Delta Recruitment Consultants","",""
"122941","ANM Strategic  Management Consultants","",""
"124247588","Inmake Panel Industries","",""
"125127613","Versatile Media","3.0","2.8"
"3847534","Infonative Solutions","55.0","3.6"
"747387","VVIP Group","23.0","4.5"
"123980393","Kv Developers","13.0","4.1"
"125092249","Jaychan Enterprises","",""
"125127621","Veloxify Energy","",""
"124781043","Studio Ezube","7.0","3.5"
"322997","E SoftSys","42.0","4.1"
"6265298","Rnsn Seriate","",""
"5985090","TSLGroup","9.0","2.8"
"123712101","Microntech Engineers","44.0","4.2"
"124371512","Jas Bright Consultant","",""
"2950450","Ascent Finechem","27.0","3.9"
"124837347","Devanshi Sarees Pvt Ltd","",""
"124789759","Berlia Soap And Detergent Industries","",""
"124049906","Essence Hr Services","",""
"1425086","Global Multilingual","",""
"124029260","Krishna Sales And Marketing","",""
"124834919","Infi Path Solutions Llp","",""
"7044609","Vivaan Hr Solutions Lucknow","",""
"124111848","Avatar Builders","",""
"124409530","Veerun Job Placement","",""
"4892400","Barmalt Malting","217.0","3.9"
"125119931","Talent Truimph Rk Solutions","",""
"125040029","Aadhcode Solutions","",""
"3866880","Samridhi Uniquespaces Llp","3.0","3.7"
"108487","Mayanks It Solutions","11.0","3.0"
"124789205","Aqoza Technologies","",""
"124772679","Raksha Interior And Designs","4.0","3.6"
"3725438","Quality Staffing Solutions","",""
"124766449","Viewray Systems India","",""
"4114360","Jenya","",""
"125127323","DEANFOMC@HRITUNIVERSITY.EDU.IN","",""
"4020982","Zenith Career Solutions","",""
"1488304","Veloces Consulting Services","8.0","2.8"
"5586810","Goru Training","",""
"125127307","Cedrah School Of Business","",""
"124944197","Labinduss Ltd","2.0","1.1"
"6544616","Yutrp","",""
"124853967","RAJ Global Holdings","2.0","1.8"
"6362362","Talent Scouts","",""
"91954","Sysnet","1550.0","3.8"
"123569405","Vivid Led System By Marudhar Tech","",""
"125126517","Kanagaraj & Gayathari","",""
"125127081","Maiway Technologies","",""
"124012664","SAF Setu100","",""
"125127207","Sheetala Fire Solution","3.0","5.0"
"4856902","Changeleaders","",""
"125127185","Pinnacle Careers","",""
"123729997","Anya Biopharm India Llp","",""
"125052007","Nuvr","5.0","3.3"
"124270542","ARD Systems Inc","3.0","4.2"
"124973803","Bestzone Bk Llp","12.0","5.0"
"125127085","Vrksjp & Co","7.0","3.9"
"125127171","Sheetala Fire Solution","3.0","5.0"
"124908659","GI Tech Games","",""
"125011435","Apisa Biotech Extn Pvt.ltd","3.0","2.4"
"124231662","Maadhu Creatives Production","5.0","3.3"
"125127125","Fitclub","2.0","1.0"
"609381","Merrin And Associates","",""
"125127097","Options Realtors And Tenancy Management","",""
"738965","Manglam Build Developers","37.0","3.5"
"125038277","Haims Ventures One Llp","",""
"125024149","Virtuoso Professional Services Llp","",""
"124906669","Recruit Talent","",""
"744789","Infinite Civil Solutions","42.0","3.3"
"123929785","Sarojgar","",""
"124669192","Gujarat Public School Atladara(a Unit Of Bakulesh  R Gupta Foundation Trust)","15.0","4.6"
"125120407","Exozen Facility Management Services","",""
"125103183","J &J Engineering(india)","",""
"5284032","Kumbhani And Associates Llp","",""
"125127035","Tac Automation","15.0","4.6"
"124767007","Divisha Systems","",""
"105576","Kruger Ventilation Industries","120.0","3.1"
"7044213","Adhim Services","",""
"125125539","DC Studio Pvt.ltd","2.0","1.1"
"125126965","GTB Realty","",""
"125071513","Penta Engineering & Solutions","",""
"125126905","Envsoft Solutions Llp","7.0","1.7"
"124870563","Trid Business Solution","",""
"124829205","Oval Projects Engineering Limited","27.0","3.7"
"178807","Propel Services","3.0","4.9"
"124896149","Leadmetrics Ai","",""
"4960432","Advance Talent Services","",""
"465871","Spritle Software","26.0","4.1"
"124560282","Yontro","11.0","4.5"
"18418","Delhi Placement Bureau","",""
"125126919","The Luxus Hotels","3.0","2.4"
"124767785","Imaginative Work","",""
"124677570","Dream On Travel","",""
"5295884","Neoskills Technology","2.0","5.0"
"2208290","Adven Biotech","29.0","2.8"
"124983681","Systech It Solutions","5.0","1.5"
"2991532","Krishna Corpindia","10.0","4.1"
"125126699","Mint Life Sciences","2.0","2.9"
"124902295","Rajkumar Automobiles Sales","2.0","4.0"
"124914139","Sundoozy Games","",""
"3981304","Anand Techverce","18.0","4.7"
"5937836","Anil P Agarwal Co.","",""
"124506678","NG Gadhiya Group of Companies ","7.0","1.9"
"442641","Acurus","81.0","3.6"
"2549458","Laxmi Jewellery Export","16.0","3.6"
"125101975","Sathya Technosoft India","29.0","3.3"
"124925171","SPK Power Infra","15.0","4.3"
"125126669","Black Ink Studio","",""
"124823763","Xenergia Power Solutions","",""
"124647972","Dvana Realm","",""
"123479935","Skyraan Technologies (opc)","2.0","5.0"
"5293710","Acmeminds","6.0","3.0"
"124931361","Big Assets Infra","5.0","3.0"
"123875405","Rama Cloth Stores","3.0","4.3"
"124206662","Retail Impact","7.0","3.2"
"1646870","Lapiz","210.0","2.9"
"124799539","Myground 11 Gaming Zone","",""
"5788488","AB Coirs","",""
"124635708","Krack Shield","",""
"3024450","Jaisingh Alloys Pvt Ltd","15.0","4.9"
"6321654","Inovonz Engineering","4.0","4.1"
"5632676","Appexert Labs","14.0","4.4"
"5428142","Ttcadd & Structural Outsourcing","6.0","4.3"
"125061757","MED In Scans And Lab","",""
"124540478","Dynamics Hooqx Digital Services","",""
"125124655","Wings Wholesale","",""
"285107","Remi Elektrotechnik","60.0","3.4"
"124233526","Troth Insurance Broking & Consultants","2.0","3.2"
"124727929","Dress Land Global","14.0","4.5"
"125112163","ASV Kitchen Equipments","",""
"6247398","K. K. MEDICAL COLLEGE & HOSPITAL","",""
"125047907","M G T Motors","26.0","2.9"
"124452546","Lords Mark Microbiotech","5.0","3.6"
"125023107","Dream Spark Events","",""
"124385776","HD Placement","",""
"125107325","Bullionstar","",""
"124601316","Asha Health Care","3.0","4.0"
"6730965","Rivermist Resorts","6.0","3.6"
"123891935","TNV Certification","25.0","4.1"
"123916949","Kurikkal Appliances Distributions","3.0","2.3"
"5130520","VPR Hr Dynamics","",""
"124701490","Saazvat Technologies","20.0","3.1"
"125049317","Mavi It Serv Llp","",""
"125126395","Riya Suit","",""
"124045396","Sharman Jain Sweets","4.0","3.9"
"124959721","Rasayanam Ayurveda","14.0","4.8"
"124866461","Elevra Projects","",""
"3600398","Janatics India","179.0","3.9"
"125071885","SSM Retail","41.0","4.3"
"125126387","Industrial Machinery Stores","",""
"124613232","Fibre Foils Limited.","12.0","3.6"
"4266378","Clar Aqua","12.0","3.6"
"123581319","Malabar Medical College","28.0","4.3"
"2920178","Brookfield","7.0","2.4"
"125126335","Super Industries","13.0","3.7"
"2302062","Ddhr Solutions","",""
"3765834","K V Aromatics","11.0","3.7"
"124656882","Swen Ventures","",""
"123722427","Hyve Sports","8.0","4.5"
"124995247","Vmayukh Engineering Solutions And Services","",""
"5568448","iNETest","8.0","3.6"
"487229","Sysvine Technologies","76.0","4.1"
"124109346","Noah Infrastructures","6.0","4.2"
"124966451","Kousika Technologies","",""
"2277182","Sanumas Solutions","",""
"124308038","Ground Zero Events Pvt.ltd.","",""
"1246144","Sehgal N Sehgal","3.0","4.4"
"123877349","Naxatra Labs","",""
"4972598","Axiom Technologies","43.0","2.9"
"125126211","Growmore Immigration Llp","",""
"125126175","Eazy Fares","",""
"125126163","Sapna Beauty Service","",""
"125080345","Bridgetech Medihealth India","6.0","3.9"
"823200","Lego Consultancy","",""
"124079968","Khusvan Solutions Llp","",""
"124552990","OM Manpower Solutions","",""
"124783117","Gouri Foods","",""
"183810","United Drilling Tools","70.0","3.1"
"206187","Calibrated Healthcare Network","86.0","3.3"
"535307","Mask Polymer","53.0","4.2"
"3687932","Risebird Talent Solutions (opc)","",""
"124136292","Ryantech Consulting","",""
"124019018","Terracegate","3.0","3.5"
"5635226","Kashiv Biosciences","34.0","4.2"
"7152763","Upscale","",""
"2669078","Advanced Ultra Power Transmission Consultancy","16.0","3.1"
"1113868","Nestem Technologies","8.0","4.0"
"700423","Logitech","25.0","4.1"
"124842053","Aeris Communications India","72.0","3.0"
"1471010","Pace HR Consulting LLP","",""
"3172608","Sun Hr Services","",""
"123597021","Stay Ahead","",""
"125057311","Club One Realtors","",""
"124164844","4C Corporate Services","4.0","5.0"
"124066488","Dsoft Innovations","13.0","4.2"
"123597045","Taxmann","46.0","4.0"
"123845187","Simpro Business Solutions","14.0","3.7"
"125063115","Rika India","",""
"124271494","CAF India","9.0","3.6"
"124990237","IB Global Academy","6.0","3.0"
"494011","Apothecon","181.0","4.0"
"123986754","Yourdost","53.0","3.6"
"124794869","Trisita Engineering Llp","22.0","3.6"
"4304264","TM International School","52.0","3.3"
"123963019","SW Cybernetics","20.0","3.7"
"124539310","Sunehari Bagh Builders & Interiors ","",""
"5618030","Skuad","35.0","2.9"
"1897196","Nxtlogic Software Solutions.","4.0","3.6"
"1960946","BIACH&RI","112.0","4.3"
"124728445","Arya Collateral Warehousing Services","147.0","4.4"
"4034230","Mr. Cooper Group","499.0","4.0"
"3708976","Swami Vivekanand Subharti University (SVSU)","104.0","3.9"
"2702682","Ifmr Lead","5.0","3.9"
"3111894","30days Technologies","5.0","4.4"
"1960690","Attinad Technologies","17.0","3.4"
"6500882","Admiral Solutions","148.0","3.1"
"5725504","Malbek Software","2.0","4.6"
"123498033","Pragetx Technologies","3.0","1.0"
"5084146","Ngrt Systems","113.0","3.3"
"124387380","Precise Speciality Eye Care","2.0","3.9"
"124349274","Icreate Media","4.0","5.0"
"123912447","Iqonic Design","2.0","1.9"
"125119275","Coozmoo Digital Solutions","16.0","3.3"
"125116953","Love Dale Residential School","",""
"125119265","Southern Sages","",""
"125119263","Need 82","2.0","1.1"
"125121999","Indra Insignia","",""
"124262854","Jcbro Labs","",""
"124558090","The Millennium School Surat","154.0","3.9"
"3646224","Navrachana University","21.0","3.9"
"123600467","UFS Networks","",""
"124023566","Video Sdk","2.0","3.6"
"124830929","Candle Electric Solutions","",""
"124375454","Abate As","",""
"3616780","Aggreko Energy Rental India","93.0","4.2"
"4926412","Heifer International","8.0","3.4"
"124804263","Hivekra","",""
"124298322","Grow Solutions","39.0","4.5"
"124391514","Corpay India","3.0","4.6"
"1852374","Neev Group Of Companies","",""
"2254822","SUMOLOGIC TECHNOLOGIES PRIVATE LIMITED","15.0","3.8"
"123667045","Twixor","2.0","4.0"
"124190294","Naga Education","",""
"124142180","Ownpath","2.0","4.5"
"123515749","Maskoid Technologies","4.0","4.2"
"4871250","Edudoor","",""
"4767134","EnactOn","19.0","4.7"
"123483039","Arctic Invent","30.0","4.0"
"123850801","The Khaitan School","25.0","3.4"
"3156558","Energy Alternatives India","2.0","2.7"
"3733128","Industrial Engineering Syndicate","19.0","4.2"
"3970828","St PBN Public School","4.0","2.2"
"5458552","Nexa Anna Nagar","979.0","4.0"
"5527902","Wattlecorp Cybersecurity Labs","6.0","4.9"
"5571832","Perfect Digital Media Resources","33.0","4.2"
"3503078","Setco Automotive","100.0","4.1"
"5357570","Aac Mining Executors","54.0","3.7"
"123559769","Securweave Research Labs","15.0","4.9"
"1865178","Analytix Slutions","",""
"4910752","NHS Ayrshire & Arran","",""
"4281574","Wonderworth Solutions","9.0","3.1"
"3858070","Quantum Secure","",""
"4500574","Workfusion","30.0","2.6"
"2257978","Sri Ramadas Motor Transport","41.0","4.1"
"3760210","Aithent","89.0","3.8"
"2359182","Plant Rich Agri Tech Pvt. Ltd","30.0","4.0"
"4950788","Nepra Environmental Solutions Technologies","",""
"7130898","Wits Innovation Lab","39.0","3.4"
"4852334","Recode Solutions","26.0","4.6"
"4577824","Koko Networks Limited","20.0","4.2"
"3869416","Jord International","35.0","4.1"
"124652116","The Big Advantage","",""
"5360720","Digitex Technologies","14.0","3.1"
"124298436","Saasguru","127.0","2.0"
"124593278","A1apps","16.0","4.2"
"123738247","Lactalis India","172.0","3.5"
"4023092","Rapid Acceleration Partners","16.0","3.9"
"5542424","Escalon Business Services","274.0","3.8"
"123504623","Trackier","9.0","3.5"
"124458832","Insurity","6.0","4.8"
"3211998","Fourkites","71.0","3.6"
"5116938","Midland Channel Management","3.0","1.2"
"1893338","Swaran Soft","31.0","3.2"
"1892818","Srijan","143.0","3.3"
"5246814","Inchcape Shipping Services","188.0","3.3"
"124606008","St Barbara Perth","",""
"2902322","Boehringer Ingelheim","307.0","4.0"
"4256576","Jainam Share Consultants","27.0","4.1"
"124796377","Verdictum","2.0","1.0"
"5149728","Madhav Marbles And Granites","",""
"124967125","Tounch Software Solutions","",""
"125126011","Vanitha Goodwill Collections","",""
"3831286","Nrusimha Software Services","",""
"124652976","Solutions Metrix","",""
"2017948","SAGE","145.0","3.4"
"5690430","ARCHER Transnational Systems Pvt. Ltd","140.0","3.4"
"5615714","Primex Healthcare And Research","4.0","1.0"
"125125911","Mohammad Shamshad","",""
"1092762","Innovative Associates","",""
"5312612","Onrgy Services","19.0","3.8"
"2930100","Mongodb","97.0","3.8"
"5151426","Alza Incorporation","1539.0","4.0"
"5739052","Euclidz Technologies","",""
"2186","Vishwa Management Services","",""
"755607","TechAffinity","48.0","4.2"
"5764250","Drink Prime","62.0","3.8"
"124865687","Bnyn Softtech","",""
"5004138","Vdream Allusions","",""
"4515126","Chennai Fertility Center And Research Institute","9.0","3.6"
"5465228","Synergy Systems & Solutions (SSS)","111.0","3.9"
"944164","Ascon Infrastrucutre","4.0","2.3"
"46343","Advaiya Solutions","41.0","3.7"
"123666653","SAI Hr Consultants","",""
"123921391","Opendoor","41.0","3.7"
"5732260","Advanced Engineering Solutions","7.0","4.2"
"124035082","Metaapply","",""
"125074533","RAJ Gathe Consultants","",""
"125117893","Hubotx Labs","",""
"124199334","Namasthe Consumers","",""
"1028722","Mahabir Danwar Jewellers","23.0","3.2"
"2651672","Perseus It Solutions","2.0","5.0"
"124342650","Sambhrant Elite Infra Venture","",""
"124604764","Ideal Beach Resort","5.0","3.9"
"2186732","Career Shaper","",""
"749162","Whale Enterprise","16.0","4.4"
"582329","Accomplished Consultant","",""
"5364132","Appsinvo","10.0","4.6"
"123625459","Ardee Industries","105.0","4.0"
"4779050","Morgan Eries","",""
"835103","Dynamic Talent Acquistion Pune","",""
"124585622","Ione It Solutions","12.0","3.8"
"125122765","Anita Industries","",""
"1336328","Green Start","",""
"124771529","OCL Iron & steel (OISL)","125.0","3.5"
"123475643","Talent Analytica","",""
"125125263","Akira Tours","",""
"3489344","Placement Hub","",""
"597","Interocean Shipping Company","207.0","4.4"
"124426858","Qualicentric Ites","21.0","3.2"
"124640590","Pashupati Construction and Engineering","",""
"124054958","Galaxy Services","",""
"123568375","Shree Madhav Agencies","20.0","2.7"
"124267632","A R Electro Power","7.0","3.1"
"5659276","HEX64","8.0","5.0"
"1579876","Msa Instruments","9.0","4.1"
"4986560","Linkstrat Business Solutions","",""
"123464197","Pay Panda Payment Solution","5.0","2.4"
"124159234","RQ Technologies Llp","",""
"277901","Creative Projects & Contracts","106.0","3.9"
"125120929","Kalpesh Gohil","",""
"124022586","Headoffice - Delhi Public School Bathinda & Patiala","",""
"6363312","Vector Management Consulting","17.0","3.2"
"124646362","Manvi International Courier","",""
"958566","Capiq Engineering Pvt  Ltd","66.0","3.9"
"6188106","Eucloid Data Solutions","12.0","3.9"
"124719757","Numberix Global Outsourcing Pvt Ltd","",""
"10769","Ramsol","",""
"972302","BLS International","302.0","3.5"
"123790215","Stratefix Professional","48.0","4.2"
"14903","Hands On","",""
"4425616","Pepper Media","48.0","3.6"
"6853953","Dai ichi Karkaria","112.0","4.0"
"679015","Hartex Rubber","146.0","3.1"
"955604","Ehealthsource","11.0","4.4"
"124758665","PON ANANDHAM","",""
"125117301","Unikko Developers And Construction ,","",""
"349023","Mikuni","440.0","4.1"
"79913","Metalman Auto","474.0","3.9"
"4046894","Balaji Press Products","18.0","2.5"
"124789495","Parent Mont","",""
"6086132","Squareshift Technologies","4.0","2.5"
"124280310","Rikun Manufacturing","54.0","3.4"
"124512488","Halcyon Industries","",""
"835831","Phoenix Contact","247.0","4.0"
"4325792","Ucertify","103.0","3.7"
"4694204","Hrvisory","",""
"125125161","Dreaam Home Maker","",""
"4160516","Mobpair Technologies","",""
"124015112","Cpc Preciparts","7.0","3.7"
"123962217","Pranav Chemicals","29.0","3.3"
"915034","Cqra","272.0","4.5"
"125109385","OJA Earthmovers (a Unit Of Oja Automobiles Private  Limited)","11.0","2.4"
"1027478","PNG Jewellers","95.0","4.2"
"124713157","Cancard International","",""
"124544474","Aionion Group","11.0","3.5"
"123802045","Asiatic Stock","",""
"6325234","Navkar Digital Institute","2.0","4.5"
"5744088","Luftek Engineering","24.0","4.2"
"123950483","SIB Operations And Services","47.0","4.1"
"125084241","Freelancer","266.0","4.1"
"125113007","Urban Medex","",""
"5164726","Kuloday","74.0","4.1"
"125125145","Assignpro Solutions","",""
"5364044","Shree Shakambari Ferro Alloys","16.0","3.2"
"7065021","Eximius Ventures","2.0","3.3"
"124082060","Sita Information Networking Computing India","193.0","3.9"
"123872737","IME India Finance limited","",""
"123558615","Eyerov","4.0","4.5"
"890476","Treo Engineering","51.0","3.6"
"5846698","La Sorogeeka","31.0","3.4"
"123844469","Medhavi Skills University","59.0","4.1"
"4337976","AAFT Online","233.0","4.1"
"6890467","Crayon Software Experts","61.0","4.5"
"5543928","Gigamon","55.0","3.5"
"3515","Almondz Global Infra Consultant (AGICL)","57.0","3.4"
"124568376","Balaji Construction Company","5.0","3.7"
"7044611","Fluid Logic Systems Pvt Ltd. (A VOITH Company)","31.0","3.7"
"6485","Navigators Software","156.0","4.0"
"123858405","Irish Taylor & Co","",""
"3429174","RGP Electronics","12.0","2.9"
"123958633","Vedic Village Hotels ","16.0","4.2"
"382783","Ultramarine & Pigments","81.0","3.7"
"149924","Rm Shah Management Consultants","",""
"1040348","Iconic Fashion Retailing","298.0","4.2"
"6261432","Helios Natural Renewtech Pvt Ltd.","5.0","5.0"
"6321272","Atulaya Healthcare","94.0","3.6"
"124598490","Axiom Software Solutions","4.0","1.9"
"3776654","Raj Industries","135.0","3.7"
"6241278","Zoominfo Technologies","2.0","3.6"
"4068","Changepond","205.0","3.0"
"124386178","Elmack Engg Services","23.0","3.2"
"124681534","LOGIWARE SUPPLY CHAIN SOLUTIONS","10.0","4.4"
"6260218","Factor Human Resources","",""
"123764259","Honeycomb Telnet","8.0","3.6"
"5708752","Crest Property Solutions","34.0","3.7"
"8308","KG Information Systems (KGISL)","777.0","3.1"
"125125019","Harsh Chordia Chordia","",""
"4301724","VMS Bathware","20.0","3.4"
"5283708","Nsquare It Solutions","",""
"1844","Watertec","346.0","3.8"
"124239100","Careerascent","",""
"124545112","Axiom","",""
"124025064","Girnar Precision Technologies Ltd.","4.0","3.8"
"124220254","Uni Traans Log","",""
"2143890","Varindera Constructions","297.0","4.2"
"1384118","Everest Instruments","59.0","3.4"
"1127766","Caratlane","1015.0","4.1"
"125006145","Innovative Talentworks","",""
"2634932","Proklean Technologies","38.0","3.9"
"4764694","Snowcem Paints","361.0","4.0"
"3412048","Adamas World School","42.0","2.6"
"4252342","Twenty First Century Mining Pvt Ltd","",""
"123867585","Pioneer Panels","27.0","4.4"
"2146078","Bill Gosling","759.0","3.4"
"5353292","Omprime Technology","207.0","3.9"
"125124783","Glofara Health Innovation Labs","",""
"6368268","GNT Page","",""
"5095818","Vaaman Engineers","663.0","3.8"
"2501368","Innostax Software Labs","56.0","3.7"
"125124817","Reysha Home Decor","",""
"123791741","Pro Security Services","17.0","3.6"
"123688805","Hope Hr Management Services","",""
"6811039","Ele5 Solutions","",""
"9627","Medtech Life","37.0","2.7"
"2982020","The malt","58.0","3.5"
"2547716","innovantes IT","16.0","4.7"
"123973283","Codekids Technologies","",""
"123727293","Sanjay Electricals","92.0","4.4"
"1795662","Hartek Group","211.0","3.7"
"124367202","Phoenix Medical Systems","75.0","3.7"
"828925","Macmillan Education","80.0","3.5"
"4187936","Ecozen Solutions","118.0","4.1"
"123741023","Teqra Global Engineering","2.0","3.4"
"125044877","SPODS Technologies Private Limited","",""
"756995","Ashapurna Buildcon","107.0","4.1"
"4120396","Silaris Informations","804.0","3.1"
"125000009","The Holy Kingdom Public School","",""
"4851614","SUMS Corpsolutions","",""
"125124641","Precision Electro Instrumentation India","",""
"4771254","Aditi Tracking Support","31.0","4.0"
"1138","Sonyo Management Consultants","",""
"155941","Eastman Industries","110.0","3.9"
"1489770","Anchrom","11.0","3.2"
"637645","Malhotra Book Depot","7.0","2.6"
"1070978","Shiprocket","370.0","3.5"
"7089225","Nrd Tech","",""
"6578310","High Voltage Substation Services","",""
"1393546","Dehaat","592.0","3.5"
"5043968","TPI Composites","182.0","4.2"
"125070535","Santasa Fertility Pvt Ltd (Santasa Fertility and IVF)","",""
"1243750","Mithra Jobs","",""
"1841504","FIL Industries","120.0","3.3"
"5400676","Maxpine Developer","",""
"6522152","Lion Infra Developers","15.0","3.2"
"5840024","Svitch Energy","9.0","3.1"
"124186654","Three Pillars Staffing Solutions","",""
"124223062","Ankurit Investment Services","",""
"123861617","Tech Mahindra Foundation","172.0","3.9"
"3713250","Agilysys Technologies India","217.0","3.4"
"5169972","Goodcare It Management Services","8.0","4.9"
"6953941","Glostem","",""
"124990135","Brandville Creative Studio","",""
"6882529","Curis Rcm","16.0","3.9"
"5931946","SBC Cooling","6.0","4.5"
"146962","Tenneco","1165.0","3.7"
"124468456","Aman Exports","16.0","3.7"
"5094496","IT Resonance Inc","10.0","4.0"
"124335976","Dynamo Electric Showroom","",""
"3714310","Synapsys Mentors","",""
"3334210","Seven Seas Hospitality","25.0","2.2"
"1355428","Itnonitjobs","",""
"534591","Wildnet Technologies","87.0","4.1"
"6006252","Dbiz.ai","24.0","3.4"
"4284626","Cloud Analogy","5.0","2.7"
"4534668","Campus Activewear","287.0","4.1"
"20074","Preludesys","286.0","3.3"
"6093806","OneSky Offshore Pvt. Ltd","25.0","3.7"
"432583","Bisk Farm","625.0","4.0"
"125061569","ad.persona","",""
"125120093","Mathikunte Shivalingaiah Thammanna Gowda","",""
"990538","Radius Infotech","38.0","4.3"
"3205406","GTPL Hathway","364.0","3.9"
"123874509","Spinoff Technopark Limited","16.0","3.1"
"123747003","Mahamarg Infra Consultants","",""
"123668609","National Australia Bank (NAB)","398.0","3.0"
"5799732","Minkoos Services","",""
"4633544","Stylebaazar","432.0","4.0"
"4914620","Shri Bajrang Power","221.0","3.8"
"124682198","Salud Care (india) Limited","32.0","3.3"
"123776008","YES Germany","70.0","3.5"
"6963495","Agile Dna","",""
"842815","IIMI Image Management Pvt. Ltd","218.0","3.4"
"6334398","Cogentnext Technologies","2.0","5.0"
"125003097","Magnus Innovative Technical Services Private Limit Ed","",""
"123594461","Durjaya Consultancy Services","",""
"1397902","Dataterrain India","13.0","3.7"
"4307478","Ascot Hotels","22.0","2.7"
"481665","Panasonic Life Solutions","2030.0","4.0"
"733557","A M Designs","18.0","1.6"
"4080708","Chiripal Poly Films","186.0","4.0"
"286781","Ranosys Technologies","99.0","3.3"
"5855740","Perte Dego","",""
"6301892","Dot & Key","48.0","3.7"
"123617451","Maxis Clinical Sciences","",""
"5627164","Pearl Motors","",""
"6272952","D. Kumar Group","35.0","4.0"
"125124165","LEO Infra Tech Co.","",""
"757031","Vvdn Technologies","2576.0","3.6"
"124126858","The Lead Vision","2.0","1.5"
"124973241","LPT Edtech","",""
"1305464","Maxtar Bio Genics","35.0","3.6"
"996064","Novopor Advanced Science Pvt. Ltd.","28.0","4.2"
"988516","24Karat Gold","15.0","3.1"
"6922095","Digitechrp Llp","2.0","4.3"
"125025541","Powermetz Energy Pvt Ltd","2.0","4.4"
"5947180","Ocean Techventures","2.0","5.0"
"1994032","Multiverse Solutions","28.0","2.2"
"125092053","Samaa Kuteeram","",""
"124388060","S3N Consulting Services (opc)","3.0","2.8"
"1296534","Galaxy Sivtek","59.0","3.7"
"124905041","Mattrade Resources","",""
"3712256","Envertis Infosoft","20.0","4.0"
"6511718","Mitra Industries","89.0","3.6"
"6459500","Primathon Technology Ventures","26.0","3.8"
"6918703","Synergy Telematics","32.0","4.0"
"124473680","Harsha Cnc","",""
"1294740","HR Bloc Consulting","",""
"1743072","Sheenlac","1313.0","4.3"
"124896107","Samc Management India Llp","",""
"83834","Arkray Healthcare","215.0","3.8"
"124126358","T.B Desai Family Public Charitable Trust","2.0","2.8"
"123643317","Timbertruss","7.0","3.9"
"124740715","Enlace Polymers","",""
"5826254","Macpro Business Services","",""
"124200670","Kyptronix","16.0","4.7"
"125073985","Skillstack Ventures","",""
"123578431","Skill Consultancy Services Kolkata","",""
"7035313","Indelible Technology","10.0","3.3"
"6793419","Thanas Tech","14.0","3.8"
"173359","Talent Maximus","",""
"123578659","Suraksha Gold","18.0","2.1"
"123897433","Chamunda Pharma Machinery","30.0","3.8"
"123750331","AAB Accounting Services India","",""
"123961601","Vision Educational & Charitable Trust","2.0","2.5"
"124522372","Usxi India","",""
"226592","Anubavam","52.0","4.6"
"6392320","Paramjyoti Movers","24.0","3.6"
"125117663","Rosier Foods","",""
"124624306","Inteliqo Technologies","",""
"124496226","Seoczar It Services","44.0","2.9"
"123830625","Stock Daddy","24.0","2.5"
"123596265","Antier Solutions","80.0","3.2"
"125122121","Besta Restaurant Llp","",""
"125122893","Stockey Pos Software Technology","",""
"123934435","Premier Evolvics","60.0","2.8"
"5674274","Gloria Engineering","34.0","2.6"
"125122091","Regbase Hub Artificial Intelligence Pvt.ltd.","",""
"125122129","Medsor impex","2.0","5.0"
"123963547","Bauer Engineering","51.0","4.3"
"4241912","Kukdo Chemical India","38.0","3.9"
"124813417","Integriti  Consulting","",""
"125118355","Ekveera Construction","",""
"5368194","Gaia Smart Cities","12.0","2.6"
"123559541","Radici Plastics India","14.0","3.1"
"3344114","Community Samvad","10.0","3.8"
"123834387","Binarymetrix Technologies","6.0","4.1"
"3897964","Eastman Impex","32.0","3.9"
"4853690","Team Builders India","",""
"4172896","Aqusag Technologies","22.0","3.1"
"4115954","Plumgoodness","22.0","3.3"
"124461794","NEP Group","9.0","2.9"
"124070844","Elemech Engineers","18.0","3.1"
"123938661","Urbanfingers","",""
"125087999","Plutus Academy","4.0","1.7"
"123914159","Araville Farms","",""
"5528018","HIC Global Solutions ","96.0","4.1"
"123938675","Bioinnovations","2.0","3.5"
"124265634","Lotus Petal Foundation","8.0","2.9"
"124534690","Happy Forging","136.0","3.7"
"5175522","apexanalytix","6.0","2.6"
"123561443","Yog Infra","2.0","2.9"
"6303112","Ontic","5.0","2.0"
"4656602","Agilo Research","5.0","4.4"
"2521100","ID Tech Solutions","41.0","3.8"
"124825819","Repute Digital Business Agency","3.0","3.0"
"124547910","Idx Inc","",""
"4172830","Mykaarma","10.0","3.1"
"125116939","Wendt India Limited","78.0","3.7"
"124476098","Ekatta","4.0","3.4"
"125119279","Kay Jay Forgings","176.0","3.7"
"3733292","Norma Group","43.0","3.3"
"1895438","Pal Infocom Technologies","11.0","2.3"
"125116927","Ishitva Robotic Systems","9.0","1.7"
"124457050","Difinity Digital","4.0","4.0"
"3504884","Balaji Amines","86.0","3.4"
"124873939","Eazy Dms","",""
"4673386","Nebula Surgical","35.0","3.2"
"124652064","Fornnax Technology (p) Limited","19.0","3.5"
"124657028","Maharshi Group","53.0","3.5"
"3906870","Logicladder Technologies","18.0","2.6"
"124686098","The Sustainability Cloud","",""
"2356106","BEO Software","148.0","4.2"
"6777623","Valorx","13.0","4.2"
"123630483","Qualifacts Systems","28.0","3.5"
"3655310","Stockedge","27.0","3.2"
"4580990","ION","209.0","2.9"
"2260086","Convegenius Edu","50.0","3.7"
"2031662","ITL Tours Travels Pvt. Ltd.","",""
"1969210","Alea It Solutions","14.0","3.5"
"2034080","Kritikal Securescan","2.0","3.1"
"4743918","Gogox","8.0","4.5"
"4618754","Factentry Data Solutions","48.0","3.3"
"2031088","Indea Design","12.0","4.0"
"124083414","Deutsche Telekom Digital Labs","170.0","3.5"
"5578152","Udemy","14.0","4.6"
"7060513","Metzuyan Technologies","4.0","4.1"
"3951450","Frantail","",""
"124390790","Iimcip","2.0","3.3"
"1965452","Sanpar Microfilter","22.0","3.2"
"1970636","Athena Infonomics","8.0","4.9"
"1751088","Sysvine Technologies","76.0","4.1"
"3595232","La Renon Healthcare","192.0","4.1"
"3596422","Ants Digital","8.0","1.9"
"124293280","Servoedge Technologies","",""
"124911847","Encore Capital Group","614.0","3.9"
"125106841","Vvrs","8.0","4.7"
"3976416","Universal Boschi","12.0","4.8"
"125089825","Bake Fresh Bakery","",""
"123982255","Vgen Software Solutions","",""
"751629","247hire","",""
"125123793","Hanumant Tiles","",""
"463191","Toshniwal Industries","84.0","3.1"
"2794178","Prowess Enterprise","14.0","4.5"
"6276762","Durapid Technologies","27.0","4.5"
"1500610","jobrevolution.in","",""
"123971479","Zobone Bpo","9.0","3.7"
"123557839","Global Assure","20.0","1.6"
"123457647","Ramji Corp","",""
"5308594","SilverXis","7.0","1.3"
"123883633","Michael Page","",""
"125009231","Karthik L  Associates","",""
"124453538","Bridge To Recruit","",""
"125123565","Arul Francis Rajendran Binish","",""
"967984","Mavenhasten Consulting","",""
"6897141","Mydaddy Business Solutions","",""
"123995342","Popo Ventures","7.0","2.0"
"125115345","Chicka Litti","",""
"2665474","Tiwari Tutorials","7.0","1.2"
"124413540","Bright Consultancy","",""
"124123410","Kuber Agro Industries Pvt. Ltd","",""
"3302662","Promag Progressers Facility Services Private Limited","263.0","4.2"
"5290122","Ivy Clinics","16.0","3.5"
"42545","24x7 Corporate Solutions","",""
"123925833","Trigam Associates","",""
"125123415","Blessings School Of Hypnosis","",""
"3891782","Talent Walk Placement","",""
"124193436","Adira Enterprises","",""
"124643370","Manokaamna Group","",""
"125120553","Pro Financial Services","",""
"125098235","Mobibox Softech","3.0","4.7"
"5296438","Manohar Chowdhry & Associates","65.0","3.6"
"7008427","Sirtuins Lifesciences Patna","",""
"2752442","JR Technologies Web","11.0","4.1"
"1034858","Manjilas Food Tech","38.0","3.2"
"5307818","Jobs.com","",""
"124121846","Hindu Mission Hospital (HMH)","38.0","3.2"
"256709","Indxx","57.0","2.5"
"124076952","Ehire Tech Services Mohali","",""
"6879545","Dashmesh Group","4.0","4.0"
"4845006","Vanator Technology","46.0","2.8"
"124400854","Sacred Heart School (a Unit Of Kurseong Sacred Heart Educational Society)","86.0","4.1"
"503663","ARi Global","282.0","3.5"
"125095495","Staff Connect Information Technology Consultants","",""
"5041548","SONA SALES CORPORATION","13.0","3.1"
"6018852","Touchmark Descience","7.0","4.9"
"124712027","Candidate Express","",""
"889458","People Prime Worldwide","",""
"2500266","Microgene Diagnostic Systems","61.0","3.6"
"6362918","Duroflex","332.0","4.0"
"6460158","Procdna Analytics","16.0","3.2"
"124134072","4G Identity Solutions","35.0","3.3"
"2395866","Durus Consulting","",""
"1281610","Pacific International Lines (PIL)","50.0","3.8"
"2976278","Camions Logistics Solutions","45.0","3.1"
"1128956","WAE India","90.0","2.7"
"4757866","Varthana","567.0","4.0"
"124916497","info@abuzzwebtech.com","",""
"124068378","Atlantaa","38.0","3.6"
"89293","Pressurejet Systems","108.0","3.9"
"124335648","Young Edsplorer","17.0","3.7"
"124688752","Kiswok Industries","380.0","3.3"
"124236022","Tekintegral","",""
"7090685","FAB Industries","32.0","3.0"
"125093095","Medlix Health Solutions ","57.0","4.3"
"1754444","Green Signal Bio Pharma","26.0","3.7"
"4635462","TrucksUp Solutions Private Limited","129.0","3.6"
"124332234","3r Infotech","6.0","2.8"
"6729631","Brilliant Approach Pvt. Ltd.","",""
"1609286","Intensiv-filter Himenviro","35.0","4.1"
"5794894","Pushp Henna","23.0","3.3"
"123746085","Pinnacle","24.0","4.0"
"2213966","Cubet","27.0","3.5"
"124089986","Crescent Opto","25.0","3.9"
"125123003","FAB India Forbes Global Properties","",""
"6866831","Assotech","71.0","3.4"
"2574922","NSM Services","30.0","4.1"
"3439074","CSB Bank","1555.0","3.2"
"124302702","Mevachi Solutions","",""
"2937376","Trinity Mobile App Lab","15.0","4.9"
"41354","Synergy Computer Solutions","16.0","3.7"
"125122543","Rajesh Construction Company","8.0","4.1"
"1534444","Codecraft Technologies","68.0","3.9"
"125114381","Amethyst Cafe","4.0","4.2"
"124273446","Pelocal","8.0","3.1"
"2613364","Seth Anandram Jaipuria School","113.0","3.6"
"837837","Amrit Bottlers","131.0","4.3"
"124699242","Prashita Associates Llp","",""
"2689264","Maruti Meditech","19.0","3.2"
"125083121","Grob Machine Tools India","13.0","2.6"
"3072624","Danieli","233.0","3.6"
"125122991","FIT In Consultants (opc)","",""
"5716108","Intechhub Solutions","28.0","4.0"
"6110012","ST Johns Sr Sec School & Jr. College","21.0","4.2"
"3200476","Lnsel Software","84.0","3.3"
"633473","Golfgreen Superstructures","",""
"124183336","Pou Chen Corporation","2.0","3.5"
"124613804","PROPERME ","",""
"125122929","Charak","211.0","3.6"
"3695808","Findoc Investmart","28.0","3.6"
"123693721","Connecttel","",""
"2891678","Chandigarh Group Of Colleges","239.0","3.6"
"6373080","Asprcm Solutions","50.0","3.7"
"7136093","Blueaspire Technologies","",""
"2594996","Optimal Virtual Employee","27.0","3.2"
"3272538","Vamaa Dairy","35.0","3.6"
"5196524","Allegiance Consultancy Services","",""
"5459426","Mancraft Consulting","",""
"124060582","Square Foot Realtors","",""
"77696","Kritikal Solutions","92.0","3.7"
"4659676","Prompt Equipments","37.0","3.7"
"124856497","Adesso India","5.0","3.6"
"124644180","Inex Medicaments","",""
"124390702","Eresolution Consultancy Services","",""
"4317342","Urmila International Services","67.0","3.6"
"123530519","Chordia Jewels","",""
"6780959","Wave Malls","3.0","3.3"
"1854658","APA Engineering","77.0","4.0"
"125116273","Leadspair Solutions","",""
"1264160","Mak Controls","81.0","3.1"
"124245184","Online Psb Loans","37.0","3.5"
"4407946","Veera Contracts PVT LTD","4.0","2.6"
"5559696","Masterkey Management Consultants","",""
"124675188","Hueance.com","",""
"3289480","Flipcarbon Integrated Solutions","",""
"730483","Voltech HR Services (VHRS)","",""
"6484154","Greaves Technologies","43.0","3.5"
"71310","Richmond Talent Solutions","",""
"3117048","Gmv","21.0","1.5"
"357851","Enlist Management Consultants","",""
"124554960","Guru Nanak Scaffolding","",""
"5660714","Shree Gautam Construction Company","41.0","3.7"
"5182670","Innovist","3.0","4.1"
"124848351","Sociapa","7.0","4.4"
"124305140","Shardey Infracon","2.0","4.5"
"123466819","Anicut Healthcare Solutions","6.0","2.8"
"977","QBS Learning","53.0","3.3"
"15139","Marathon Group","225.0","3.9"
"124216482","EL Revgen Healthcare Solutions","16.0","3.5"
"123926511","Stellar Automation Services","5.0","3.5"
"124211572","Sembark","22.0","4.6"
"123782385","INSTITUTE OF ENGINEERING & MANAGEMENT (IEM)","145.0","4.6"
"417763","Pravek Kalp","54.0","3.9"
"3412102","Zuru Tech India","47.0","4.0"
"557635","NBC Bearings","904.0","3.8"
"3962292","USAM Technology Solutions","51.0","4.0"
"4632744","Insight Direct India","46.0","3.7"
"4003696","Velox Automation","67.0","4.5"
"3077724","Bajaj Consumer Care","518.0","3.8"
"710391","Cogneesol","126.0","3.5"
"125087261","Eazybahi Solution","",""
"124496476","Metamorphosis Institue Of Transformation","",""
"3341790","CG Infinity ","30.0","3.4"
"2139266","Uma Polymers","101.0","3.4"
"1292276","TRANSAFE SERVICES","1115.0","3.9"
"12430","Ahluwalia Contracts","1054.0","4.0"
"125026379","Legacy Industries","5.0","3.5"
"125122617","Magshield Global","",""
"43352","Mitsu Chem","59.0","3.9"
"125113651","skcenterpriseskk@gmail.com","",""
"124804983","Anadrone Systems","7.0","3.8"
"202175","Ami Lifesciences","394.0","3.9"
"3628612","Swagat Infrastructure","6.0","4.7"
"3792380","Glued Entertainment","7.0","2.7"
"123663723","Windamere Projects","13.0","2.7"
"124355208","Tangent Computer Services Nagpur","2.0","5.0"
"6600606","Smartcoders Consulting","",""
"125107341","Manoj Kumar","",""
"125122581","Mods Nation","",""
"125118243","Smart Technology Digital Marketing","",""
"125102267","Integral Ems","",""
"8472","Swathi Business Solutions","",""
"123742963","Leading Export House","",""
"4777354","SUREGROW","59.0","3.7"
"3721248","Mrs Bectors Foods Specialities Ltd","516.0","3.8"
"125122519","Oasis India It Store","2.0","5.0"
"125031013","Ruban J","",""
"962630","Genxlead","55.0","3.8"
"720613","Payal Polyplast","66.0","3.2"
"4162482","Brillon Consumer Products","119.0","3.6"
"605","Evolv Clothing Company","42.0","3.8"
"125114209","Cruze System Window","",""
"124644230","Manabs Sourcing Solutions","5.0","2.1"
"1128124","Maa Illustrations","",""
"828495","AN Pharmaceuticals","152.0","4.3"
"1862818","Travelstack Tech Private Limited","421.0","3.3"
"841353","H G Infra Engineering (HGIEL)","1019.0","4.0"
"125122289","Dinny Decors Llp","",""
"1089394","Paramantra","7.0","2.6"
"125122099","Webtek Inc   X   Vrinda Immigrations","",""
"123543727","Jhandewalas Foods","17.0","2.1"
"2342524","Intuz Solutions","16.0","3.6"
"4242408","SkillLabs","6.0","4.8"
"124965119","Mysore Ammonia Envirotech","",""
"1275004","Hestabit Technologies","126.0","3.9"
"5376588","Calpro Specialities","50.0","3.8"
"2002082","Cinfinite Technologies","",""
"123975323","Auric Motors","40.0","3.9"
"3100192","Bharat Logistics Solutions","43.0","3.6"
"5585648","Rothe Erde India Pvt. Ltd.","96.0","3.9"
"5096234","Sndk Corp","15.0","4.2"
"6991737","Prakash Shrink Pack India","6.0","2.1"
"513667","Ajay Industrial Corporation (AICL)","207.0","3.6"
"123847673","Kumar Arch Tech","13.0","4.5"
"125117689","Digicue Pty Ltd","",""
"5422360","Arunodaya Print Pack","4.0","4.4"
"125120709","Conquest Quality Systems Services Private Limited","7.0","4.8"
"124029074","Lyros Technologies","21.0","3.2"
"2447306","Dr B Lal Clinical Laboratory","164.0","4.3"
"647535","metacube","234.0","3.8"
"7056053","Nxtra Data","134.0","4.1"
"3356300","Relinns","101.0","4.5"
"6111776","Kapsons Fashion Privated Limited","51.0","3.9"
"489627","SOS","183.0","3.6"
"5600954","Thinkbiz Technology","29.0","3.0"
"125121849","Paanini Constructions","",""
"5407060","Teampro Hr & It Services","",""
"7077259","Yuvaap","",""
"123965981","Win Win Distribution","8.0","2.9"
"124602696","Qiskitq Technology","",""
"123843537","Phantasm Digital Works","5.0","2.9"
"125120409","Al Sakha Trading And Contracting","",""
"1357112","SoftwareOne","405.0","3.7"
"5930962","Cloudera","68.0","4.0"
"124146910","Three Ayee Consulting & Venture Management","",""
"125121691","Kolasal","",""
"124113208","SIP Academy","93.0","3.9"
"124677544","Leading Higher Education and Skilling University","",""
"4177638","Rubik Infotech","8.0","3.0"
"3368784","Skyline Builders","57.0","4.2"
"124549416","Radadia Engineering","2.0","1.0"
"5850344","National Commodities Management Services (NCML)","456.0","3.9"
"7038839","Azimuth Grc","58.0","3.6"
"158909","Keventer","629.0","3.9"
"65993","Jayem Automotives","162.0","3.4"
"5951654","TRG Group","6.0","4.6"
"125121777","Rakesh Kumar","",""
"3613800","Mts Engineers","14.0","2.3"
"7130278","Egdk","66.0","3.4"
"124093568","Harpercollins Publishers India","52.0","3.8"
"1531270","Repute Infotech Enterprises","25.0","3.0"
"4063864","Shanvi Infotec","",""
"4507698","Groundtruth","69.0","3.4"
"125115693","Madras Marathadi Cuisines","",""
"123815785","Clarium Tech","16.0","3.7"
"123963163","THE Flaavours","",""
"5470442","Qualsights","",""
"4208614","Wealth Clinic","105.0","3.4"
"163878","Pragati Green Meadows","12.0","4.2"
"123936691","Meload Works Pvt. Ltd. ","16.0","2.5"
"6842513","Nextplay Retail","",""
"123735019","Wings Biotech","190.0","3.1"
"1423078","FlightsMojo","",""
"6343724","Cancer Centers Of America","20.0","3.2"
"5558750","Dalas Biotech Limited.","33.0","3.3"
"124272462","CoreOps.AI","6.0","3.7"
"1540060","Burgundy Hospitality","72.0","3.4"
"1120674","Indo Count Industries","234.0","3.8"
"124234960","Elastiq","29.0","4.5"
"124938931","ATI Travels","3.0","4.2"
"6847871","Single Window Consulting","",""
"513151","Aptus","446.0","4.2"
"1249460","Msc India Consulting","6.0","3.3"
"3841238","Airbnb India","265.0","3.6"
"123998976","Tropical Agrosystem India Pvt Ltd","106.0","4.4"
"125089951","Kimti","",""
"125119925","Vilva Jewelless","",""
"609667","Logiwiz Logistics","12.0","2.2"
"4390602","G10X","9.0","3.8"
"6580510","Global Connect Business Solutions","6.0","3.8"
"2108212","Socialchaat","16.0","4.5"
"5232678","Sentientgeeks Software And Consultancy","80.0","4.3"
"123737677","Ansari Corporate Advisors","",""
"5851482","Lords Chloro Alkali","71.0","3.3"
"124201794","Five Tattva Cyberhub Security Llp","3.0","3.7"
"4516868","Enormous Enterprise","",""
"125113575","Zapai Software Systems Inc","",""
"123981547","Nation With Namo","103.0","2.8"
"124303622","Raz Digital","",""
"5099304","Arktron Software Solution","",""
"125121311","Us-based Logistics Firm","",""
"125121361","Royal Rasoi","",""
"6955601","Himonal","",""
"124345254","Hitesh B Shah Civil Engineers & Contractor","",""
"4596206","SVAAR","22.0","3.5"
"74008","Dastur","",""
"4519162","Galaxy Consultants","",""
"271957","Keyideas Infotech","103.0","4.2"
"515583","IRT Digital Analytics Solutions","101.0","4.1"
"4199034","Shubhshree Engineering & Constructions","19.0","4.4"
"7140825","Replay International","4.0","4.0"
"123670865","MACOM","3.0","3.0"
"3352198","Fusion Corporate Solutions","27.0","4.1"
"124836853","Qrestik Technologies","7.0","3.6"
"124718407","Dechcept","2.0","4.0"
"124496454","Rebaca Technologies","52.0","4.5"
"124305120","3clogic","29.0","4.4"
"125120243","ALLURE GLAM PVT LTD","",""
"124498558","LSK Vaishno Exporter Importer","",""
"3260132","S.R. Enterprise Faridabad","107.0","4.0"
"124146750","Sodobusiness Tech","",""
"124102270","Intech Infratel","4.0","3.1"
"123596723","Kaspon","22.0","4.0"
"123614699","Rectab Consulting","",""
"125120239","NS Automation And Equipments","",""
"125119537","Mtcconstructions","",""
"125118949","Pal Trade -chem Llp","",""
"125120055","Silver Melon","",""
"124798905","WORKFORCE SOLUTIONS","",""
"125119785","Kobelco Construction Equipment India","206.0","4.2"
"1258494","Debashu Services","4.0","2.7"
"124916413","ETS India","30.0","3.1"
"123848153","Ahead","56.0","3.6"
"123913561","Ablecold Logistics","25.0","2.3"
"125117567","Manalraymond Retail Shop","",""
"125118333","Edge Corporation","4.0","2.9"
"124714697","GENAQUARIUS PRIVATE LIMITED","",""
"124441534","Space And Fit Out Technologies","",""
"1847406","VoiceTree Technologies Pvt Ltd.","31.0","2.7"
"123850491","Revvity Healthcare","13.0","3.6"
"124301178","Fabricair","",""
"5257552","Bright Money","42.0","3.1"
"4099170","Detect Technologies","89.0","3.5"
"4023364","Itechnotion","25.0","4.8"
"124190370","Purti Group","20.0","3.5"
"5339906","Avid Organics","22.0","4.1"
"124059614","Projecttree","8.0","3.7"
"124682380","SIG Group","4.0","4.3"
"4521502","Finbox","13.0","2.7"
"4681672","Endress+Hauser Gruppe","143.0","4.3"
"4353808","Siegwerk","253.0","4.1"
"124009482","Indriverru Ltd","",""
"5194952","Lawson Fuses","219.0","3.9"
"5756546","Aims Infosoft","8.0","2.8"
"123953975","Plan A Technologies","",""
"123609461","Chargeback Gurus","75.0","3.9"
"124188638","Alike Io","9.0","3.9"
"3830074","Emirates","218.0","3.9"
"124433744","Sigma Ai","5.0","3.5"
"4716054","Sunsure Energy","58.0","4.4"
"123718839","Eptura","53.0","3.7"
"2609352","Kalco Alu Systems","59.0","3.5"
"124605934","Niyeahma Consultants","7.0","3.4"
"1849606","Simform Solutions","177.0","3.4"
"123593499","Dermatouch","3.0","1.0"
"124461536","Opaa  Food Management","",""
"124769591","BARSYL","99.0","3.9"
"123696583","SAGE Publications","145.0","3.4"
"3830310","Empower","515.0","4.0"
"1685932","Estuate Software","74.0","3.1"
"124524442","POD It","",""
"123487175","Ravi Infrabuild Projects","116.0","3.8"
"4816554","Pointer Soft Technologies","8.0","2.5"
"123487613","Madify","2.0","4.3"
"5252030","Onemagnify","27.0","4.0"
"5061010","Mkc Infrastructure","392.0","3.6"
"124148362","Somans Leisure Tours","",""
"125097837","Genes2me","41.0","3.2"
"124373632","Headsup B2b","",""
"123711043","IFP","",""
"124272766","MKH Hospitals","",""
"5563246","Reveleer Global Capability Center","",""
"4840790","Unidos Insta Print","",""
"125112033","Base Brand Consulting","",""
"3576504","Naidu Hospital","",""
"124804253","Global Hospitality Solutions","",""
"123624517","Bala Vikasa","4.0","4.4"
"4872098","Logicwind","17.0","3.2"
"125056897","Fox Tech","",""
"123922549","fox Corporation","8.0","3.0"
"6325614","Maticz Technology","11.0","3.2"
"4896622","Aces Digitale","",""
"123810895","Adfolks","6.0","3.1"
"123728885","Enview Technologies","2.0","3.4"
"4491830","SCV & CO. Chartered Accountants","",""
"124320236","International Potato Center","",""
"6784333","Jas Associates","",""
"124629340","Engineers & Engineers Electricals","6.0","4.9"
"124332146","Paypay Corporation","17.0","3.2"
"5035114","Nucleusteq Consulting","5.0","3.3"
"4139414","Appian","9.0","3.1"
"3159978","Taboola","23.0","3.7"
"2608424","Focaloid Technologies","64.0","3.9"
"2519562","Concord Technologies","51.0","3.8"
"2259272","Sigma Infosolutions","99.0","3.0"
"1959918","Pcsinfinity","18.0","2.8"
"1877482","Softprodigy","108.0","3.9"
"1845164","Krish Technolabs","39.0","3.8"
"124457040","Minutes To Seconds Karnataka","",""
"4419312","E Team Informatica","25.0","4.2"
"3663548","Markup Designs","53.0","3.8"
"1884836","Virtual Sys Technologies","3.0","3.0"
"1843746","Netzens Softech Ltd","25.0","3.9"
"125112023","Indus Tanks Pipes","",""
"125112019","Uphill Technologies","4.0","5.0"
"125109839","Ultramax Hydrojet","6.0","3.7"
"125109773","Sms Gears","",""
"125076637","CAI India","35.0","3.3"
"124756735","Securetrust","",""
"124952685","Rashi Ratan Bhagya","",""
"4923282","Cavalier It","",""
"124628764","The Princeton School Bengaluru","5.0","4.5"
"5124692","Dav Nandraj","3.0","3.2"
"124456226","Design Edge Architects","2.0","3.1"
"125074103","SRN Mehta School (A part of RAJ NAVAL TRUST)","9.0","4.8"
"125048287","Arkie Atelier Design India","9.0","4.5"
"124070838","Prime Uav","",""
"123692755","Fueling Brains FB Academies","",""
"4562650","Workspan","17.0","2.8"
"4978824","Engagedly Software","26.0","3.2"
"1898980","Verbat Technologies","15.0","3.3"
"123580501","Auxidane","9.0","4.0"
"3591618","Putzmeister Concrete machine Pvt.Ltd.","190.0","3.5"
"5300886","Pocketpills","3.0","2.0"
"124763179","Lead Ias Academy","6.0","4.7"
"4736588","Innova Solutions","1053.0","3.3"
"2252954","Trigma Solutions","9.0","4.7"
"3621362","Tata Steel Processing And Distribution Limited","394.0","3.6"
"4098742","Eazy Erp Technologies","164.0","3.7"
"5271234","Riskonnect","23.0","4.2"
"4590336","PrintStop","23.0","3.7"
"4234108","Pmc Rubber Chemicals","13.0","2.4"
"4572146","Garbha Gudi Ivf Centre","24.0","3.5"
"1691146","Rishabh Software","222.0","3.8"
"3883764","Vehant Technologies","133.0","3.9"
"4819950","Infilon Technologies","",""
"4896374","Mohit Industries","10.0","3.4"
"123579803","Sol's Arc","17.0","3.4"
"3561364","Corporate Solutions","",""
"124644356","Subhash Sarees","14.0","3.5"
"125121257","Prakash Kumar Choudhary","",""
"125121187","Saraswati Classes","",""
"123895515","Talent Steer Partners","",""
"2663306","Ahana Hospitals","12.0","4.2"
"2228384","Itpn Consulting","8.0","2.8"
"125121193","The Adologist","",""
"125117853","Parimal Pharmacy","",""
"6887257","ClearDemand","24.0","3.1"
"123569407","Eleprof Karnataka","",""
"831563","Sigma Placement Consultancy","",""
"6774989","Rhophi Analytics Llp","",""
"577223","Prodigy Recruitment Consultants","",""
"5773350","Approval Guru ","2.0","2.2"
"7014359","Proconnxt","2.0","1.1"
"124070458","Aquaexchange Agritech","7.0","4.0"
"124844295","CyberShelter Infosec Solutions LLC","",""
"2105836","Wise Finserv","90.0","4.0"
"124726763","Wagify Solutions Llp","",""
"125117193","adv Mayur Vilas Pangarkar And  Associates","",""
"2535466","Kindlebit Solutions","45.0","3.2"
"4532884","Pearling Dent Nulife And Implants","",""
"124531010","Er Consulting","9.0","2.8"
"123783649","Cyntra.Ai","4.0","5.0"
"4071774","DAR Engineering","371.0","4.0"
"543183","IQ City Medical College Hospital","26.0","3.9"
"987562","DataTracks","156.0","3.4"
"6171646","Warrous","7.0","3.9"
"82574","Fabrika16","124.0","3.5"
"998844","Kriyaa Consultants and Engineers","2.0","3.0"
"124736145","Orami India","",""
"1497830","3Gen Consulting","130.0","3.3"
"2328448","Capline Services","124.0","3.0"
"140026","Consulting Engineers Group (CEG)","526.0","4.1"
"124477734","Eco Hotels","3.0","4.4"
"5377902","Jobixo","",""
"6276428","Visu.ai","7.0","4.5"
"124138196","Plastocraft Automotive","",""
"1739352","Procyon Technostructure","19.0","4.5"
"6751","SPC Management","",""
"6931541","Samp And Co","",""
"4547856","Amity Software Systems","221.0","4.1"
"5627964","Allrite Pharmaceuticals","",""
"124321794","Amaze Concrete Products","5.0","4.3"
"124542386","CNS Me India","12.0","2.9"
"123682591","EDURE LEARNING","4.0","4.4"
"123815851","VSL International","79.0","4.2"
"1417244","Versutus Management Services","5.0","4.9"
"5405486","Credit Saison India","197.0","4.0"
"258969","Smart Source","",""
"124585396","OZ Construction","",""
"835353","Customer Analytics, LLC.","110.0","3.9"
"5348740","Intergrow Brands","61.0","4.5"
"125094923","Hrpro Solution Sevices","",""
"183091","Apparel Group","228.0","3.4"
"229698","Abhitech Energycon","31.0","4.3"
"2418804","Meghe Group of Schools (School of Scholars)","21.0","3.5"
"124713081","Hexolt Life Solutions","",""
"759385","Kestone Integrated Marketing Services","82.0","3.0"
"1594020","Advanced Medtech Solutions","122.0","3.3"
"124798371","GHV Infra Projects","6.0","4.6"
"1526456","Avid Organics","22.0","4.1"
"125120599","Educativo","4.0","2.0"
"123846607","Srinivasa Vidhyalaya Matric High School","",""
"5831466","Hirelyz Business Solutions","",""
"50402","Muvtons Castors","36.0","3.7"
"124565314","Adam Design Studio","",""
"5908434","Losung360 (Shipmaxx)","19.0","3.7"
"840998","Netset Software Pvt. Ltd.","6.0","4.2"
"702017","Mahesh Edible Oil Industries","130.0","3.6"
"7086061","TIL Healthcare","81.0","3.9"
"6499116","InheritX","19.0","3.3"
"4531774","Yiron Technologies","42.0","3.4"
"6712487","Sanjay Dodrajka And Associates","",""
"124223990","Conceptwalls","",""
"124339698","Arun Rega Bakery Machineries","13.0","3.7"
"224","BS&B Safety Systems (India) Limited","464.0","3.5"
"123814397","SMV Engineers","9.0","4.2"
"5304340","Ganga R K Industries","7.0","4.0"
"125120517","Jamana Rajesh Bothra","",""
"123675145","Jehovah Associates","",""
"124708743","Orbitol Intelligence","",""
"874388","Birbal AI","17.0","4.2"
"124012540","KDS Services","",""
"124609146","Hygea Med Laboratories","4.0","3.5"
"124761185","Cube Innovators Technologies","15.0","3.7"
"3720046","Ashley Estate","8.0","4.2"
"124461950","HINDUSTAN INSTITUTE OF TECHNOLOGY & SCIENCE (HITS)","42.0","3.0"
"123947015","Shalimar Group","113.0","3.9"
"123557623","Healing Hospital","9.0","4.9"
"124262534","Pensol","35.0","2.7"
"124563140","GH2 Solar Ltd","7.0","1.8"
"6892203","Parvath Infosource","6.0","3.5"
"5449472","Baidyanath ","334.0","3.5"
"4764130","Yucca It Solutions","26.0","3.8"
"5169266","Career Kendra","",""
"123502777","Codework.ai","2.0","3.8"
"3070434","Amar Tea","89.0","3.8"
"124058862","Indeevar Corporate Solutions","",""
"125070573","Vortex","9.0","4.1"
"124060744","Rosenberger Interconnect India","254.0","4.0"
"488653","Alliance Web Solution","37.0","3.7"
"124798151","ALLURE GLAM PVT LTD ","",""
"6497862","Sunstar Precision Forge","86.0","3.5"
"7077783","Ajnalens","44.0","3.7"
"627187","Empower Pragati","",""
"1326","Valvoline Cummins","314.0","4.1"
"6520826","Dynoconv Engineering","12.0","4.7"
"5551286","G S Medical College & Hospital","47.0","3.1"
"6984421","Naveen Hotels","",""
"5529846","Suits","",""
"4490144","Gigmo Solutions","120.0","4.0"
"6758807","Talentzq","",""
"745529","Metal Powder Company (MEPCO)","21.0","4.0"
"734875","J.L. Morison India Ltd","130.0","4.3"
"125117867","Valuora","",""
"2276712","Progression Infonet","101.0","4.3"
"124369210","Thiel Partners India","",""
"738365","UPR Infrastructure","",""
"123981945","Aarize Group","28.0","4.3"
"125061057","Gems From Jaipur","",""
"124107364","Servicecare","",""
"1786748","WebBee","48.0","3.5"
"5462146","Logitrans Technology","12.0","3.6"
"4934888","Technowand","15.0","1.5"
"679477","Axiscades Engineering Technologies","546.0","3.1"
"3913028","echoVME","18.0","4.0"
"124568238","Samshek Fashion","19.0","2.8"
"6833133","Placement Partners","",""
"5335558","Ardem Data Services","275.0","3.9"
"7117979","Visilean","16.0","2.4"
"123869397","Right Future","",""
"675319","Tringapps Research Labs","84.0","3.6"
"123625877","Luxlighting Technology Technology Pvt Ltd","3.0","4.6"
"3622954","Detect Technologies","89.0","3.5"
"1057260","Thejo Engineering","175.0","3.9"
"6600088","Sameeraestatesprivatelimited","",""
"5130446","Casa Consulting","11.0","4.4"
"4499754","Neemans ","64.0","4.2"
"1571236","Imerit","1227.0","3.2"
"124452020","Trans Virtual","13.0","3.2"
"3938582","Hni Autotech","34.0","3.3"
"6302654","Lakshya Asset Management","3.0","4.1"
"6388056","Tarasafe International","104.0","4.6"
"4771272","TRUSTKLUB Consulting","",""
"5368888","Haritha Automation","8.0","3.8"
"124324734","Nageen Prakashan","17.0","3.3"
"124575392","Aardour Worldwide Logistics","",""
"124018288","Acme Capital Market Ltd.","4.0","4.7"
"5795374","Raps Professional Services","",""
"125109387","Syority Corporation","",""
"124172834","Deelbudz","",""
"124744699","Vistory Consultants (opc)","",""
"124897855","Wildearth Industries Limited","",""
"5576960","Lux Industries","214.0","3.6"
"125118735","Vision Spaces","",""
"125045975","Sona Extrusion Pvt.ltd","4.0","4.1"
"125107165","TOA Global","",""
"124339872","Smartavya Analytica","26.0","2.3"
"123911189","Saraf Dyechem Industries","4.0","1.3"
"124067768","Vidhya Management Services","4.0","1.8"
"123628899","Airr Xmedia Limited","",""
"124474336","Neelmadhav Udyam","",""
"125119619","Lucknow Builders","",""
"123956277","Priya Milk And Milk Products","16.0","3.6"
"603847","Talisman Hr Solutions","",""
"125119755","Arunachaleswarar Engineering","",""
"124352538","Marwadi Chandarana Intermediaries Brokers","3.0","4.7"
"828085","Franconnect","60.0","3.3"
"5104690","Advanced Medical Systems","5.0","4.5"
"125117235","Propassetz","",""
"124100388","Craft","",""
"966598","Enviri India Services","219.0","4.0"
"123895865","Paharpur 3p","112.0","4.2"
"123740863","Bloomerise Placements","",""
"5117514","Infra.Market","1359.0","3.8"
"6857203","Bhava Business Consultants","",""
"2022256","Velvin Paper Products","59.0","3.6"
"3722178","Unique Shell Mould","39.0","4.2"
"124094204","Synergech Technologies India Pvt Ltd","",""
"123695621","Shriram Enterprises","56.0","3.4"
"4206574","Reckitt","1619.0","3.9"
"123817031","Randeons Services","",""
"124606900","Greenest Buildings And Business Pvt Ltd","",""
"3378328","A MIX - READY MIX CONCRETE  - Arunachala Logistics / PRIYA CEMENTS ","148.0","4.0"
"124270078","Umiko","",""
"4745650","Shaligram Group","",""
"125117143","Veer Steel Profiles","",""
"124109394","Sanlat Construction","",""
"123912663","Proodos Consulting","",""
"636821","Apco Infratech","1284.0","3.7"
"124971351","Tridum Vista","",""
"6634566","Chokhani Pharma Vet","",""
"1813","Baliga Lighting Equipments","55.0","3.4"
"124537472","Apogee Precision Llp","",""
"125098665","Milestone Projects","2.0","3.5"
"125114875","Sameer Industries India","",""
"124745143","Pragnova","",""
"6215872","Assets Finance Private Limited","20.0","3.4"
"123707609","Microfinish","55.0","3.7"
"3020858","Fourkites","71.0","3.6"
"1038840","GP Strategies","143.0","3.6"
"125040163","Manah Dynamics","",""
"2689086","Jones Foundations","37.0","3.5"
"124190070","R A Kapoor Transporters","",""
"123613323","VIZ Travels","",""
"125119325","The Avalon","",""
"6572372","Revomac Industries","5.0","4.6"
"124913981","9X Technology","",""
"7136971","DB Rrts Operations","37.0","3.4"
"6255","Kumaran Systems","169.0","3.5"
"123526485","Technogeo Soft Solution","3.0","3.4"
"144772","Quadlabs Technologies","114.0","3.2"
"124916975","Salwan Montessori School","",""
"124309058","Blubuck Products","30.0","3.5"
"125003049","Avana Electrosystems","12.0","4.1"
"125106061","Mothi Bakery","",""
"3043240","Amogha Polymers","101.0","4.0"
"1793212","Accord Synergy","188.0","3.4"
"125118985","Finkhoz Roboadvisory Services","",""
"5422796","Costmasters Technologies","",""
"853016","Indobevs","178.0","4.1"
"335599","Inca Infotech Technologies","60.0","3.1"
"6817359","Exemed","143.0","3.9"
"641229","Modern Ballistic","",""
"124577200","The Trade Desk","",""
"124222394","CNN Itech Solutions","",""
"5488310","Global Infovision","5.0","4.4"
"3454990","MT.DERM Medical Products Pvt Ltd.,","10.0","4.1"
"125088109","I Tech Lifts","",""
"5646666","Crosslynx Technologies Services","31.0","3.7"
"125074131","Stabor India","",""
"701521","Ultra Laboratories","58.0","3.7"
"125098941","ADMIRE POWER ENGINEERS PVT. LTD","",""
"124558584","Estrel Ai","3.0","2.7"
"556825","Techsense","10.0","2.1"
"5801658","Ufi Filters","112.0","3.9"
"718663","Globe Publication","3.0","1.0"
"4475456","Hrquadrant","2.0","5.0"
"123886019","Balaji Hr Services","",""
"2305592","Royal Classic Mills Pvt Ltd - Classic Polo","75.0","4.1"
"124945749","ATC Tires AP Pvt. Ltd.","842.0","3.7"
"492997","M & B Engineering","14.0","3.7"
"3465838","Shiksha Financial Services India","113.0","3.6"
"1370872","Sri Ramadas Motor Transport","41.0","4.1"
"124054684","Comtrol Industries","6.0","2.9"
"125118877","Bankers Strategic Advisory Services","",""
"124637652","Dshoolin","",""
"3340106","D2N Solutions","",""
"6577620","Enpay Transformer Components","64.0","4.4"
"5236424","Aswins Veg Restaurant , Sweets and Snacks  ","16.0","4.1"
"124961491","Creatofox Events Llp","",""
"5615824","Adsparkx Media","10.0","3.1"
"835737","Z H Consultancy Services","",""
"5189542","Seraphic Infosolutions","4.0","3.1"
"123946487","Linnk Outsource Solutions","",""
"124543300","Skanttr Lifescience","5.0","4.1"
"6436990","Schoolnet","392.0","3.9"
"1446012","Monarch Networth Capital","92.0","3.7"
"2960526","Doon Decors & Exhibits","",""
"4985902","Fabel Services","38.0","3.0"
"124522466","Excelon Solutions Excelon Solutions Private Limited","",""
"124232484","Innovious Healthcare","7.0","4.5"
"3266824","Experteye Consulting","",""
"5063890","Healthworld Hospitals","116.0","4.0"
"124012948","Walnut Medical","7.0","4.1"
"5945818","Protouch","30.0","4.0"
"1296604","Bs&b Technologies","7.0","3.7"
"123683207","Earth Sense Ventures","",""
"124281300","Infernet Systems","",""
"21632","Data Core Systems","311.0","3.1"
"1100104","U2opia Mobile","55.0","3.2"
"989774","KarePartners","67.0","3.6"
"123819245","Energy Meteocontrol Solutions","16.0","2.2"
"529839","Krishna Institute of Engineering and Technology (KIET)","88.0","4.0"
"485001","JAIN INTERNATIONAL SCHOOL, MALIWADA AURANGABAD","",""
"3007420","Bsri Solutions","",""
"4948884","Royal Pharma","13.0","3.1"
"6568808","Bhartiya Recruitment Services","",""
"4106216","Amaravati Hr Services","",""
"124091686","Cad+t Solutions","3.0","4.2"
"123697141","Gofix Solutions","5.0","2.7"
"124023898","Krishna Enterprises","",""
"124889661","Oriental Outsourcing Consultants Pvt. Ltd.","11.0","4.3"
"125112987","Apna Homeopathy","",""
"123745733","Talent Bridge Consultancy Services","",""
"123568293","Aparna Kaushik Design Group","68.0","4.3"
"1933584","TEOCO","189.0","3.7"
"6955979","Diensten Tech","",""
"760015","searce","230.0","2.9"
"123805941","USK Consultants","",""
"124737707","Obelisk Consulting","",""
"6007366","Enabl Engineering","29.0","3.9"
"124044388","Inventive Software Solutions","104.0","3.9"
"124541618","Rama Reflection","",""
"24737","Tenth House Consultants","",""
"710491","Newagesys Solutions","45.0","4.1"
"125018287","Brainydx Technologies Llp","",""
"2737506","Plada Infotech Services","234.0","3.6"
"934144","GeneX India","13.0","4.4"
"123519807","Worldwide Resorts And Entertainment","8.0","4.1"
"124155528","Techno Power Enterprises","23.0","3.2"
"124912021","Uchit Jobs","",""
"124637884","Sankara Furniture Designs","4.0","3.7"
"124215144","AP Agrawal And Associates","3.0","4.8"
"1308080","Anirup Technologies","9.0","3.8"
"123682983","Kalaianjan Homes LLP","",""
"5523746","The Chanakaya","1051.0","3.9"
"125110745","Kartik Rameshbhai Mujadia","",""
"4157188","Oceanic Electronics Company","",""
"508475","Phillips Machine Tools","74.0","4.0"
"6363402","Gateway Distriparks","109.0","3.7"
"2462480","Litebreeze","38.0","4.4"
"124133772","Corporate Comrade Consultancy","",""
"4185986","Metzuyan Technologies","4.0","4.1"
"124145912","Annorah Ventures","",""
"6951545","Service Equipment Company","37.0","3.5"
"5261648","Shoperty Consultants","46.0","2.2"
"4506700","Ratnamani Metals & Tubes","271.0","4.4"
"5161140","SSN Institutions","16.0","4.2"
"124468216","Root The Deep Search","",""
"678291","Sr Medicare","13.0","3.1"
"978326","SHIBAURA MACHINE INDIA","80.0","3.7"
"429159","Bookmark Consultancy Services","",""
"605133","Adglobal360","300.0","3.2"
"1346884","Caterpillar Signs","111.0","3.4"
"124243664","Bulletins Of India","",""
"7094517","Popular Vehicles & Services","265.0","3.8"
"124900205","Vikat Prime Energy Solutions","",""
"238993","Manilal Patel Clearing FOrwarding Pvt Ltd","3.0","4.0"
"11445","Shankaranarayana Constructions","196.0","3.9"
"5604982","Prudent Teqtis","36.0","3.9"
"372079","Targus Technologies","74.0","3.4"
"2496022","Creative Hr Service","",""
"6772699","Remote Resource","",""
"5980572","Apollo 247","215.0","3.5"
"797946","Green Apples Techsystems","8.0","4.8"
"123967379","Iq-line","12.0","3.9"
"127885","Brain Technosys","56.0","3.7"
"4865512","Integrated Conferences & Events","",""
"125101601","Nexora Analytics","",""
"5051034","Vibration Consultant And Controls","5.0","2.9"
"6545290","Rfid4u It Solutions","17.0","3.5"
"124097106","Nanolytics Software","",""
"123490489","Gupta And Company","48.0","3.5"
"1677760","GS1 India","26.0","2.2"
"2315952","Exheat Process Heat","18.0","4.6"
"687987","Suryam Developers","20.0","3.4"
"667811","Vnr Seeds","187.0","3.9"
"124848411","Golden Planet","2.0","4.3"
"123460015","Apex Buildsys","25.0","4.0"
"1000442","Beginners World Learning Private Limited ","153.0","3.7"
"840349","Declibac Technologies","2.0","4.6"
"561293","Impressico Business Solutions","206.0","4.4"
"1385822","Prospect One Consultants","",""
"124114610","Kalyaneswari Tasra Mining","5.0","3.4"
"123625207","DAZN","162.0","2.6"
"149589","Sentinels Security","90.0","4.0"
"124684206","Techbeacon Solutions","",""
"1765238","Blue Chip Technologies","8.0","3.7"
"30179","Libsys Limited","72.0","2.6"
"1559046","42works","23.0","4.7"
"124649266","Industrial Trade Corporation","6.0","2.4"
"124116624","Innometrics Software","",""
"7036569","Gulf Technical Factory","52.0","4.2"
"6066842","Modern Metals","22.0","2.4"
"4337264","Markwel","",""
"124028060","Newen Systems","15.0","3.9"
"5832118","IIMT Group of Colleges","142.0","3.5"
"5384450","Axcel Hospitality Services","6.0","4.6"
"1118052","Dynamic Netsoft","13.0","3.9"
"123633967","S S Enterprises","125.0","3.7"
"4246050","V2STech","39.0","3.1"
"125039953","Rytzu Saas Technologies","",""
"3368180","Axis My India","269.0","3.2"
"124460290","ARR Food Machines","3.0","3.2"
"124960061","Satkartar Hospital","",""
"697643","BEO Software","148.0","4.2"
"3745936","VED Furniture","3.0","2.5"
"125724","CESTA SERVICES LLP","77.0","4.0"
"3878456","Unimay Electronic Pvt Limited -","4686.0","4.1"
"641681","Fourth Dimension Technologies","111.0","3.8"
"5757844","Oasis Infotech","43.0","4.2"
"123563429","Probus Insurance Broker","71.0","3.7"
"4701428","Xerica Widening Horizons","",""
"1673600","CR3 India","248.0","3.8"
"124731439","Traverse International India","",""
"123642715","Everise (india) Bpo Services","33.0","3.4"
"124792733","Fresh N Green","2.0","1.5"
"2892510","The Career Coach Kolkata","",""
"125084509","Adixi Engineering Services","",""
"481019"," Khoj Information Technology Pvt Ltd","35.0","4.8"
"530297","ANI Integrated Services","",""
"124352222","Accutech Springs","",""
"5346062","Celsius Healthcare","88.0","4.0"
"420581","Continuum Workforce","",""
"4791578","Comfonomics Design Venture","12.0","4.0"
"599319","Asian Hospital Faridabad","33.0","4.4"
"124013536","Sbe Flow Control","4.0","1.2"
"6009930","Human Mantra Consulting","",""
"1758028","Infrassist Technologies","7.0","3.8"
"1430126","Scyo Decision Services","201.0","4.6"
"124593204","Alpha Engineering Company","19.0","4.0"
"124102610","Zelos Developers","",""
"1580694","Somet Consulting","",""
"4561848","Vikram Aroma Ltd.","14.0","3.5"
"124989863","Radha Madhav Ventures","",""
"124082582","Seligo Consultants","",""
"124840115","Frontline Securities Ltd.","103.0","3.4"
"165418","Theeta Electricals","61.0","3.4"
"124378406","Smile Merchant","",""
"6345070","Zone Enterprises","",""
"700961","Mabel Engineers","11.0","4.7"
"6016802","Bectochem Loedige Process Technology","36.0","3.8"
"3766070","EzeiaTech","60.0","4.1"
"123817459","EZY-M MICROFINANCE PRIVATE LIMITED","",""
"3016480","Acme Infolabs","42.0","4.9"
"641471","Shyam Designers & Consultants","3.0","3.1"
"124506060","Saffron India Hotels And Resorts","6.0","4.0"
"7202","Pima Controls","58.0","3.6"
"124070482","Marlow Navigation","5.0","3.1"
"124238808","Intertech Technologies","22.0","3.8"
"5470998","Nexinfo Solutions","51.0","3.7"
"125079427","Ratnakar India Limited","12.0","3.3"
"124482348","Grewal Futuristic Innovations","",""
"2505292","Sumiriko Imperial Hydraulics India","12.0","4.0"
"718813","East India Udyog","263.0","4.0"
"124546124","Raaga Mayuri Builders","6.0","4.9"
"745157","Ingenuity Gaming","105.0","3.1"
"124253514","Akhand Jyoti Eye Hospital","44.0","3.9"
"124784079","SMA Mineral Trading","4.0","2.8"
"124489682","Synectics Apac","",""
"123674137","Ramsons","",""
"125080183","Real Estate And Renovation Solutions","",""
"125079777","Salankar  Associates Llp","",""
"124051284","Hindustan Marketing Company","",""
"3273568","Saffron Institute","",""
"5133140","Custom Capsules","16.0","3.6"
"124214578","Misri Group","",""
"6646709","Leverage Edu","641.0","4.2"
"124829927","Idgsi Chennai","",""
"2859120","Cubematch Technologies","4.0","3.4"
"124696190","Creative Edit Studio","",""
"6402018","Smart Money Investment Consultants","",""
"123987914","Chaman Metallics","9.0","3.9"
"125134515","Ashok Kumar Narwani","",""
"125134451","ADVAIT TRADERS","",""
"124597822","Prasanthi Holdings","",""
"125133141","nofilms.in","",""
"6774623","Tirth Hygiene","15.0","3.2"
"6320060","LIZ Paul","",""
"6057554","Kailash Trade Links","3.0","3.9"
"402673","Xwell Human Resource","",""
"124983545","Pathfinder Skills India","",""
"125131503","Wiz My trip Pvt. Ltd.","",""
"125131417","Jagadesh","",""
"125126855","SAI College Of Pharmacy","",""
"124854447","Travelomatrix Trip Planners","18.0","3.7"
"124986677","Fuselio Technology","",""
"125130817","Leafactory","",""
"4116218","Arnan Consulting","",""
"125130123","Tulyam Estates","",""
"125125091","Healic Health","6.0","2.3"
"125047055","Hotel Mid Town","6.0","4.9"
"125127093","Dilip Jhandewala","",""
"124117428","Tapasya Filaments","",""
"125045523","PlanEx Healthcare Project Consultant","",""
"125129711","Innovaition Edge","2.0","5.0"
"125129789","Artelye Marble & Granite (india)","",""
"124764183","Tatvan Commerce","",""
"125059881","The Manik Public School (a Unit Of The Manik Public Education Society)","18.0","4.6"
"123489057","D Marketing Pro","",""
"125129197","chp World","",""
"124333084","Moto Squad 79","",""
"837751","Nitika Pharmaceutical Specialities","127.0","3.8"
"125128979","Hitwin Healthcare P Ltd","",""
"125110985","Sentra Innovations","",""
"124353626","Office Solutions","5.0","2.5"
"124902575","SN Electric  Automation","",""
"844583","Windsor Shelters","13.0","3.8"
"125127111","Oracle Landbase","",""
"124997657","Msme Technology Centre Greater Noida","42.0","3.6"
"125128397","Mahalaxmi Jewellers","5.0","3.3"
"125128211","Shreedhar Industries","",""
"124946595","hrrathi369@gmail.com","",""
"124242004","Fog Technologies","",""
"125127223","Banking","",""
"124484018","Alkye Services","6.0","2.7"
"124472284","Devtri Seczone","",""
"125125321","Avagrow Financial Solutions","",""
"125109419","Nuvora Education","",""
"125079145","Infython Technologies","",""
"6399502","Arova Pharma","",""
"125126851","AV ACOUSTICS PVT LTD","",""
"124456646","Avano Technologies","",""
"5440626","Bhatia Corporation Pvt Ltd","5.0","3.7"
"125097513","Cenote Life Sciences","",""
"125076655","Positron Energy","17.0","2.7"
"4742004","Silverbloom Technologies","",""
"124188658","Srijan- A Material+ Company","143.0","3.3"
"3757968","Convurt","5.0","4.5"
"124906775","Optemizzeit Solutions","",""
"125117779","Dharmik Sangrah","",""
"2529746","Fusionspan","8.0","3.9"
"124419780","Bhushilp Mines And Minerals","3.0","4.4"
"125117297","Jayamma","",""
"6818049","Anand Educational Technical And Vocational Society","",""
"125091521","VOLZAD","",""
"4400526","Ecom Vente","",""
"125122741","Tanya Shekhar","",""
"125092305","Qnnox","",""
"123888901","Venkatesh Natural Extract","9.0","3.1"
"125124905","Pravasi Legal Consultancy","",""
"125060959","Burkert Fluid Control Systems India Pvt. Ltd. ","3.0","3.4"
"4316352","Imatics","8.0","4.0"
"123993582","Field Promax","",""
"1099130","Uni-eservices & Hr Solutions","",""
"124680098","S.S. Medical System","55.0","3.8"
"124836413","Quincy Compressor","",""
"2030054","Career Club Consultancy and Management Services","3.0","4.7"
"124566060","Noida Electronics","17.0","3.4"
"125123637","Clam Laundrywala","",""
"125123347","DVI Works Llp","",""
"7042555","Worldprime Export Llp","",""
"642005","Bridge Placements","",""
"6989075","AB7 Solutions","13.0","4.6"
"130064","Nagreeka Indcon Products  P Ltd","20.0","2.9"
"4669542","Maxworth Minerals Pvt Ltd","25.0","4.1"
"124388950","Techno Power Solutions","",""
"124952743","Technobrains Education Pvt. Ltd.","",""
"6888081","Alivus Life Sciences","657.0","3.8"
"4086570","Smiling Star Advisory","40.0","3.3"
"124277064","Recommercex","",""
"124349098","Brand Abstract","",""
"125121831","Ashapura Distributors","",""
"4263964","AK Enterprises","69.0","3.7"
"125121493","Aurora Logistics","",""
"125098935","ETP Earthing  Lps Solution","",""
"125098327","Diil Infrastructure Prvate Limited","",""
"124332736","Cupron Industries","",""
"500865","Greaves Cotton","757.0","4.0"
"4912050","Kunvarji Finstock","70.0","3.9"
"1937264","BeeKayIT NetSec","15.0","4.0"
"1344070","Green Electricals","6.0","4.9"
"6516814","Inno Valley Works","33.0","4.3"
"3579420","E-Tech Services Private Limited","373.0","3.7"
"124629186","J.C. Penney Purchasing India","7.0","4.5"
"125079619","Shreeji Enterprise","27.0","4.1"
"123484053","Nordex Group","2.0","1.1"
"4590384","Quinoid Business Solutions","3.0","5.0"
"2902770","Odoo","64.0","3.2"
"3354736","Myriad Solutionz","",""
"125082931","G.K Silver Stone Sr. Sec. School","3.0","1.3"
"4881450","BRD Car World","30.0","3.7"
"125097959","Sarvesh Health City","5.0","2.8"
"3977416","DTC Group","186.0","3.9"
"3500626","Ele5 Solutions","",""
"1838512","Feathersoft Info Solutions","46.0","4.3"
"2060474","Not Applicable","",""
"1085864","High Beam Global","57.0","2.9"
"125101853","Futurekey Homes pvt. ltd.","",""
"124787119","Nex Elevate Recruitment","",""
"124138778","Software House","2.0","4.1"
"124122110","Tech Matpatra","10.0","3.1"
"124281016","Shubhvastu Property","",""
"125049539","Consolidated Hrm Services","",""
"5145274","ADJ Utility Apps","215.0","3.5"
"124027964","Assiduus Distribution","19.0","3.7"
"1493106","Assotech Realty","26.0","3.8"
"124314236","Minds Media & Management Pvt. Ltd.","",""
"124686596","Iris Corporate Solutions","22.0","3.2"
"124204196","HK Consultants & Engineers","3.0","4.3"
"124943179","Nagarmal Sheonarain & Sons","26.0","4.1"
"124968905","Linkworks Tech Labs","",""
"123586253","Trafla Solutions (subsidiary of Routespring Inc.)","9.0","4.9"
"15859","Kott Software","26.0","3.8"
"123599965","F4our Technologies","13.0","4.2"
"125083469","Snehasish Dey","",""
"842851","Laxmi Publications","30.0","3.0"
"124679372","Ssipl Lifestyle","353.0","4.1"
"5748208","Aarya Consulting","",""
"3628632","Cata Electrodomesticos India Pvt.Ltd","5.0","3.7"
"309289","Sahana Information","",""
"5780944","Acugate Consultancy","",""
"3074088","Rudr Consultancy Services","",""
"123983127","Isoftronics","",""
"125109623","Agileqos Careers","",""
"124387584","JNM Technologies","",""
"4567742","Excellent Opportunity Placements","",""
"4458744","Bullzeye Consulting","",""
"123894639","Leadpec Firma","",""
"1099474","First Mile Consulting","",""
"123697655","Semicorelabs Innovation","",""
"889404","Acme Consulting","9.0","3.3"
"3300914","Desk Nine","27.0","4.0"
"1260704","Holistic Solutions India","",""
"6120494","Quadrant It Services","25.0","4.9"
"5443078","Assertive Business Solutions","",""
"6871829","BGR Mining & Infra","134.0","4.0"
"123665493","Garden Of Joy","3.0","3.4"
"229577","Vhire4u","",""
"3273660","Team Konsult","",""
"123544655","Techf Solutions","",""
"5043408","V4U Hr Solutions","",""
"5389420","Supreme Solutions","42.0","3.9"
"124845763","Brewing Company","",""
"7078307","GD Waldner","27.0","3.4"
"125114625","Manphar Ayurvedic Drugs","8.0","3.1"
"3944300","Option Matrix","",""
"125125267","Urvi & Co","",""
"124848689","Shield Insurance Broking Solutions Pvt.ltd","",""
"4413586","Sourcetrendz Consulting","",""
"124258720","Hireiton","",""
"6177372","International Gemological Institute","49.0","2.7"
"6815507","Svnt Infotech","44.0","4.2"
"124168118","I Broad Solutions","",""
"393","Planetcast ","22.0","3.7"
"3003580","Visualpath It Services","",""
"124454920","Trillium Engineering Consortium","",""
"124203496","Arkon Consulting","",""
"123859421","Srinivasa Earth Movers","",""
"2444316","Nettur Technical Training Foundation (NTTF)","383.0","3.7"
"6059360","Adept Hr Consultants","",""
"123962483","Design To Build Spaces","",""
"124366928","Buloke Realty Ventures","",""
"3865606","Nakoda Dairy","24.0","2.7"
"124664990","Squareyards","2820.0","3.7"
"124671834","Dams Consulting Services","",""
"125118927","Skylish Petcare","",""
"5204538","Mobifly","29.0","1.9"
"124379844","Mege Mobile Shelters","",""
"5742834","TALENT SEEDS CORPORATE SOLUTIONS","",""
"123829353","Not Applicable","",""
"2232532","Pegasus Knowledge Solutions (PKSI)","",""
"125102285","Rajasa Modulars","",""
"124865075","Straffing Ai","",""
"124473760","Full Funnel Digital","",""
"2938584","Metrotex","",""
"2416146","VKA Powermaster","13.0","1.3"
"125118325","Qubic Space","",""
"1657508","Therelek Engineers","28.0","3.3"
"124943543","Narasimha Bharathi","",""
"125107259","Skillfyme","",""
"3273882","Cosmo Consumer (A business of Cosmo First Limited)","439.0","3.7"
"125080617","Talvent Hr Solutions","",""
"358897","Indmax It Services","51.0","4.0"
"125082027","VGK Insurance Brokers","",""
"124315482","Eminent Trade & Export","",""
"3223882","Right Aligned Solutions","6.0","4.7"
"125122739","Tailor Blend India","",""
"125004123","Humanhrs","",""
"2550870","Cognitive Infotech","",""
"2952484","The Creek Planet School -Venus Campus","8.0","3.7"
"125122385","Chetan Krishnarao Gaikwad","",""
"6198440","Vedamcloud Technologies","",""
"6840655","Radioactive Technologies","",""
"124279544","IT Bridge Consultants","",""
"3283874","Standard Infratech India","27.0","2.7"
"535167","Shand Pipe Industry","6.0","1.4"
"2043226","Core Connect Hr Consultants","",""
"5310046","Happiest Management Services","",""
"4084282","VPN Hr Technologies","",""
"125121589","Arvp & Co","",""
"5751536","i4 Consulting","",""
"5453492","Triveni Enterprises","18.0","3.5"
"3836404","Imperial Hr Solution","",""
"4227670","GOODWILL MANAGEMENT SERVICES","",""
"4980352","Aarizon Services","",""
"2105282","Othain Software Services India","",""
"4499786","Nikom Infrasolutions","80.0","3.7"
"125045949","Whiteboard Global Learning And Development Private","",""
"6352650","BEE Talent Staffing","",""
"734675","Focus Softnet","155.0","3.5"
"828267","Bigapple Lifestyle Pvt Ltd., ","29.0","2.3"
"123861257","BITMAAX VENTURES PVT LTD","",""
"1411802","Venus Home Appliances","180.0","4.0"
"125120389","Suvenk Gas Agencies","",""
"125120429","S.DINESH & Company","7.0","4.3"
"7063601","Pr Professionals","74.0","4.8"
"363181","Qualibrisk","",""
"125075843","Bluecom Technologies India","11.0","2.0"
"6620980","Nowintern","",""
"125119853","Ssl Solutions","2.0","5.0"
"125057643","Kyoshi Innovations","",""
"1027250","Rigibore India","3.0","4.6"
"123757557","Onyx","17.0","3.9"
"5193036","Freelancer Amita Sinha","",""
"125091243","Kalash Infra And Tech Enterprises","",""
"7019503","U K S Structures","4.0","4.5"
"125110397","Ess Corp","",""
"125119343","Amodha Interior Design Studio","",""
"124071296","Future Fortune Educational Consultancy Private Limited","",""
"124927059","Numeric Infosystem","",""
"125119415","Shiva Kumar Srinivas","",""
"2567540","Coactive It Solutions","25.0","3.8"
"5608064","Needo'need Recruitment Consultancy","",""
"5957698","Cult Hr Organization","",""
"124750117","Commercies Consultancy Services","",""
"124785959","Rajlaxmi gold and diamonds","",""
"750745","Asian Institute Of Gastroenterology","98.0","4.2"
"124968931","Shoya Consulting","",""
"962118","N J Suresh And Associates","",""
"124685104","Inxcel Technologies","",""
"125070877","Gigglebuzz","",""
"1940042","De Blueoak And P Mangatram Properties Llp","5.0","3.8"
"5250036","Scorpion Express Pvt. Ltd.","44.0","3.4"
"5306486","Durafloor","10.0","4.9"
"5752882","Zclus India","24.0","3.6"
"5343660","Skylux Telelink","19.0","2.3"
"750723","Colligate","",""
"5918662","Uniqrafts","",""
"4078292","Latin Quarters","74.0","3.2"
"124462934","Echo It Solutions","4.0","4.0"
"124652130","Manuli Hydraulics Connectors","6.0","2.4"
"446","Futuresoft India","153.0","3.8"
"125093385","Powerlyt Renewables","",""
"125090849","RASP and Associates LLP","8.0","4.8"
"6253406","Janani Water Technologies","10.0","4.6"
"1618438","Abridge Consulting Services","",""
"1300182","Value Vision Management Consultants","",""
"6314304","Modernize Chip Solutions","39.0","3.8"
"124593894","Hrnext","",""
"124198732","Sahyog Management And Resource Development","",""
"125076171","Red Rooster Performance","2.0","4.5"
"546775","Landsky Engineers","33.0","3.6"
"4777584","Tcrc","29.0","3.5"
"3991666","Patel Infrastructure","602.0","3.8"
"3748532","Regent Rich Capacitors","9.0","3.5"
"1277540","Connector Executive Search And Consultant","",""
"5005688","Human Connections Alliance","",""
"182068","Globe Ecologistics","60.0","3.9"
"937908","Winsome Textile Industries","105.0","3.5"
"4780538","Connecting The Dots","",""
"4772874","Applied Information Inc (India)","63.0","4.7"
"5319600","Mils Institute Of Management","",""
"124225814","WE Connect Services","",""
"124743627","Jaya Prakash Narayan Memorial Trust","4.0","4.2"
"124185098","Metaltech Motor Bodies","24.0","3.3"
"124314292","Hexanet","",""
"3556488","Hi-Focus","6.0","5.0"
"6765035","Innowia Bpm Services","15.0","3.6"
"124896979","Bazaari Global Finance Limited","9.0","3.5"
"125113497","Dileep Kumar Gopalakrishnakurup","",""
"125121025","Artsy Enterprise","",""
"123801177","Hi Tech Gears","",""
"125125841","Siddhivinayak Associates","5.0","4.7"
"3150012","Blind Matrix","23.0","2.8"
"3044142","Sequelone","144.0","3.4"
"124510686","DWC Technologies","",""
"124048476","Lifegrowtion","",""
"632271","SKILLWIN TECHNOLOGY","19.0","3.6"
"124455836","Best Management Service","",""
"1887260","Sankalp Recreation","32.0","2.8"
"124600822","TM Solutions","7.0","3.6"
"5214024","PRAYAG HOSPITAL","30.0","2.8"
"6740847","Subhayan Das","",""
"3776638","Johar Automobiles","3.0","3.7"
"739781","Horizon Consultants","",""
"3753814","Central Business Solutions","16.0","1.8"
"125049609","BavarianFlex","",""
"123994322","Tespa","46.0","3.6"
"123739717","Jobcom","",""
"3662646","Shreejikrupa Project","43.0","3.6"
"124232370","Voptimum Future","",""
"5309496","Krishi Vikas Sahakari Samiti","18.0","2.7"
"826791","Jay Switches","53.0","3.7"
"3668806","Lattice Manpower Solutions","",""
"124126226","Speciality Geochem","",""
"124086716","Rashmi Buildcon","",""
"125121735","Azure Press Pvt Ltd.","31.0","4.5"
"6580640","HIC It Solution And Services","96.0","4.1"
"125077201","Flagshipcon Infra","",""
"3616510","Dev It Serv","84.0","3.6"
"3555926","Umanu","",""
"124056430","Aaman Business Consultancy","",""
"896260","Navbodh Prakashan","3.0","1.6"
"125095731","PRAVEEN PROPERTY DEVELOPERS","",""
"3150042","Affable Management Services","",""
"4862680","Ultra Drugs","47.0","4.0"
"125057905","Openquest Tech","",""
"125125215","Edimannickal Edge Opticals","",""
"124354618","Korinmi","",""
"4040220","Bhagwati Power & Steel Limited","15.0","3.8"
"5404436","Mist It Services","22.0","3.5"
"618769","Embio Limited","182.0","3.8"
"4778784","Teammas","257.0","3.0"
"1488452","Balaji Placement","",""
"123510051","THE Calcutta Heart Clinic And Hospital Society","22.0","4.0"
"1294476","Linked Globe Consultancy Services","",""
"124202848","Sp Brothers Hr Services Nagpur","",""
"3213702","ABC Lines","",""
"6349184","Stic Travels","24.0","3.7"
"124871143","Globe Engineering Solutions","3.0","4.3"
"2428798","Shodhana Laboratories","49.0","3.6"
"6272020","Shree Ganesh Remedies","26.0","3.0"
"1348920","Brain Pool Consultant","",""
"125125197","Rambhadeep Designs","",""
"125124565","Askinteriorz","",""
"123762803","Nupur Nidhi","",""
"1874540","Therecruit","",""
"4835288","Crevac Tech","13.0","4.5"
"124573066","Jobs Park Placement","",""
"124542090","Hire2hire Management Solutions","",""
"125101009","Prem Sweets","",""
"125105891","Nemichand Bamalwa & Sons","11.0","2.5"
"124","Bakson Drugs","83.0","4.0"
"6554542","Help Overseas Immigration","56.0","4.2"
"124169814","Pushan Placements","",""
"125122943","Amit Kumar  Associates","",""
"123786847","Wellness Extract","3.0","1.0"
"123617375","Minnerva","",""
"124890141","Fluido Sense Pvt Ltd","",""
"123610705","Monsoon Bounty Foods Manufacturing","10.0","2.9"
"7109229","Leed Hr Services","",""
"124394800","Techflow Enterprises","8.0","3.4"
"2649790","Actide International","",""
"5112634","Retailer Sarathi","",""
"123830863","Sietz Auto Technologies Pvt Ltd","104.0","4.1"
"125121855","Vedara Properties Real Estate Consultancy","",""
"4359254","South West Pinnacle","34.0","3.6"
"124882633","Pancham Hr Consultant","",""
"124346550","Maple Pc & Peripherals","12.0","2.5"
"125104565","Dynamik Modus Llp","",""
"125123477","Hoomy Household Services","",""
"125096133","R Sandesh Mega Projects","",""
"1063066","Surana Equity","",""
"2065866","Just Wines","4.0","2.0"
"5322428","Kanpur Education Society","",""
"124753045","Oasis Claims Management And Services Private Limit Ed","",""
"3270388","Daikichi Consulting Services","",""
"1236172","Nitin Exim","",""
"124889079","Aakshat Multiple Services","",""
"399661","Arohan","870.0","3.8"
"124278976","Jaikisan Agrotech","2.0","5.0"
"4233098","MT Placement Consultancy","",""
"1485354","Eighteen Pixels","34.0","3.7"
"5853618","Ecavo Agro Daily","30.0","3.3"
"6058244","WebConnect Private Limited","",""
"124889901","Hyderabad Golf Association","3.0","3.5"
"4697224","Prem Motors","331.0","3.8"
"123735383","Career Sync International","",""
"124207586","Lares Algotech India","10.0","3.0"
"125123133","Divine Eye Hospital","",""
"124291406","Le Mei Plastic Manufacturing","98.0","3.5"
"124427672","Mukesh Manish & Kalpesh. Chartered Accountants","",""
"124298218","Anandha Agricultural Solutions","",""
"7074589","Team Thai","77.0","3.7"
"124704116","Vihan Electric Pvt Ltd","27.0","3.7"
"125038309","Kgees Jewellery","",""
"125089435","Ashmit Ahuja","",""
"124615636","Leelawati Charitable Blood Center","",""
"1940738","Leiner Shoes","34.0","4.2"
"3484952","Career Hub","",""
"34673","Ennovi","38.0","3.9"
"540971","Vanson Engineering","25.0","4.3"
"125120179","AEC Enclave (opc)","",""
"4081780","Matrix Job Solutions Gurgaon","",""
"125124013","GAGAN ASSOCIATES","4.0","4.0"
"348185","M V Hospital for Diabetes","75.0","2.5"
"459507","Stepping Stone Consultancy","",""
"4748084","Directushr","",""
"123528079","Bhoomi Agro Hi Tech","3.0","3.8"
"610659","Simpson","223.0","3.7"
"125123735","Polar Bear Ice Cream Parlour","",""
"1639900","Top Management Consulting","",""
"125123867","Rebora Cafe","",""
"5263156","Nissan Patna","11.0","4.7"
"123846003","Talent Imperii","",""
"736111","Professional Softec","11.0","2.4"
"641113","AEAB ","62.0","4.4"
"5874226","Blissladder","",""
"124078328","BANKZONE STAFFING SOLUTIONS","",""
"125104649","Krupashree Peb","",""
"123780538","Fundvizer Financial Solutions","",""
"125075687","Nakul Kumar Agarwal","208.0","4.4"
"124006400","Bookpecker Consultants","",""
"124050196","Dear Money Financial Services","",""
"148566","Great Media Technologies","25.0","3.0"
"125033095","Razak Traders","",""
"124660626","Subhram Construction Llp","",""
"124514512","Simplitax","",""
"125110023","Freelancer Katreddi Sireesha","",""
"125031807","Frame Brand","",""
"124098656","Shree Management  Placement Servives","",""
"123696047","Svn Consultancy","",""
"124764427","Badar Electricals","",""
"3055236","Sai Placement Services","",""
"124642274","THE Codematrix","6.0","4.5"
"124937031","Bajaj Capital","1414.0","3.6"
"125123469","Riddhi Siddhi Foods","",""
"6846979","Lumiere","",""
"7102613","Azuti Services","",""
"124859953","Culinary Catalyst","",""
"124007530","Lake Chemicals","61.0","3.3"
"4358058","Flextron Rubber Pvt Ltd","3.0","1.6"
"125123393","Gudla Siddesh Subudhi","",""
"125123295","KDF Nutraceuticals","",""
"1135290","Pelltech Healthcare","66.0","3.3"
"6531250","Smart Hr Consultancy","",""
"5806472","Stellen Infotech","20.0","4.0"
"3217346","Super Bond Adhesives","59.0","3.4"
"2752374","Eastern Elegance","",""
"1631780","Pandit Ventures","58.0","3.8"
"124104180","G.A. Saiyed Hospital","",""
"571597","Simho Hr Services","",""
"534311","Miracle Hr Solution","",""
"5040682","Ojb Herbals","62.0","3.8"
"124349462","Netplus Broadband Services","115.0","3.9"
"4851144","Aditya Talent Managment Service","",""
"124281092","Shield It Hygiene Services","",""
"687301","Synergy Consultants","",""
"124951723","Client of Kunta International","",""
"124715263","Aaspa Reliable Services","",""
"125087839","Shreeram Enterprises","28.0","3.9"
"2464590","Growmor Placements","",""
"1084462","Kwality Milk Foods","34.0","4.0"
"125122323","Diamond And Gem Development Corporation Limited","4.0","4.9"
"3446","Aranis","",""
"124008024","Ohio Cardiology Associates","",""
"123567909","Cosentus","79.0","2.7"
"124367308","Ymax Solution","",""
"4004110","Ileadhr","70.0","2.5"
"966090","Explode Services","",""
"124794167","Jidharx","",""
"124778625","Dayjoy Marketing","4.0","3.1"
"124825629","Corporate Roasters","",""
"1305288","Shanvi Global Recruitment Services","",""
"4625886","True Rcm","31.0","3.0"
"3213828","Genuine Mantra","",""
"7000985","Freelance Conscom","",""
"2569440","Chelsea Mills","80.0","3.4"
"125122697","Thomas & Jo Private Limited","",""
"123936859","HVR Management Services","",""
"3303980","Lafors Talent Solutions India","",""
"5626330","Talent Thrust Consultants","",""
"1635796","Care India Overseas","",""
"125122639","Stanfy Biotech","",""
"125099887","MB Sponge  Power Ltd","",""
"4430100","3M Corporate Solutions","",""
"3675996","Raygain Technologies","49.0","3.4"
"124542146","Freelance Hr Support","",""
"125074297","Talenza Elite Network","",""
"124160982","Ambiraj Consulting","",""
"125122311","Abhyudayaimpexprivateltd","",""
"3087218","Apex Management Enterprise","",""
"125119907","Enfras India","",""
"5067366","Adhikosh Financial Advisory","82.0","4.0"
"124315142","Unified Post Tensioning Systems","",""
"123861547","Hugge Pharmacy","",""
"124639028","Invergy India","",""
"5047266","JK Lakshmipat University","37.0","2.7"
"124912685","Soul Stories Media","",""
"7068331","Creative Banyan LLP","",""
"7101025","Salary Hikers","",""
"123935767","Pearl Freight","5.0","3.6"
"124887909","Panth Softech","",""
"136342","DP Jain & Co Infrastructure","350.0","3.2"
"1063180","TheIndiaJobs.Com","",""
"123507315","Verteil Technologies","16.0","4.4"
"125122083","Atlas And Beyond","",""
"123943643","Oxy Urban","",""
"123700269","Xylosuisse","2.0","2.2"
"6165172","Lcgc Environmental Engineering","2.0","2.1"
"831519","Puthur Infotech","185.0","3.7"
"3460700","Emvee Engineers","3.0","3.4"
"1282106","Pims Medical And Education Charitable Society","",""
"4951802","Mohan Dai Oswal Hospital","42.0","3.4"
"124657696","M&D Clinic","",""
"124286940","Harish Hr Consultancy","",""
"124625082","Constantia Centre Of Excellence","",""
"125119543","U Design","",""
"6451930","METRO MULTISPECIALITY HOSPITAL, sec 11","473.0","3.8"
"123609773","Right Path Foundation","2.0","2.2"
"2571820","SKY Global","",""
"5165804","Sandesh","54.0","3.4"
"5086390","4DXI Global Advisory Services","16.0","3.0"
"124496580","Tulsi Speciality Foods Pvt. Ltd","8.0","4.2"
"124890259","Ervana Wildfarms Hospitality","",""
"125044495","Square Yards","2820.0","3.7"
"125121587","Pandey Associates","3.0","4.6"
"125121599","Shiv Kumar Shukla","",""
"125121595","Emib Evergreen","",""
"5957258","Sreegroup Consultancy","",""
"125114099","Archway Healthcare","",""
"154154","Peoplepro Management Services","",""
"3875378","Bhagat Engineering Works","48.0","4.7"
"125115977","B2S Infra","",""
"5308962","Block Print Company","4.0","2.9"
"739447","Trustline","84.0","4.6"
"125083627","Harness Overseas","",""
"125121301","Suryapratap Bathina","",""
"125121245","Lancorr Constructions","6.0","4.1"
"124721335","Dr. Punit Dilawari Orthocare","",""
"125121061","House Of Childrinn","",""
"125096037","Lume Fire Solutions LLP","2.0","5.0"
"4962938","White Collar Job","",""
"124883981","Hotel Heritage 2001","",""
"2123480","PYC Consultants","",""
"124598798","SSS Achievers","",""
"1861328","Aditadv Tech","18.0","3.1"
"5356302","Xolent Hr India","",""
"6959959","Rojgari Placement","",""
"20593","Career Matrix Consultants","",""
"124654782","Viewise Consultancy","",""
"123850795","Dex Aviation","",""
"125120129","Plex It Services","",""
"124546378","Krya Solutions","",""
"6126986","GSA Industries","104.0","3.1"
"7086595","Seyom Business Solutions","",""
"3748744","Green Packaging Industries","17.0","4.0"
"124803595","G.S Enterprises","21.0","4.2"
"3098144","Peoplekart Consulting","",""
"124246658","Longview Research & Advisory Services Pvt. Ltd.","",""
"123901597","Chipsona Foods","",""
"124646494","Katoosh Interiors","",""
"6818921","Artha Seniorcare","",""
"6079590","EM Hospital","",""
"124581248","Cocoa Cloud","",""
"125120371","Shivam Pvt","",""
"3560204","Lactonova Nutripharm","29.0","2.8"
"124338762","MKH Infrastructure","",""
"123912275","Titania Autocar","",""
"3246802","Amaatra Group","17.0","3.7"
"124914305","Servoedge Technologies","",""
"6940927","Intellinet Systems","38.0","4.5"
"546679","Durga Engineers & Earth Movers","13.0","3.6"
"124736341","Sanjeevni Builders And Developers Limited","",""
"3077594","Quick Jobs","",""
"2227816","K24 Staffing Solutions","",""
"4797774","End 2 End Management Services","",""
"125107287","Rajiv Nagpal","",""
"124666378","Mehraj Human Resource & Immigration Consultants","",""
"124987961","Westway Electronics","50.0","3.8"
"944710","Diamond Ceilings, A Unit of Diamond International Inex Pvt Ltd","55.0","3.5"
"2563180","Rp Placement Services","",""
"123803337","Tigris Mobility","3.0","1.0"
"5265608","Arohan Infocare","5.0","2.3"
"125119919","Manoharan Suresh","",""
"125118591","Nature Design.in","",""
"6585024","Haveon Deal Services","6.0","4.9"
"125057145","KRK Realcon  Consultancy (opc)","",""
"124881759","Square Yards Technology","2820.0","3.7"
"125119765","Fashion Nova","16.0","4.5"
"124371682","OS Motors Pvt.Ltd.","9.0","4.4"
"123473061","Simran Consultant","",""
"6721631","Sinuous Tech","5.0","3.6"
"123933673","TS And Co","",""
"124096344","Upreak","",""
"5757690","Keyal Empire Designs","42.0","3.5"
"123535719","Hospedia Medicare","",""
"1028680","Rusha Careers","",""
"123541215","Complete Resources Ghaziabad","",""
"1663888","Mediology Software","23.0","3.5"
"124342600","Tek Genie Services Telangana","",""
"4415068","Ruby General Hospital","175.0","3.2"
"2458292","Insphere Solutions","18.0","3.9"
"124483062","Talkndheal","",""
"124791705","9267977094 Mobile User","",""
"1353068","MVG Hr Solutions","",""
"1121842","Mechform","",""
"124666042","Solto Innovations And Aviation","",""
"125118281","AVM Finserve","",""
"124479762","Skandabio Organics","",""
"124984755","Jobley India","",""
"1608702","Heidelsoft","15.0","4.6"
"4851200","Denpro Technologies","26.0","3.9"
"125118179","Bluecare Systems","3.0","3.2"
"3163684","Osam Dairy","172.0","4.1"
"124661708","Rishi Techtex Limited","18.0","3.2"
"4293432","Agua Technique","2.0","5.0"
"123906877","Tamil Nadu Fibrenet Corporation","4.0","5.0"
"906402","Srijan Realty","144.0","3.8"
"124401328","Jobshiksha.com","",""
"843379","Axmiyan Hr Solution","",""
"2686692","Unique Consultancy & Management","",""
"1061424","Rankwatch","15.0","4.4"
"124045792","G K JCB ( G K Autowheels Pvt Ltd)","7.0","4.3"
"2431720","Sar Edutech","",""
"124436386","Thunil Technology Private Limited","",""
"213980","N K Buildcon","62.0","4.0"
"125051197","Trisba Healthcare Llp","",""
"4249958","BBR India","86.0","3.6"
"125118961","Shree Enterprises","84.0","4.0"
"124748351","Unitech Plasto Components","82.0","3.8"
"4729760","Saicooper Hr Extension","",""
"411671","Prathiba Management Consultants","",""
"125116387","Bitloom Softwares Llp","",""
"125064171","Moyarath Wash","",""
"826929","Inventys","257.0","4.0"
"125118291","Agriocom","",""
"314369","Skylark Infra Engineering","217.0","3.9"
"6301562","Jain Amar Clothing","109.0","3.2"
"123661403","Rexsatronix Mys","2.0","2.6"
"720387","Blue Chip Computers","7.0","4.3"
"3232900","WeDig","18.0","3.0"
"124783183","TSL Foundation","",""
"6477022","Expo Stand Services","39.0","3.8"
"123955919","Vagmine Enterprises","29.0","4.1"
"125002791","Fortune Buildcon","5.0","2.5"
"125114225","Job in Gujarat placement","",""
"124877579","Shree Sai Constructions","9.0","3.1"
"3778418","SubcoDevs","20.0","4.0"
"7079787","Preventis Chem India","3.0","3.5"
"5563946","Helles Talent Solutions","",""
"193188","Career Usher","",""
"751035","Roch Manpower Consultants","",""
"1784380","Frontier Lifeline Hospital","38.0","3.5"
"80041","VVD & Sons","47.0","3.3"
"1597972","Kundan Group","159.0","3.1"
"4968374","Iihmr University","72.0","3.2"
"5464110","Panorama India Consulting Group","",""
"5004354","Cuckoo Appliances","31.0","3.8"
"7096137","Gladico Motocorp","2.0","5.0"
"2985860","M Intergraph Systems","80.0","4.2"
"4307340","RMK Infrastructure","51.0","4.8"
"124034978","Fuji Terminal","",""
"6932625","Geet Hospitality","",""
"4987014","Dhruv Iconic","19.0","2.6"
"1223608","DV Das Hr Consulting Surat","",""
"124345704","Edlipse","39.0","2.9"
"5243204","Connect Infosoft Tech Pvt Limited","3.0","3.0"
"125080013","International Trade Dynamic","",""
"5100522","Onpoint Corporate Services","",""
"5306","Mercury Fittings","57.0","3.5"
"582467","Novus Professional Services","80.0","3.2"
"124399050","Uniview Technology India","14.0","2.9"
"124257154","Trans Enterprises","17.0","4.1"
"6103792","Getcrr","",""
"4268688","MG Manpower Solutions","",""
"124093700","Cryogenic Concern","18.0","2.5"
"5094342","Lalbaba Engineering Group","51.0","3.2"
"124765673","Apcon Automation","3.0","3.6"
"124297388","Dreamtech Electronics","13.0","2.7"
"125085015","Swastik Shelters","",""
"125006143","info@lionsecandmacservices.com","",""
"87677","Meinhardt Group","161.0","2.9"
"123845247","Borderless Business Solutions","",""
"124659184","Secura Technologies","",""
"4647512","Moat Financial Services","",""
"124349472","Aar Cee Contracts","59.0","4.2"
"3261044","Atlantick Solutions","",""
"3624234","Ambrish Enterprises","29.0","3.8"
"4068734","PMT Machines","232.0","3.2"
"826","Netedge Computing Solutions","29.0","3.2"
"1365262","Gala Precision Engineering","105.0","4.0"
"123915057","Lifegear Safetech","14.0","3.7"
"21563","Bit Harmony","",""
"124263604","Freelancer-patrick Samuel M","",""
"125125441","Western Spark","",""
"4415856","Jobhunt Placement Services Muzaffarpur","",""
"124602112","Adwork Solutions","",""
"125125089","Somnath Pandey","",""
"2330690","Ambigai Systems","4.0","4.6"
"5112728","Vak Lighting India Pvt. Ltd.","8.0","3.5"
"125122481","MD Institute Of Architecture And Engineering","",""
"124108958","Fine Tools","56.0","4.1"
"123569171","SAM Consultants Faridabad","",""
"123905473","Rosa Steel (india)","",""
"864482","Maksys Technology Services","9.0","1.1"
"3611578","DALMIA GROUP","",""
"124931297","Barish Lounge & Rooftop","",""
"125114323","Vamika Builders","",""
"123471671","Sidharth Shutters And Automations","2.0","1.1"
"125119787","Channting Veds","",""
"125122249","Standard Fire Solutions","",""
"125121747","Skymax Infrapower Limited","",""
"125110049","Awatech Solutions (I) Pvt. Ltd.","",""
"124958323","Abhishek Shankar Agarwal & Associates","4.0","3.7"
"124103524","Nangalia Ruchira","",""
"124564312","Ideal Lighting Systems Pvt Ltd","12.0","4.0"
"123604233","Staff India Consultancy","",""
"125053049","Biom Studio","",""
"124716219","Brand Planners And Promoters","",""
"125120331","Stylayer Interiors","",""
"123525449","Ahosphy","",""
"124792205","Physique Ascension Club","",""
"124151160","Cydez Technology Consulting Services","5.0","4.2"
"124552122","Shield Security Solutions","",""
"125119561","Datascape Tek","",""
"125114861","Abode & Beyond Pvt. Ltd.","3.0","4.0"
"125118537","Bsbw Career Builders","",""
"3241322","Prestair Systems","28.0","3.6"
"125100407","Square Deal Media","3.0","4.5"
"124895987","EnrolTalent.com","",""
"5099384","Teamsource Enterprises","",""
"124303574","GREATER'S MANAGEMENT SOLUTIONS","",""
"737481","Issac Technologies","7.0","4.5"
"3180452","Hrconnect","",""
"6869875","Global Remote Integrated Access Solutions","31.0","3.1"
"124548532","Tvm Infotech","",""
"125025945","Mini Bharat Logistics","",""
"125125981","Compass Experience Labs","",""
"125122589","CA Neha R Shah & Co","",""
"125140103","SPH Secure Tax Files Llp","",""
"124574108","Tele Infotech","",""
"124491044","Flynaut Infotech Pvt Ltd","15.0","3.8"
"124715467","Career Craft Academy","",""
"124551264","Hire And Higher","",""
"124876355","Webmobi 360","5.0","4.7"
"124937973","Secure Paddle","",""
"125038185","Shrutanya Info Solutions","",""
"125070823","Crystal Lotus Solutions Llp","",""
"125079137","Tech Biz Train","",""
"124679516","CavinKare Group - CKR Retail Private Limited","",""
"124413802","Rupali Chakraborty","",""
"124601706","Siva Chandu","",""
"124935555","Mahindra University","21.0","4.3"
"124981429","M/S Paramount Consulting","",""
"125129451","Gearobo Secure Infotech","",""
"125098307","Mahek Light Zone","",""
"124794179","Vyom Systems And Solutions","",""
"124515490","DE Recruitment Mumbai","",""
"124703506","Ageit Endorse India Technology","",""
"124021464","Freelancer Atul Pal","",""
"124555082","Aryanx Tech Solutions","",""
"124945795","Khyati Arora","",""
"125118285","Om Informatics","2.0","1.0"
"124909733","Efusemedia Global Solutions Llp","",""
"125119943","Crystal Glazing","",""
"125131019","Bhavani Industries","254.0","3.6"
"124891001","Impacto Digifin Technologies","16.0","4.5"
"125129315","DAILYDAY TECHNOLOGIES","",""
"124714275","Workbridge Consulting Services","",""
"125072577","Jash Jewellers","",""
"125124131","Dvertex  Info System Private Limited","5.0","3.4"
"125122261","Oneclick Manpower","",""
"125068419","Anvay Technologies","",""
"125004353","Techpulse Services Private Limed","",""
"124455176","Siddhi Consulting Engineers","3.0","2.4"
"124459420","Fynzon Tech India","",""
"125131081","Tele Tnfotech","",""
"125110361","Omcons Engineering","",""
"124513106","Multiple","3.0","4.4"
"124756009","Recruitsy","",""
"125070465","Pentaforce Digital Solutions","",""
"125055795","SJS Digital Solutions","",""
"125122685","Willow Gourmet Private Ltd","",""
"124479426","Smart Soft Technology","",""
"125074307","Priority1 Group","",""
"125048717","Jharkhand Ispat","6928.0","3.9"
"125040883","Asbri Energy and  Enviro Technologies Private Limited","9.0","4.4"
"124981451","NGF 132 (sampark.me)(Peklenc Research pvt ltd)","",""
"125123425","Private Equity Fund Bangalore","",""
"124936063","Praanaasthi","",""
"125134843","Koncinnate Aviation","",""
"125030825","Indyeo Securities Management Solutions","",""
"125133563","Cod Blend Services","",""
"125135261","PAT Business Services India","",""
"125126757","sea World Shipping And Logistics","7.0","3.6"
"125012561","Tulips Machining Solutions","",""
"124843769","Wings Hr Tech","",""
"125112671","dbirhade@exxcility.com","",""
"125125917","VSoft Technologies","281.0","3.2"
"125057407","Talent Takers Hr Solutions","",""
"125012395","Optima Life Sciences","17.0","2.5"
"125127589","Chandramukhi Sales","",""
"124674556","Knova One (in) Llp","50.0","3.4"
"125093509","Fibocan Llp","",""
"125129279","Sgpharma","23.0","2.2"
"124874523","KLYPTEX DIGITAL SOLUTIONS","",""
"124957461","Xpln Gmbh","",""
"125067155","THE Right Connection","",""
"125095669","Shree Balaji Exteriors","2.0","4.4"
"125104245","Inovant Solutions","14.0","3.3"
"124924607","Zhejiang Compressed Fluid Technology Co.,ltd","",""
"125090265","Carico Shipping","",""
"124451660","SM Group","56.0","3.7"
"125097359","Fracktal Works","7.0","1.6"
"2736688","Best Placement Services","",""
"125130869","Responsebit Corporation","",""
"124917605","Talentoria Global Solutions","",""
"125140531","Oxfred Technologies","",""
"125132845","Rajpurkars Status Hospital","",""
"125028641","Tech Induct Services","",""
"124555468","AyurCentral","22.0","3.2"
"125065433","Chobe Business Solutions","",""
"124571812","Skillfort Technologies","",""
"124931195","SL Business Solutions Hyderabad","",""
"125082633","3B Construction","",""
"125129647","Neutral Advocate","",""
"125092867","Encapscifi Lifesciences","",""
"123510961","San Institute Of Facility Management","",""
"124712745","Jags Consulting Services","",""
"125130437","Arterns Consultancy Services","",""
"125140157","Amster Labs Limited","7.0","3.8"
"125139705","Warping Vex","",""
"125022817","Vinayaga Industries","",""
"124646648","Distinction Consultancy","",""
"125136431","XTEN-AV INDIA PVT LTD","10.0","3.4"
"125135237","Bimindustrieseurope","",""
"125126977","Ramesh Das Construction","",""
"125124827","Shishram Innfratech","",""
"124964065","Blue Tik Advertising","",""
"124904201","Research Development Office","",""
"125126473","Creative Computers","9.0","2.1"
"124489798","A1qa","",""
"123816361","Vision Enterprises","17.0","3.7"
"125121211","Cloud Bridge Partners","",""
"124633390","Lifeatindex","",""
"125000217","Zern Technologies","",""
"124925981","Datachamps","2.0","2.0"
"125117883","Generate Listings","",""
"124602154","Telefonica Tech India Pvt. Ltd.","3.0","4.4"
"125060121","Cyclotron Robotics And Automation","",""
"125117315","Paras Agro Industries Llp","",""
"125122945","Shritech","",""
"124398622","Ultech Energies","",""
"125124023","Avishkar Realty","",""
"125125931","Technocroma Innovate","",""
"124853715","Yuvasetu Ventures","",""
"125109635","Systel Technology Services","13.0","3.5"
"125067293","Tuteck","31.0","4.4"
"125133421","Quantlab Tech Consultant","",""
"125034887","Lorven Pharma And Surgicals","",""
"125131875","Exogenesis Solutions","",""
"124672154","Cyfi Technology","",""
"125132043","Udviyan Technologies","",""
"124945809","Neugene International","",""
"124908799","Ipem Solutions","",""
"125109491","Klouddb Inc","",""
"124931477","Simple Care Inc. ","",""
"125034711","Newaetate","59.0","3.6"
"124943297","Inferigence Quotient","13.0","4.0"
"125122341","Voreplay Entertainment","",""
"125066941","Clock Cruise International","",""
"165721","Sofcon India","127.0","3.8"
"125077969","Naveen","",""
"125133407","Mintworxs Softwares","",""
"124709473","Rexus Solutions","",""
"125044675","Digger Data Llp","",""
"125003865","Transenergy","73.0","3.8"
"124987439","Rudanta Global Construction Llp","",""
"124905871","Freelancer V Yuvaraj Venkatesan","",""
"125116581","Tensor Technics","",""
"125126513","Freelancer Rondi Praveen","",""
"124941703","Delima Fintech Providers","",""
"124862971","Straatix Technology Labs","",""
"125046981","Leping Consulting Llc","",""
"125059581","Ascent International","",""
"125121199","Fitbuds","",""
"125079517","Rainbow Edutainment Solutions","",""
"125073797","jdps.team@outlook.com","",""
"125123455","Cmsiclass  Institute","",""
"125114879","CADD Centre Training Services pvt. Ltd","743.0","4.0"
"125110643","EPI Skills Foundation","",""
"124604770","Ramanujam And Boovarahan","6.0","4.6"
"125079825","Enview Technologies Llp","2.0","3.4"
"124956891","Softmint Digital Services Private Limited","3.0","4.1"
"124942873","Sagun Capital","",""
"125132653","SRI Hari Industries","14.0","4.0"
"125108581","Accrevmed Solutions","",""
"124720693","Cepialabs","2.0","4.5"
"125130389","Tyro Impex","",""
"125109117","Holypills Pharmaceuticals PVT LTD","",""
"124475220","Afc Systems","27.0","3.9"
"125127701","Elmech Engineers","18.0","3.1"
"125128427","Buildbourne Pty Ltd","",""
"125084075","Technoedge Learning Services India","6.0","4.0"
"125125107","Sachin Giri","",""
"125124379","Raibs Technologies","",""
"125110307","Crest Hygiene Pvt Ltd","8.0","4.2"
"125125251","Timetooth Technologies","8.0","4.1"
"125123203","Mindztree","2.0","1.5"
"125114703","Infotura Innovations Llp","",""
"125122123","Signals India","18.0","4.1"
"125120505","Top Gear Service Providers","",""
"124989483","Soni Accountants Limited","",""
"125119221","Consulted","",""
"124622362","Klsr Infratech Limited","26.0","3.2"
"124974187","The Leo Academy Of Excellence. Sr. Sec.school","",""
"125133963","Katapie Consulting Services","",""
"125132859","Synthenova Enterprise Llp","",""
"124927039","Zeus Ai Llp","",""
"125091585","Aetherrise Solutions","",""
"125120181","Netfreak Digital Media","",""
"124773113","Antal International","119.0","3.6"
"124671418","Euphorix (india) Technology","",""
"4038380","Starrise Recruitment","",""
"124939665","Adbliss Digital Media Llp","",""
"124711201","Hirein5","",""
"124798443","Hari Om Interprises","",""
"124933875","Avinash Srivastava","",""
"125079501","Reyaack","",""
"125128929","Fahim Consultancy","",""
"125127087","Reputed Garment Manufacturing Company in Gurgaon ","",""
"125020773","Anny Lifestyle","",""
"124584760","Astrasol It Services","",""
"125124979","Yindella","",""
"124945293","Iqlytics Solutions","",""
"125124181","Mitaahaar Food Ideas","3.0","5.0"
"125027227","Suzan","",""
"124997111","Yuvaan Energy","3.0","2.3"
"125123837","ASA Tek","",""
"125061145","RUMBLE ZONE, By Vensej Hospitality LLP","",""
"125122933","Visaservices","3.0","4.2"
"3469596","Pursuit Provider","",""
"125052387","Brainy Box Technologies Fzco","",""
"125035527","Innovative Windoors","",""
"124396928","Zmater Technologies","",""
"125091391","Silvereye IT Solutions","10.0","4.0"
"125090489","Vdts India","",""
"125107749","Lubby Auto Ventures","",""
"124784185","Sparrow Risk Management","31.0","3.6"
"125025057","Deep Group Of Companies","",""
"125122977","Nitin Enterprises","8.0","4.1"
"125126809","Goel Dhoop Factory (vaishnodevi Dhoop  Aggarbatti )","",""
"124737279","Energy7","",""
"124917825","JBS Group","6.0","3.1"
"125121985","Reflowx","",""
"124939019","Maditx Solutions Ltd","",""
"125110541","Kukreja Auto Components","66.0","3.8"
"124466722","Canada Based Trucking Company","",""
"124614394","Xtecglobal","",""
"124629866","Careersource","",""
"124489840","Konrad Group","",""
"125077193","Dentalcare Support Services Llp","",""
"124613210","Prolytech Solutions","",""
"125121983","Ferrywell Industries","",""
"124982517","Eprosoft India","6.0","4.7"
"125111781","ANH Construction","11.0","4.8"
"125064237","Expertwise Financial Solutions Llp","",""
"125125075","Everything Beautiful Retail","",""
"125120875","SRR Facility And Management Services","",""
"125067561","Astrojini Solutions","",""
"125111595","Ninetron Tech Llp","",""
"125020331","Nandadeep Fashion","",""
"125110167","Fugentex Solutions","",""
"124438558","Namya Future Technologies","",""
"125122795","Rathi Logistics","",""
"124959809","Ramdevbaba Solvent","7.0","4.3"
"3984880","DMart","5396.0","3.9"
"124563720","Collabera Talent Solutions","",""
"125125317","International Centre For Strategic Alliances (icsa)","",""
"530","Hurix","178.0","3.6"
"125132469","Grant Thornton Bharat Llp","393.0","3.7"
"3865720","Tribeca Creators Llp","3.0","4.4"
"123894903","Inniti Network Solutions","12.0","4.1"
"125131277","M/s Jaisons Quality Systems","",""
"6554538","Tata Motors","13101.0","4.1"
"2029836","Atos","4665.0","3.8"
"124944865","Central Hr Solutions","",""
"51524","BOMBAY INTELLIGENCE SECURITY (BIS)","275.0","3.7"
"4025708","Hinduja Global Solutions (HGS)","7338.0","3.7"
"1616912","Lodha Group","2028.0","4.0"
"21899","Samsung India","7952.0","3.9"
"54819","Morningstar","1291.0","3.8"
"3601434","AEGIS Resolution Services Private Limited","",""
"1458682","Chai Point","222.0","3.7"
"124965889","Platly Infotech","",""
"125141875","Next Chapter Skills","",""
"125088625","Next Mantra Solution","",""
"6631924","Dr. Aravind's Ivf Fertility & Pregnancy Centre","46.0","2.2"
"125122437","Bangalore Guitar Academy","",""
"123580749","Kaizenit Infotech","",""
"1881636","Fractal Analytics","933.0","4.0"
"124428190","Vectrae Infotech","39.0","4.5"
"3325782","TATA MOTORS GLOBAL SERVICES","130.0","4.0"
"114714","Capco","608.0","3.7"
"123796271","Allianz","2.0","5.0"
"775924","Pratyin Infotech","61.0","4.1"
"5245782","Sunrise Systems, Inc.","21.0","3.7"
"123970951","Bonito Designs","3.0","2.3"
"931","Pidilite","3545.0","4.2"
"4115138","Clevertap","77.0","3.5"
"360989","Kansai Nerolac","2446.0","3.8"
"4992510","Paytm MoneyCompany Secretary, CS, Secretarial Compliance, Corporate Governance, SEBI Compliance, NSE","8512.0","3.2"
"7818","Tecnimont","566.0","3.9"
"1686986","Morningstar","1291.0","3.8"
"5853194","N D Savla & Associates","7.0","3.0"
"5319322","Aditya Birla New Age Hospitality","61.0","3.4"
"3836450","Lodha & Co","95.0","3.1"
"1523348","SOC Infotech","20.0","4.6"
"124908441","Saasaki Infotech","",""
"438151","Kokilaben Dhirubhai Ambani Hospital","467.0","3.7"
"124678136","Jio Finance","22.0","2.7"
"3509576","Burger King","1217.0","4.0"
"28261","Morgan Stanley","1850.0","3.6"
"7007759","Safran Engineering Services","205.0","3.2"
"125002873","Hella Good Hospitality","",""
"124372864","Vidhisha Paper Mills Ltd.","31.0","4.0"
"1017856","MSCI Services","336.0","3.9"
"4478018","Tata Play Fiber","285.0","4.0"
"4902836","Mypcot Infotech","22.0","3.7"
"2052324","Johnson & Johnson","1539.0","4.0"
"6740941","Dectree Infotech Private Limited ","2.0","5.0"
"3365876","Mondelez","1169.0","4.2"
"1138498","Cheil India","362.0","2.9"
"676499","PwC Service Delivery Center","11129.0","3.3"
"6123376","BDO Rise","351.0","3.4"
"2849684","Globalpoint Info Solutions","",""
"5434964","Kaplan","94.0","4.0"
"124629676","Arcdx Design Solutions","",""
"2727906","Samsung India","7952.0","3.9"
"9363","HARMAN","3120.0","3.7"
"34210","Temenos","980.0","3.1"
"1224374","Naukri","",""
"124461958","Mervice Infotech","155.0","4.0"
"5332816","NIVEA","480.0","4.1"
"2921234","RJ Consultants","",""
"125126845","Kotak Life Insurance","3325.0","3.6"
"3271246","Security and Intelligence Services (SIS)","1552.0","4.1"
"4696512","Infomerics","46.0","3.5"
"4144774","Khadke Infratech Services","5.0","3.4"
"835399","Kirloskar Industries ","502.0","4.0"
"125119637","General Electric Company","1269.0","4.2"
"364313","Barclays","1143.0","3.9"
"125141473","TFG Infotech","",""
"124559922","The Hi Tech Robotic Systemz","122.0","3.7"
"3036176","Volkswagen Group Technology Solution","593.0","3.9"
"124020766","Tata International Vehicle Applications","83.0","3.6"
"124845501","Avenue Venture","",""
"5955186","Endurance Material Handlers","2.0","1.0"
"3864376","BVG India","1353.0","4.2"
"124878825","KSB","318.0","3.9"
"6677311","Roche Information Solutions","26.0","3.1"
"4821186","Star Estate","79.0","2.9"
"74949","Jacobs ","1041.0","4.1"
"124260582","Paytm","8512.0","3.2"
"5731","NTT DATA","4601.0","3.8"
"653599","AkzoNobel","1468.0","4.0"
"124896225","SMC Investments","32.0","4.6"
"2357974","ISS India","1337.0","4.0"
"124354452","Virinchi Creations","",""
"74216","Infinite Computing Systems","63.0","3.3"
"123754273","Sunrise Lifespaces","5.0","4.4"
"4578414","Marketing Courses Training Academy","",""
"2006734","Netstar Infotech","",""
"84860","Ultra Media and Entertainment","64.0","3.4"
"1826992","Jotun","149.0","3.9"
"19444","Bureau Veritas Consumer Products Services","2139.0","3.8"
"136432","Tata Power","1683.0","3.9"
"124285724","Allianz Transformers","2.0","3.7"
"2358478","Mahindra Susten","238.0","4.3"
"5768","General Mills","886.0","4.1"
"10081","ICICI Bank","42603.0","4.0"
"124560706","M/S Nisa Experience Llp","",""
"6138774","Aditya Birla Education Trust","57.0","3.8"
"125116951","Aptech Limited","419.0","3.5"
"7021967","Aegis Personal Care","",""
"4552070","Dow Chemical International Private Limited","383.0","3.8"
"1332248","RBL Bank","3592.0","3.5"
"124878809","Bentley Systems","163.0","4.3"
"124528534","Molvizadah Sons India","4.0","4.9"
"1312004","Phoenix International","",""
"1112670","Trivitron Healthcare","225.0","3.4"
"123704649","Cover More Group","4.0","3.6"
"123577233","OFI","84.0","3.0"
"5399764","TNS Holdings","",""
"124610998","Artyk Global Ventures","",""
"124022984","Hindustan Consulting","",""
"1627380","Thermo Fisher Scientific","957.0","3.8"
"123882035","My Chicken And More","6.0","3.8"
"5042982","Upaya Social Ventures","",""
"124708765","NEO Heights Builders And Promoters","12.0","4.8"
"3300178","Kantar Imrb","1258.0","3.4"
"3159822","Diageo","1066.0","3.9"
"123815099","Mind Click Co","",""
"6115784","DTC Infotech","",""
"123925657","Omnicuris Academy","13.0","3.8"
"759091","HARMAN","3120.0","3.7"
"4372246","Hasbro - Toys & Games","2.0","4.3"
"125119451","Paytm","8512.0","3.2"
"734543","Creative Synergies","705.0","4.1"
"4058520","Royaloak Incorporation","574.0","3.8"
"4460404","ShareChat","600.0","3.6"
"124804237","Metropolis Technologies","",""
"6933477","Eastea Chai Pvt Ltd","8.0","3.3"
"5652722","Adore Technosoft (opc)","",""
"125072819","Sunita Nursing Home And Diagnostic Centre","",""
"124660056","Ambiment","",""
"125122087","IVS Travel & Visa Services","",""
"180","Calsoft","398.0","2.9"
"6702741","Next Pathway India","14.0","3.7"
"609421","Allcargo Logistics","550.0","3.8"
"708927","UKG","731.0","3.0"
"124161808","GTS Technosoft","12.0","3.9"
"3573888","Electrica Engineers","103.0","4.2"
"125105579","M/s Ganraj Homes Llp","",""
"124263022","Devangles Software","16.0","4.1"
"5599334","Michelin","825.0","3.8"
"5139378","Max Secure","19.0","3.5"
"737137","Icertis","362.0","3.3"
"17026","Haier Appliances","1709.0","4.0"
"124051858","Prosper Infotech","3.0","4.9"
"4411264","Syngenta","1007.0","4.1"
"494477","Schaeffler Digital Solutions India","",""
"124489318","Michelin","825.0","3.8"
"6464264","Hi Tech Supports Hangers","3.0","2.5"
"120867","Tata Bluescope Steel","394.0","3.6"
"94667","Amdocs","4516.0","3.7"
"6128018","Sdaemon Infotech","10.0","4.4"
"16406","Stantec","133.0","3.8"
"828447","NCL Buildtek Limited","206.0","3.7"
"1764256","Fortinet","28.0","4.2"
"2360782","Varian Medical Systems India Software Pvt Ltd","82.0","4.1"
"5681746","A G H & Associates","10.0","4.0"
"124060146","S S Civil Services","2.0","1.7"
"123692769","Ness Digital Engineering","635.0","3.4"
"2629","Sudarshan Chemical","564.0","3.9"
"2596498","ACS International","22.0","3.1"
"6531436","Job Plus Consultancy","",""
"125114521","Kiran Academy (Java by Kiran)","2.0","3.8"
"5988832","Ampity Infotech","6.0","3.2"
"739045","Fractal Analytics","933.0","4.0"
"1244456","Associate Allied Chemicals","10.0","3.8"
"123707075","IT Seals","",""
"2645784","Erulearning Solutions","33.0","3.8"
"124110376","Aegis","8732.0","3.1"
"1866780","Manappuram Finance (MAFIL)","5072.0","3.9"
"124292962","KG Engineering And Consultancy","",""
"51203","V2SOLUTIONS","264.0","3.1"
"5371558","True Blue Hr Consultants","",""
"124354494","Sudarshan Cars","564.0","3.9"
"125125319","Cover-More","19.0","3.9"
"2571382","Sir Ness Wadia Foundation","2.0","4.3"
"1781660","Ventura Alloy And Steels","2.0","5.0"
"474479","Seclore","86.0","3.9"
"22840","Bajaj Electricals","2414.0","4.0"
"125133761","Vedhunt Infotech","",""
"124638720","The Social Lions","17.0","4.5"
"124403428","Avruds Technologies","",""
"1616234","Cipla","7797.0","4.1"
"4730952","Dirtcube Interactive","",""
"125021629","Bernhard Schulte Shipmanagement Fleet Services","",""
"1668318","Abbott","3386.0","4.1"
"15172","Aptech Limited","419.0","3.5"
"247113","Nirmal Industrial Controls","137.0","3.8"
"4243382","FCS Infotech Thane","156.0","3.7"
"93409","Shoppers Stop","2736.0","4.0"
"123879711","Vidhisha Paper Mills","31.0","4.0"
"48679","Mukand Ltd","268.0","3.5"
"124913077","Mypcot Infotech","22.0","3.7"
"6722307","Jio Institute","13.0","4.0"
"140884","Accutest Research Laboratories","178.0","3.3"
"124704396","New Greoupcareer Focus Consultancy West Bengal","",""
"122123","Neo Matrix Placement Consultancy Services","",""
"3806304","Bharat Realty Venture","13.0","3.1"
"124026392","H C Holographic Creations Llp","",""
"124894307","Shine  Consultant","",""
"125119261","People","",""
"123575547","Teamhalt","",""
"730901","Global Analytics","152.0","3.9"
"124957345","The Hacker Central","",""
"125134317","Mobomo Infotech","",""
"124167684","360 Creative Networks Private Limited","",""
"5618960","Info Origin","22.0","3.4"
"4390720","Hinduja Global Solutions (HGS)","7338.0","3.7"
"123678597","Micro SaaS Capital","",""
"123673195","ExxonMobil","488.0","3.8"
"3643090","Msi Services","115.0","3.2"
"3509628","HCLTech","41803.0","3.4"
"4818288","Tata Advanced Systems Limited","234.0","3.7"
"348663","BCD Travel","616.0","4.2"
"124036124","J.P Morgan Chase","125.0","4.9"
"5001578","Vedantu Innovations","1659.0","3.3"
"123891263","Gems Security Academy","",""
"2254142","Mindtickle","105.0","2.7"
"124558518","Arohana Tech Solutions Bangalore","",""
"124150766","Dnata","250.0","3.2"
"1025538","Asahi India Glass (AIS)","1420.0","3.8"
"78774","INOX","3535.0","3.9"
"124045018","Mangatrai Jewellers","",""
"124354062","ITC","6528.0","3.9"
"125133539","Walkertown Academy","4.0","3.7"
"123804173","MM Motors Mahindra","15.0","3.1"
"3587798","General Motors (GM)","530.0","4.2"
"16246","Infineon","246.0","3.8"
"136948","Teva Pharmaceuticals","1420.0","3.9"
"123931211","DCS Plus","9.0","4.7"
"3650322","Support Sages","7.0","4.7"
"932996","Lavya Associates","",""
"125120891","M/s Car Culture","",""
"5504198","Vcqru","35.0","4.2"
"5404402","VR Della Infotech","43.0","3.0"
"487905","Boston Consulting Group","453.0","3.6"
"3365258","KONARAK INDUSTRIA PVT LTD","2.0","3.0"
"123675707","Techgenzi","6.0","4.2"
"124394180","Carbon Mannequins","",""
"113718","ZEISS","443.0","3.6"
"7057193","BRS Precision Manufacturing","12.0","4.0"
"123816499","Promilo","12.0","4.2"
"124744129","Yoho Designs Com","",""
"2360264","Swarovski Group","114.0","3.8"
"2027556","Geebee Education","111.0","2.6"
"392433","Aizant","376.0","3.8"
"3662220","Colife Advisory","173.0","4.0"
"4869094","Vigoursoft Global Solutions","6.0","4.5"
"125123679","Kuan Global Ventures (opc)","",""
"1707466","Artizen Projects Llp","",""
"1498274","Izmo","186.0","3.3"
"4542552","Intuit Management Consultancy","",""
"4528302","Sids Farm","105.0","3.5"
"3652862","Gojek","117.0","3.7"
"4342078","Tokopedia","82.0","4.1"
"124546174","Apps For Bharat","58.0","4.3"
"124427782","Music Central Limited","",""
"7109125","Rotary Connectors","9.0","3.8"
"887644","Adnet Global","111.0","3.0"
"124215078","Job Academy","",""
"79768","Motorola Solutions India","170.0","4.0"
"2284228","Utthunga Technologies","234.0","3.2"
"427611","ARM Embedded Technologies","54.0","3.4"
"1789568","Opus Industries","60.0","4.2"
"1761426","Lumen Technologies","784.0","4.0"
"3624582","Avigna","13.0","2.8"
"1589576","ThoughtWorks","579.0","3.9"
"124143446","Cyberwarfare Labs","2.0","2.0"
"2503282","Synmac Consultants Pvt. Ltd.","152.0","4.3"
"6041040","Silver Oak Health","39.0","3.9"
"124836023","Great Indian Career Academy","",""
"2385","HBL ENGINEERING LIMITED","546.0","4.0"
"124433712","Momentum Financial Services Group","19.0","4.6"
"6447108","TerraPay","105.0","3.5"
"515511","Zee Learn","237.0","3.6"
"1612084","Ampcus","",""
"6713823","Altinvest","18.0","3.6"
"123749663","Gravity Cybertech","17.0","3.8"
"124241642","Vibonum Technologies Pvt Ltd, Mysore / Bangalore","16.0","3.6"
"1522248","Pasta Street","31.0","3.9"
"123714875","Catalysts Team Solutions (opc)","",""
"125057335","The Peoples Corp","",""
"124984933","Virtualyyst","",""
"124179044","Planet Green Infra","30.0","4.4"
"125125473","Adeptise","",""
"124683684","Get Interview  Confidence","",""
"124705532","Kathyva Naturals","",""
"1463878","Unique Erp Technologies","",""
"125133561","Seasoning Zest Llp","",""
"125140765","Zebein Fashions Llp","",""
"6123330","People Impact","",""
"6873837","Macmium Engineering Private Limited","13.0","3.4"
"125140299","Lotus Nova Realty","",""
"124612446","CH Healthtech","",""
"7095305","Quest Alliance","46.0","4.3"
"123737929","Power Job Creations","",""
"124373524","AM  Green Ammonia (india)","14.0","3.7"
"1616576","ITC Infotech","4267.0","3.7"
"2259726","Mitel","121.0","3.7"
"1456490","Mindteck","279.0","3.0"
"2359190","Polaris Software Lab","601.0","3.9"
"124065966","Harsco","219.0","4.0"
"1613282","Western Digital","308.0","3.4"
"123509353","GSK Solutions India","",""
"5843422","Fourthsquare Global Solutions","",""
"2099404","Eduworld Bangalore Educational Services","10.0","4.4"
"124436398","Future Trends Constructions  Infrastructure","5.0","4.3"
"125134187","NPK Business Solutions","",""
"4492444","Saviynt","89.0","2.4"
"123805073","Media Mantra","",""
"3592736","Star Health Insurance","2356.0","3.5"
"125026935","ICS Soft Solutions","",""
"3769730","Prayag Polymers","146.0","3.7"
"6954187","Ratnaafin Capital","81.0","4.2"
"7015549","the Sleep Company","175.0","4.1"
"4009728","GSP Crop Science","346.0","4.0"
"7150893","Daga Infratech","8.0","3.5"
"125129629","New India Global Ecoinfra","",""
"124327554","SSK Grand A&s Pu","",""
"124209090","RN Placement Services","",""
"123560493","Hindalco Industries","3648.0","4.2"
"3000842","Craft Silicon","94.0","3.1"
"6569390","Topnotch Recruitment Consultants","",""
"125132267","New Star Fabricators","",""
"124331022","Chandok Creations","",""
"2475116","Heads Quest","",""
"1740488","Metropolitan Infrabuild Development And Services P Vt Ltd","",""
"2618630","HAL Industries","22.0","3.8"
"526423","Asia direct Consulting","19.0","3.2"
"124589702","Growth Gate","",""
"125126041","Maatri Naturals","",""
"124750097","Simanchal Infratech","",""
"124932481","Extra Blue","",""
"34706","Net Solutions","236.0","4.1"
"125008981","Logon Global Solutions Pvt Ltd","4.0","4.2"
"125129073","Cello Electricals","",""
"1847516","Unicorn Denmart","136.0","4.2"
"6357054","Total Supply Solutions Pvt Ltd","",""
"5940758","ANKIOM","3.0","5.0"
"125004133","Green Pixels Creations","",""
"125127587","New India Campus","",""
"5351902","Recruitmentpoint New Delhi","",""
"123792925","Sri Venkatachalapathy Constructions","7.0","2.4"
"34015","Avenues","",""
"125127707","Goldstar Paints And Chemicals","2.0","2.7"
"125127427","Disney Kids","",""
"124035576","Grow More Consultants","",""
"125127253","Social Pehchan","",""
"125127079","Fiit Asylum","",""
"123742161","R9 Khushi Infratech","3.0","3.1"
"5356740","Yubi","105.0","3.5"
"123567675","Annai Jewellers","2.0","5.0"
"828831","V Mart","2311.0","4.1"
"85525","Dhanuka Agritech","619.0","3.7"
"1837264","Motorola Solutions","170.0","4.0"
"4558438","oaknorth.ai","139.0","2.9"
"2902234","Alpla","443.0","3.9"
"124109424","What The Flex","",""
"124380864","Bright Beam Solutions","",""
"616679","Perfect Placer","",""
"125124205","Shriram Life Insurance","1347.0","3.5"
"123813449","Vijit Creations","4.0","3.0"
"753379","Rajasthan Patrika","221.0","3.3"
"4941388","Rise & Shine Insulation And Fire Protection","",""
"5810756","Account Prism","",""
"122855","Rosmerta Technologies","358.0","3.5"
"124596316","Jubilant Capital","3.0","2.8"
"124817115","Raj Steels","",""
"5906282","U M Infotech","4.0","4.4"
"124108152","Hindustan Gold Industries","43.0","4.1"
"840761","SIEMENS  LTD (Kanthwal Services) ","70.0","3.8"
"123997594","Imandaar Chai","",""
"124764533","Agrasheel Infratech","",""
"1837026","Red Bull","211.0","4.1"
"3538128","Eminence HR","",""
"124307980","BDO India Services Private Limited","",""
"228711","Bharat Biotech International","526.0","3.2"
"124924589","HI Tech Med Gas Solutions","",""
"124945199","Orange Enterprise","",""
"124270656","Nexa Office Infosystems","2.0","5.0"
"1591402","GRT Jewellers","379.0","4.2"
"2429036","Shakti Hormann","166.0","3.7"
"124668740","Bain ","323.0","3.9"
"828149","Aakash Institute","",""
"1294654","Stanley Black & Decker","358.0","3.8"
"125117137","Kritanjali Dental Implant And Physiotherapy Centre","",""
"1456934","GreyOrange","371.0","3.2"
"842929","Synergy Source Hr Solutions","",""
"123491481","M/S Aastha Handloom","",""
"3286","Dharampal Satyapal Group (DS Group)","2652.0","4.0"
"125121515","M/S Graphic Era","",""
"93450","Sahajanand Medical Technologies","245.0","3.6"
"663607","Origo Commodities","281.0","3.5"
"1559072","Tavant Technologies","665.0","3.9"
"1725850","H&R Block","279.0","4.2"
"124114770","Concept Space Architects","",""
"125120455","info.soilfragrances@gmail.com","",""
"124133620","New Keys Housing Xpert LLP","",""
"5284876","DCM Shriram","1239.0","4.1"
"271721","Biesse","177.0","3.6"
"6046776","SLA Finserv","18.0","3.7"
"609777","Entertainment Network India (ENIL)","175.0","3.7"
"750715","JK Cement","3303.0","4.0"
"473403","Light & Wonder","130.0","3.8"
"125120189","Hindustan Agroplast Llp","",""
"125120007","Gujjadi Swarna Jewellers","2.0","5.0"
"124712161","M/S Shouryapuram-stpl","",""
"144484","Featherlite","108.0","3.1"
"124573112","Blue Dart","2552.0","3.9"
"124425264","Bharat Digitals","",""
"3547744","Tristar Infratech Enterprises","18.0","2.9"
"2221724","Medgenome Labs","214.0","3.8"
"2155982","Brightsun Travel","102.0","2.9"
"4309062","Icra Analytics","297.0","3.2"
"3792184","Muthoottu Mini Financiers","442.0","3.7"
"953378","Indigo Catering","32.0","3.3"
"6511536","Eagle Peak Intel","2.0","4.0"
"6335858","Sahaj Retail","152.0","4.5"
"121312","BSCPL Infrastructure","427.0","3.8"
"9547","C&S Electric","915.0","4.0"
"217510","Disha Placement","",""
"125074889","Shree Multispeciality Hospital Burn And Trauma Centre","",""
"8728","TC Global","157.0","3.7"
"6724149","Anantaa Gsk Innovations","72.0","3.9"
"124821957","Titan Consultancy","",""
"841643","ORBIT & SKYLINE","46.0","3.6"
"124022608","Mahashay Chuni Lal Charitable Trust","",""
"4881310","Bhumi Agro","11.0","3.9"
"124531916","Amaze Technosoft","",""
"124593732","Unique Seal Engineering Co","",""
"6840643","People Genix","",""
"1627470","Navayuga Engineering Company (NEC)","791.0","3.9"
"2860234","GM Modular","412.0","3.7"
"124985497","Capital Metal Industries","",""
"575453","Lava International","2118.0","4.0"
"6661727","Jaipur Green Roof & Walls","",""
"125141873","HiTech Services","16.0","3.6"
"124750985","The Decor Planet","",""
"123559399","S.N. CAPITAL MANAGEMENT. PVT. LTD","42.0","4.4"
"1066682","Aequs","664.0","3.5"
"125141285","Acelot Innovation","9.0","4.7"
"125141209","SRI Aurobindo Socio Econo Mic And Management","",""
"125141191","Nextron Tech Solutions","",""
"125140787","Hotel Sree Kubera Grand","",""
"125140657","KD Green Engierring","",""
"87274","Derewala Jewellery Industries","107.0","3.3"
"125118979","SRI Smt Coco Pith","",""
"832340","Ritika Fashions","",""
"5032090","Whirlpool","2044.0","3.9"
"6518006","EGC Global Services","30.0","2.9"
"123689279","D.A.V. Chennai","",""
"124773871","Jubilee Mission College Of Nursing","",""
"151987","Gold Plus Glass Industry","362.0","3.5"
"123664941","Vamani Overseas","221.0","3.3"
"1902704","Stelling Technologies","41.0","3.7"
"5949666","Mahyco","311.0","4.2"
"69772","Responsive Industries","87.0","3.1"
"4416716","Haldirams","445.0","3.9"
"5560052","Kapston Services","",""
"123915773","Sagclay","",""
"26829","Glenmark Pharmaceuticals","3331.0","3.8"
"125135305","Digi Sarathi Technologies","",""
"123690211","Fujitec Express","17.0","3.3"
"124532614","A S Sports And Infra","2.0","3.0"
"125130629","Bhavna Roadlines","",""
"123622","ISS India","1337.0","4.0"
"125101037","Ivy Tours And Visa Consultancy","",""
"125104767","Brick And Beam Exports Limited","",""
"125121613","Matrix Web Infotech","2.0","4.8"
"125076941","Mahindra & Mahindra (M&M)","11057.0","4.1"
"1281410","ICON plc","940.0","4.0"
"123553395","De Evaluation & Bureau Veritas, Mundra, Gujarat","2.0","5.0"
"4086774","Ninja Media Creations","7.0","3.0"
"124386456","MSP Info Services","2.0","4.0"
"124300846","Gitanjali Enterprises","",""
"6692115","Vanguard Talent Hub","",""
"123503585","Jumpcloud","16.0","3.2"
"4550450","Trivium Media Group","10.0","2.6"
"123577199","Firefly Fire Pumps","16.0","4.6"
"124099082","Humantroop Ventures","",""
"124133614","Global Hunt Solutions","",""
"139495","Maharshi","53.0","3.5"
"6658553","Asma Traexim","20.0","4.5"
"3548638","Pragma Edge Software Services","37.0","3.4"
"1918030","Talent Socio","",""
"3779122","Ech Aar Manpower Solutions","",""
"123494903","Platoon Consulting","25.0","4.3"
"124121920","Jiya Shamdasani","",""
"3656204","T7E","56.0","3.4"
"5420426","YES Germany","70.0","3.5"
"54696","Aegis Logistics","232.0","3.6"
"4854544","Typsa","99.0","3.4"
"7060947","Schach Engineers","19.0","3.4"
"2656856","Tricon Infra Buildtech","190.0","3.1"
"125079855","GO GARAGE (Serve Up Auto Solutions LLP)","",""
"124044446","Shajad Ansari","",""
"5942560","Dlife Interiors","6.0","4.1"
"124779389","ACA Global Capability Center","25.0","3.5"
"5743502","KAMLA LIFESCIENCES LIMITED","42.0","3.4"
"6876313","Urbane Corps","",""
"5047528","Mag Finserv Company","30.0","3.6"
"4490884","Namma Homeopathy","41.0","3.7"
"77244","Whitehatts Consultants","",""
"7089575","Step One Step Ahead Llp","34.0","3.8"
"124571622","Florazur Hr Solutions","",""
"500791","Applications Software Technology (AST)","48.0","4.1"
"6973589","Bhasaka Technologies","20.0","4.2"
"124778467","First Job Consulting","",""
"124308704","The Fit Cubs","",""
"6158382","Aditi Systems","",""
"235669","Mpower Plus","",""
"124128940","Zoobot Solutions","",""
"372917","Futurz Hr","",""
"944446","Allstate Solutions (ASPL)","1977.0","3.7"
"735735","Dream Jobz Consulting","",""
"1733392","Infiquity Auto","55.0","4.3"
"123658447","Po Lighting","",""
"123599879","Giftabled Innoventures","",""
"124260794","Apex Systems","15.0","3.8"
"501441","Dyna Filters","34.0","3.6"
"104075","PNC Infratech","1113.0","3.8"
"5332772","Vega Moon Technologies","52.0","4.5"
"124563438","Multifit Wellness","26.0","2.9"
"124526692","Break&breww","",""
"124306270","Gypsy Soul","",""
"4702172","Coherent Market Insights","147.0","3.8"
"1467516","Ashok Patil & Associates","19.0","3.5"
"915966","Suma Soft","575.0","3.5"
"3138272","UPS Supply Chain Solutions (UPS SCS)","783.0","3.6"
"139311","Satin Creditcare Network","1400.0","3.9"
"124013776","Nexsel Tech","4.0","2.6"
"124806943","Ambox Premium Logistics","",""
"123532371","Yagy Tech Pvt Ltd","21.0","4.2"
"2065","Cybage","2214.0","3.7"
"124299240","Rebuffr","",""
"123633321","Caliber Organisation","11.0","3.3"
"124287982","Hans Creation","",""
"4115446","Housewise Services","78.0","3.7"
"124662312","Best Kitchenette","",""
"1973750","Quantazone","6.0","4.1"
"6931859","Asia SS Industries Pvt Ltd","8.0","4.7"
"418951","Aurolab","146.0","3.9"
"123568813","Mulshi Institute Of Business Management-pgdm (a Un   It Of Ignited Minds Society)","",""
"124344164","Fundsutra Capital Advisory","2.0","2.5"
"123457741","Samson Freight","4.0","3.0"
"124705940","Technobotix","2.0","5.0"
"124653548","Shree Chanakya Education Society","2.0","3.1"
"922070","Neova Solutions","43.0","3.9"
"2877942","Nipro India Corporation","179.0","3.3"
"124545130","Idmission Solution","54.0","3.1"
"124591546","Sonosphere Llp","",""
"124100926","Advaya Hr Solutions","",""
"123807559","R & W Tooling Solutions","14.0","3.5"
"125129837","Tech Hire Solutions","",""
"5595350","Marquis Advertising And Marketing","7.0","2.7"
"5101134","Guru Education India","16.0","4.7"
"124679280","UAV Marketplace","",""
"1764200","Amura Marketing Technologies","72.0","3.5"
"124196178","Sainath Placement Services","",""
"125127261","Sarah International","",""
"4456454","Suryalogix","64.0","4.0"
"123731383","Mahaganpati Associate","3.0","2.0"
"5332914","Payatu","15.0","3.4"
"4271174","AIQoD (Formerly GIBOTS)","11.0","3.2"
"124617828","Corning Technologies","86.0","4.4"
"3112104","Corning Technologies","86.0","4.4"
"7071285","Chain Iq Asia Pacific","40.0","2.8"
"1643892","Alfa Laval","350.0","3.9"
"897342","V Group Consultancy Services","2.0","3.2"
"6531810","Sunbelt Consulting Pune","",""
"165159","Clarion Technologies","176.0","3.6"
"2611362","Smiths Detection","120.0","3.8"
"123705517","Shreepati Techno Services","",""
"144412","Springer Nature","305.0","4.1"
"123865259","Titan World - Rudratej Retail","",""
"2939568","Rajdeep Industrial Prodcuts","25.0","3.2"
"4003284","Mindbowser","37.0","3.8"
"124595146","Sohan Healthcare","54.0","4.0"
"124964871","Fermats Retail","",""
"169356","Survik Software","",""
"2150300","HeapTrace","36.0","1.9"
"2572442","Angular Minds","51.0","3.7"
"581635","Laksh Human Resource","",""
"4113192","Idox","26.0","3.2"
"124783949","Mortbuzz Solutions India","2.0","1.0"
"4242786","Krios","88.0","3.4"
"5113776","Futran Tech Solutions","130.0","3.9"
"5375498","Avana Capital","",""
"2747446","Sesotec India","23.0","3.4"
"5052864","Appzen","26.0","3.2"
"3187792","Five Elements Properties Pune","",""
"125140873","Siddhi Construction","40.0","4.0"
"1877454","iResearch Services","99.0","3.0"
"3825134","Acuiti Labs","22.0","4.8"
"125133351","Peace Solutions","",""
"124461528","Neosao Services","17.0","4.6"
"123580389","Dexcel Digital Hub","",""
"125133367","Black Panda Enterprises","",""
"124795267","Flair Network Systems","9.0","2.6"
"124247990","ANTOLIN","333.0","3.6"
"4734938","Appzen","26.0","3.2"
"1884076","Gas Processing Equipment","18.0","3.1"
"1779600","Western Union","378.0","3.2"
"6495202","Mechispike Solutions","19.0","3.9"
"1840692","Spring Computing Technologies","58.0","3.7"
"124737809","Valuedx Technologies","10.0","3.5"
"123922675","Veovo","",""
"7111631","MITCON Consultancy & Engineering Services","91.0","3.4"
"7030349","Trinesis Technologies","26.0","3.3"
"6375464","Techify","37.0","4.5"
"6165480","Gentrack","12.0","2.5"
"4371950","UA Brands","29.0","3.8"
"3904006","Victaulic","8.0","4.9"
"125142155","Flowbit","",""
"125078503","Synergy5m Llp","",""
"5717740","Intellisource Technologies","6.0","2.5"
"124494160","Kds Bizmantra","",""
"170046","iProgrammer Solutions","137.0","4.1"
"4775818","Only B2B","46.0","3.0"
"928550","BCM Group","",""
"124418768","Taypro","8.0","4.2"
"124300530","Upturn Solution","",""
"6856159","Ovivo India","32.0","4.0"
"18226","Sanjay Tools & Accessories Pvt.Ltd.","6.0","4.5"
"125005527","rm@earthfit.in","",""
"1260458","Pharmaace Innovations","",""
"123628615","Readymix Construction Machinery Limited","41.0","4.0"
"22603","Careerlink Consultants","",""
"652625","Gandhi Automations","538.0","3.9"
"125141863","Vincio Modular","",""
"125003693","Mudrabiz Company","18.0","4.5"
"354645","InfoCepts","322.0","3.4"
"124186120","Aretto","20.0","4.4"
"843227","Chellaram Hospital - Diabetes Care & Multispeciality","5.0","4.4"
"4206656","Bilt Graphic Paper Products","190.0","3.8"
"125141549","Funcbind","",""
"125141579","Kaizen Softservices","",""
"125019753","HCS Acr Engineers (i)","2.0","4.8"
"124915151","Sosyo Hajoori","31.0","3.5"
"124732331","Hygieia Care","",""
"5867874","Senwell Solutions","88.0","2.8"
"488919","Sava Healthcare","192.0","3.5"
"166279","ZIFF DAVIS PERFORMANCE MARKETING","199.0","3.6"
"124220288","Mahashakti Financiers Limited","8.0","4.6"
"124783893","Michelngelo Llp","",""
"123994728","Valuedx Technologies","10.0","3.5"
"647499","Nyati Group","342.0","4.1"
"125088197","Maha Shikshan","",""
"125141073","IINSPARK","",""
"5800210","Inferyx Analytics","8.0","1.4"
"7145711","Ent Business World Media","",""
"123697699","Air Arabia","30.0","3.0"
"5509850","John Crane Sealing Systems India","120.0","3.8"
"125139115","Tofik Osman Gigani","",""
"125116149","Kkbl Marketing Solutions","",""
"514645","Tietoevry India","1313.0","4.2"
"123906317","Fristam Pumps (India) Pvt Ltd","19.0","3.9"
"7027143","Stymer Technologies","6.0","2.8"
"759327","Alivira Animal Health","246.0","4.1"
"124503896","Quantaleap","",""
"125140407","Lotus Seafood","",""
"124245098","Crayontek","",""
"124874081","Modulr","3.0","2.3"
"1092084","Noble Hospital","121.0","3.8"
"4832418","Pratham Logistic","9.0","3.0"
"4225762","Springtide Consulting","",""
"4211794","The White Teak Company Unit Of Obgenix Software","67.0","3.5"
"4760216","Gekatex India","5.0","4.6"
"4957354","K G Somani & Co","29.0","3.8"
"124759463","Jobgonic","",""
"124573512","Saipro Industries","",""
"6294876","Meera Hr Verticals","",""
"6014932","Sunhim Ecommerce","5.0","3.3"
"125138643","Satyajeet Tatyasaheb Nikam","",""
"125136767","Angal And Co","",""
"125131257","Mish Tech","",""
"124748137","Springer Healthcare","3.0","1.3"
"124460098","Jagtap Horticulture","28.0","2.3"
"3593170","TEKsystems","1220.0","3.2"
"1974156","Splashgain Technology Solutions","29.0","3.8"
"1840962","InfoCepts","322.0","3.4"
"124122396","ACA Group","25.0","3.5"
"124839355","Infracloud Technologies","34.0","3.7"
"4702442","Infracloud Technologies","34.0","3.7"
"2611984","TraceLink Inc.","57.0","3.2"
"5504010","Tejraj Promoters & Builders","108.0","4.5"
"3436376","Metronlabs","",""
"3923566","Miba Engineering Center","27.0","3.8"
"1882428","Sphinx Solutions","34.0","2.6"
"3499948","Optrascan","7.0","3.5"
"123707519","Flywire","3.0","4.2"
"4814738","Zeeco, Inc.","56.0","3.6"
"124383892","Helloworld Technologies","26.0","4.0"
"124834663","Bharatxd","",""
"123992456","Orient Cds","",""
"415093","Aurus","158.0","2.7"
"6272454","Adbox Software","",""
"124427472","Clean Electric","9.0","2.9"
"124564826","Kamal Textiles Llp","",""
"5614080","Avisys Services","31.0","3.9"
"124066376","Lokmangal Development Foundation","",""
"123724253","Nirman Greens","",""
"5150542","Beacon Solutions","",""
"6338058","Webdirekt India Pvt. Ltd","2.0","3.9"
"6747895","Logicmotive Consultant","2.0","3.1"
"124737715","Beacon Associates","4.0","4.5"
"6008082","Datwyler IT Services India LLP","121.0","3.9"
"6341802","Parentpay","77.0","3.7"
"1028936","Centpro Engineering","22.0","4.2"
"125053377","Vvishingstar Management Consultants","",""
"470673","Intrepid Control Systems (India) Private Limited","8.0","3.3"
"5515032","Riomed","17.0","1.6"
"3735258","FERTINAGRO INDIA PVT LTD ","4.0","3.3"
"124030050","Metapercept Technology Services Llp","13.0","2.4"
"124466078","Jazar Technology Pune","",""
"123802195","Unique Associates","12.0","3.3"
"5118668","Friends Union For Energising Lives","33.0","2.7"
"4005786","Cellcure Cancer Centre","18.0","4.2"
"125056959","Alphaplan Nextgen Autorobotics Pvt. Ltd.","",""
"123947639","Kedar Ventures","",""
"22850","Neptune Consultants","",""
"124121108","Agoda","42.0","3.3"
"125074845","Cosmosun India","",""
"124015654","Robustrade Dmcc","2.0","5.0"
"124786507","Shubham Forwarders","",""
"731715","One Network Enterprises/BYDS","77.0","3.8"
"2736494","Solitaire","35.0","3.6"
"124696336","Valorcrest Solutions","",""
"125136003","Atomium Labs","",""
"3246582","Pharmarack Technologies","350.0","3.5"
"504325","RSK Business Solutions","24.0","4.4"
"123942409","Gatti Chutney","",""
"477845","Burckhardt Compression","224.0","4.0"
"123625615","Homekodi Consulting And Service","",""
"1036","Ruby Hall Clinic (RHC)","17.0","3.4"
"125135247","Calkite Inc.","",""
"558843","Klug Avalon Mechatronics","23.0","3.8"
"125128721","Ghar mil gaya","2.0","5.0"
"139","Bharat Forge","1322.0","3.8"
"125137019","Mayzax Solutions","",""
"124065062","PM Electronics Pvt Ltd","3.0","3.9"
"5086808","Questworkx","",""
"124048902","Regrip","6.0","4.2"
"125063925","QUANTA PPF","",""
"124654524","Modern Energy Rental","",""
"2919164","Aryan Interiors","2.0","5.0"
"124003232","Stringee","",""
"123664797","Al Dhia Human Resource Consultants","",""
"123871777","Qasolvers","112.0","3.6"
"2646982","Indian Financial Technology And Alliedservices","61.0","3.2"
"5728906","Nimbuspost","136.0","3.4"
"124902371","PNY","",""
"7081221","Ameliorate Talent Solutions D","",""
"1335650","RAH Infotech","49.0","4.0"
"124123638","Gyrohr","",""
"754117","United Office Systems","44.0","4.1"
"124683912","Alysian","",""
"970528","Experian Credit Information Company Of India","31.0","3.5"
"529957","Tech Observer","",""
"124090930","Scis Global","",""
"5689360","Santa Fe Relocation","20.0","4.1"
"2572538","Bvc Ventures","",""
"3544226","Ganit Business Solutions","200.0","3.7"
"6315362","Redon Lithium Industries","19.0","3.7"
"6839279","Well Ergon","6.0","3.8"
"124538186","Daintree Consulting","",""
"3491998","Vaishnavi Management","8.0","3.6"
"3345910","Anchor Allied Factory","33.0","3.4"
"6427398","House Of Shipping","12.0","3.5"
"124978809","Stratlink It Consulting And Solutions Private Limi","",""
"3516992","C2fo","71.0","3.6"
"123804405","Solitaire Consultancy Services","",""
"4047996","Cognitus","",""
"124825939","Biodeal Pharmaceuticals Limited","80.0","3.7"
"2341790","Falcon Autotech","394.0","3.9"
"742607","Heeru Group","31.0","3.9"
"124696214","Ampup Consulting Partners","",""
"5891390","Ipdigital Technologies","5.0","4.9"
"31336","Escon Elevators","322.0","3.8"
"1044132","SGL Labs","45.0","4.0"
"124325030","Intelliglobe Infosolutions","",""
"2027336","Trukky","7.0","4.6"
"51597","SAC Management","",""
"123636281","Ashar  Co","2.0","5.0"
"6936703","Officedeck Technologies","",""
"124133804","Instrumech Engineers","",""
"1505122","R Devendra Kumar & Associates (RDKA)","16.0","3.2"
"124394772","Priority Jewels","9.0","2.5"
"5937042","Confidential  ","",""
"124543632","Reviv","",""
"124337240","Tratoli Tours","",""
"124315068","Balt India","11.0","3.5"
"124269686","Aireo Complete Travel Solution","2.0","4.0"
"124249358","Coalesce Eventz","5.0","1.3"
"124178666","Shape U Clinic","3.0","3.7"
"124110348","Vimek Bioconcept","5.0","2.4"
"124181964","MITYUNG","23.0","2.6"
"123597129","Vervemedia","10.0","4.2"
"125133585","Skoro Industries","",""
"124079854","Aesthetic Designs","12.0","3.3"
"125132113","Esaar India Ltd.","",""
"1857074","Quantum Design","",""
"4471882","Utopiatech","5.0","2.6"
"123856599","Propertypistol Realty","480.0","3.5"
"125124357","Finstrat Management","",""
"124192270","Eventus Security","11.0","3.8"
"1848206","Spectrum Techno Consultants","43.0","4.6"
"3646812","Sberbank","70.0","3.3"
"5259604","Sociabble","",""
"1764272","Sudit K Parekh & Co","46.0","3.5"
"124461784","Armaara Innoventures","3.0","4.2"
"5451348","Reach52","14.0","3.2"
"6847173","Doubleverify","",""
"124754801","Attesa Coffee","",""
"6560964","Tata Tele Business Services (TTBS)","1531.0","3.8"
"2949928","Open Market","3.0","4.6"
"124658450","Infobip ","232.0","3.3"
"4428184","Indus Systems Services","20.0","3.5"
"1739838","Aquasail","",""
"124126240","Aptia Group","119.0","2.8"
"124640950","Vibrant Energy","25.0","4.4"
"2042724","Zensoft Services","96.0","3.1"
"2611182","Shaadi.com","313.0","3.6"
"5360300","RIB Software","",""
"3592160","Scor","6.0","3.7"
"123678233","P N BHOBE AND ASSOCIATES","7.0","3.5"
"125129735","Vaince Cosmetics","2.0","5.0"
"124344224","Citrine Investments","",""
"125133073","Siba Inn","",""
"125132725","Finmech Business Services","18.0","2.7"
"6405180","Smart Career Management","",""
"124116312","Jaleel International Global Hr Corporation","",""
"124953355","Sparkle Clean Tech Pvt Ltd","13.0","3.3"
"125134827","Sagar Structural Design Consultants","",""
"667665","Mindgate Solutions","444.0","3.3"
"123811573","Sea And Beyond","",""
"1008108","Extreme Media","55.0","3.9"
"3223764","Blessed Angels","20.0","4.0"
"957570","Wisecor Services","",""
"124576970","Workplace Fabric India","13.0","3.5"
"125134567","The Aarya shop","",""
"4657844","Phillipcapital","100.0","3.3"
"125134025","Kweb Makers","",""
"124047340","Fine Chemical Industries","6.0","4.3"
"3686912","Litmus Information Systems","38.0","4.0"
"295953","Hindustan Platinum","159.0","3.5"
"135870","Embee Software","279.0","3.7"
"748593","Winner Hr Consultants","",""
"125065831","IFC Ventures","",""
"125134303","Razvi Trading","",""
"123932013","Epic Infocus","",""
"6161866","GFG Alliance Group, India","4.0","3.8"
"1798804","Lavina Pharmaceuticals","5.0","2.1"
"124924481","Bilkish Associates","24.0","2.5"
"124164806","Arbuda Agrochemicals","7.0","3.6"
"6392050","Fable Fintech","71.0","3.1"
"123990988","Venwiz Technologies Pvt Ltd","10.0","4.3"
"125020717","Kunder It Solutions","",""
"987922","Uttaranchal Biotech Limited","97.0","3.3"
"7088165","NY Cinemas","65.0","4.2"
"125133899","Sterling Mechanical Seals","",""
"5634456","Kalki Fashion","7.0","2.7"
"7028147","Veena Developers","",""
"6145304","Tripjack","107.0","3.8"
"125133535","Conwest Jain Medicals","",""
"523813","Rico","11.0","3.7"
"168700","Silver Touch","375.0","3.2"
"32463","Dewan Consultants","",""
"4336538","Competent Groove Pvt. Ltd. ","28.0","3.2"
"125133433","Sagar Tech Technical Solutions","3.0","3.1"
"4700428","Career Craft Consultants","",""
"836643","Vidyalankar Institute of International Education","58.0","3.7"
"5159160","Federal Operations And Services","169.0","3.6"
"3441098","Star Services Llc","",""
"3049150","Medikabazaar","482.0","4.4"
"123566281","Elchemy","38.0","4.3"
"2039168","Cmex Management","9.0","4.1"
"124028188","Astaguru Auction House (Giftex)","18.0","3.1"
"5181534","Imagica Health","3.0","2.7"
"5791776","Advance Power Display Systems","48.0","2.5"
"6319572","Hiring Squad","",""
"7117821","Designer World Of Manufacturing And Trading Llp","",""
"2495072","Neural It","99.0","2.8"
"5156582","Shree Naman Healthcare","4.0","4.1"
"125132347","Ravi B Gupta Co Llp","",""
"125131467","Famous Speciality Chemical","",""
"124490810","Winner Screen","8.0","3.1"
"124645224","CBY Services","3.0","5.0"
"123720749","3 Minds Digital","61.0","4.1"
"124698982","Chrome Data Analytics And Media","53.0","4.2"
"125119147","Big Noise Brandkik Solutions","",""
"5424138","TalaKunchi","50.0","4.0"
"3242582","LRN Corporation","21.0","3.6"
"2519566","Conde Nast India","148.0","3.0"
"5170576","Trans Digitaltech","",""
"124202496","Veeprho","18.0","3.8"
"3391462","OneInsure","123.0","3.9"
"5796186","Global Payex","48.0","2.6"
"124593730","grg","10.0","3.8"
"124593302","Midis Group","4.0","4.4"
"123693283","Eide Bailly LLP","8.0","4.9"
"5943620","Global Enterprise Infotech Solution (GEIS)","32.0","3.9"
"2612574","Yogi Hotels","33.0","3.1"
"5476908","Fashion Tv","254.0","3.2"
"5571824","Pharma Access","38.0","3.8"
"5449380","Miko","72.0","3.3"
"124451902","TIH Foundation For Iot & Ioe","14.0","3.7"
"3864740","Express Global Logistics (EXG)","36.0","4.1"
"4023444","Iide Education","95.0","3.8"
"124893665","STERLING &amp;amp; WILSON LTD","1712.0","4.1"
"3666374","Trailblazers Adventure Travel","",""
"3575752","Mahatma Gandhi Mission Hospital","",""
"3630554","GCC Hotel And Club","25.0","2.7"
"123666155","Arora Technologies","16.0","3.5"
"4074576","Procreator","7.0","4.6"
"124752671","Pushpanjali Drums","5.0","3.9"
"125097583","Convergence Services","25.0","3.2"
"124640766","Kongsberg Maritime","24.0","4.0"
"123804557","Metalegal Advocates","2.0","1.0"
"4471938","Sabpaisa","64.0","3.8"
"2521252","Infomerics","46.0","3.5"
"792928","Teach For India","144.0","3.8"
"124267142","Credencesoft","10.0","3.0"
"5892722","Agaetis Technologies","8.0","2.7"
"5177494","KHFM","11.0","3.3"
"5999842","Finulent Solutions","67.0","3.8"
"124145628","Progriz Coe","",""
"5195362","Husk Power Systems","124.0","3.4"
"68862","Ticker Data Ltd","331.0","3.6"
"6955797","CraftreD","",""
"5262290","Sharp Financial Services","2.0","2.8"
"124878789","Link Promotions And Exhibits","",""
"933522","Lemon Yellow Llp","21.0","3.1"
"3922314","Easy Plastics pvt ltd.","",""
"123575063","Sagar Dilip Sanghvi","",""
"124930369","Cosmos Aircon","",""
"124839645","Dshine Enterprises","",""
"6546122","Healing Pharma","24.0","3.7"
"739723","Neptunus Power Plant Services","45.0","4.6"
"124498842","Krivi Energy Pvt. Ltd. ","3.0","2.9"
"494417","Softaculous","28.0","2.7"
"125132479","School Of Ai Films","",""
"5409700","Amved Consultancy Services","3.0","1.3"
"124405728","Commversion Solutions","9.0","4.0"
"123485963","Durian Industries","229.0","3.9"
"125132245","Vitalpro Consumer","",""
"125132277","Odex India Solutions","36.0","2.9"
"6967021","Midday Infomedia","93.0","4.4"
"124073624","Zeon Biotech","7.0","3.9"
"124607344","Navrang Tin Printers","",""
"124706556","Manek Immigration Services","",""
"7044825","Kuche 7","48.0","3.4"
"1314916","Zensoft Services","96.0","3.1"
"5752336","Madane Design Workshop","7.0","4.4"
"124630068","Truesun Energy Solutions","",""
"1964784","CS Diesel Engineering","5.0","1.1"
"124753337","Mpps  Co","",""
"124380370","Hyland Retail","",""
"124113686","Techsharp Hydraulics Solutions","2.0","4.0"
"3614086","Karan Communications","3.0","2.3"
"123600987","Pegasus International","",""
"124141272","Joseph Leslie Dynamiks","18.0","3.5"
"125131915","Uptown Spaces","",""
"31670","Client of Business Access (India) Private Limited","",""
"498549","Udaipur Mineral Development Syndicate","25.0","4.3"
"125103345","Aimbeat Technology","",""
"125131787","Alchemy Group","7.0","2.7"
"578595","Mumbai Rozgaar","",""
"835451","Queppelin","39.0","3.1"
"124271552","UNIMAX WORLD","",""
"6572992","Atanic Software","",""
"123650389","Efleet Systems","35.0","3.4"
"5827448","Winner Screen","8.0","3.1"
"88562","Keystone Realtors","25.0","4.5"
"1139","Soundlines Consultancy","",""
"6623242","Revaz Cations","",""
"124289010","Centuria Skills Development","3.0","5.0"
"3670032","Thakur Group Of Companies","23.0","3.3"
"4456838","Advanced Vital Enzymes","30.0","4.3"
"5985414","Anveta Manpower Solutions","",""
"118364","National Health And Education Society","",""
"5213790","Gowork Placement Services","",""
"124561398","Comzent Technologies","3.0","4.3"
"125130905","Midas Fortune Llp","",""
"125130641","Palaskar And Associate","",""
"123621363","Navashya Consumer Products","5.0","4.3"
"2279146","Best Engineering Aids  Consultancies Pvt Ltd","75.0","4.1"
"124959685","Deogiri Associates","",""
"4058474","Merry Budh","",""
"5791724","Agami Realty","4.0","1.9"
"124724093","Flexrite","",""
"125130259","Orbsway","",""
"125130129","Shifa Khizer Khudabux","",""
"4608482","Torq Commodities","47.0","4.2"
"835957","Placewell Solutions","",""
"124580668","JMB Dynamic Solutions","",""
"980520","Asian Business Exhibitions & Conferences (ABEC)","160.0","4.0"
"741717","Doyen Infosolutions","57.0","3.6"
"123553621","Aars Designs","5.0","3.1"
"843859","Navayuga Consultancy","",""
"4642971","Neogen Chemicals","185.0","3.8"
"123766681","iSoftwareFactory Services LLP","",""
"124317268","Sketchhr Manpower And Hr Consultancy Services","",""
"427775","Pratish Packaging","3.0","4.0"
"124468280","Seavantek Shipping Services","",""
"124250870","Aquaminder Tech Pvt Ltd ","",""
"123954579","Ultra Plus Lubes","15.0","4.2"
"635431","Superb Enterprises","",""
"124268752","Talent Source","",""
"124980111","Savvy Infrastructure","15.0","3.4"
"124424638","Mahendra Brothers","35.0","2.8"
"6175914","Aadhyaai","",""
"741531","Nobel Hygiene","334.0","3.6"
"125127801","BNC Agency","",""
"124155598","Living Liquidz India Private Limited","66.0","3.6"
"1300448","Paradigm Mumbai","72.0","3.7"
"124730657","RSR Aviation Services","",""
"123598691","VVT Communications","",""
"6211834","Transcedence","13.0","4.3"
"125128443","Axitrust","",""
"125108125","Blue Chip Industries","",""
"5159456","Technoarch Consultants","2.0","3.0"
"123596353","BookEventz","36.0","2.8"
"1307116","Global Sports Entertainment and media","",""
"125126705","Samiksa Food","",""
"123486957","Feat Systems","83.0","2.8"
"554927","Printronix Schweiz Gmbh","",""
"123699665","Thermon","15.0","4.0"
"124429758","Planit Testing India","136.0","3.4"
"124804255","Dextra Labs","",""
"2357424","Goel Ganga Developments","134.0","3.6"
"125122019","Safe-tronics Automation","6.0","4.0"
"124965737","Rise Worldwide","",""
"4926648","Aliter Business Solution","13.0","3.3"
"1896566","Shrijee Group","3.0","4.2"
"3501426","Planit Testing India","136.0","3.4"
"2950056","Vervali Systems","26.0","4.0"
"124545810","Royal Canin","53.0","4.1"
"124266718","Galaxy Freight","18.0","3.1"
"3904342","Retail Jeweller","2.0","2.1"
"3508214","Elomatic-Pharmalab Consulting & Engineering Pvt Ltd","15.0","3.4"
"3503212","Nahar","147.0","3.4"
"2633012","Black rose chemicals","58.0","3.7"
"1893194","Witty International School","79.0","3.5"
"1861810","Podium Data, a Qlik Company","17.0","3.9"
"1779596","Bloomberg Originals","2.0","4.9"
"2122320","Rock Solid Solutions","24.0","4.3"
"739661","Harvas Management Solutions","",""
"685203","S Kant Healthcare","171.0","4.8"
"7141419","Subko Coffee Roasters","15.0","3.0"
"6847297","Aurum Management Consultancy","",""
"99092","Marquistech","130.0","3.4"
"123971995","Monarch Group Of Hotels","10.0","2.8"
"125124563","Tilfi","",""
"758371","Castle Ships Pvt Ltd","28.0","3.8"
"4550","Dixit Infotech Services","348.0","3.8"
"124392316","Empyr Livings","",""
"4487222","Utopiatech","5.0","2.6"
"123493029","Bombay Management Association","",""
"123620127","Safeway Concessions","",""
"3796672","Agarwal Fastners","6.0","4.4"
"124253474","Narain Audio & Lighting","",""
"5657142","Kongsberg Maritime","24.0","4.0"
"2418386","Coconut Media Box","11.0","3.2"
"124062840","Thy Sigma","",""
"6936677","Sequretek It Solutions","169.0","3.7"
"6908847","Intellihealth Solutions","153.0","3.5"
"123921637","Starvacays","",""
"123913835","Chemkart India","4.0","4.9"
"115735","APAR Industries","763.0","4.1"
"125127187","Searchbox Digital Agency Llp","",""
"125127065","Catapult Trading Company","",""
"1731308","B&D Industries Pune Limited","36.0","3.2"
"4484824","Raltech Precision Engineering","12.0","3.7"
"124741343","Didactic Migration Consultants P Ltd","",""
"123658411","Convergence IT Services (uKnowva HRMS)","25.0","3.2"
"532275","Altuspro Staffing Educom","",""
"125117863","Minkville Innoventures","2.0","1.0"
"3339642","Vipul Organics","45.0","3.1"
"34156","Krish It Solutions","38.0","4.2"
"124689004","Experience Edge India","",""
"740253","Staples Future Office Products","68.0","3.7"
"1055554","TSS Consultancy","109.0","3.6"
"5324488","Avalanche Refineries Pvt. Ltd.","10.0","3.3"
"2319058","Euro Panel Products","52.0","3.8"
"186820","Spirant Communication","35.0","3.7"
"124351328","Luthra Pneumsys","20.0","4.2"
"124345298","Shree Hr Services","",""
"1535034","Ashish Estates & Properties Pvt Ltd","",""
"3025560","Stellar Organisation","50.0","2.6"
"123853717","Advanced Veterinary Care Foundation","",""
"125126373","Viscosity India","2.0","5.0"
"124969909","Opicle Technologies","6.0","3.3"
"123598781","Werq Labs","47.0","4.3"
"4737094","Wadhwani Ai","29.0","3.7"
"3590510","Metropolitan Stock Exchange of India (MSE)","60.0","3.4"
"124468672","Verve Compliance","",""
"124443450","Panaromic Manpower Solutions","",""
"3021630","Career Empower","",""
"3175828","Milliman","129.0","3.7"
"3004982","Aldrich Business Services","16.0","3.4"
"124831897","Aerolume Scent Marketing","",""
"123806091","Hashtech Systems","2.0","4.4"
"4895718","Omsakthi","",""
"1877402","experience commerce","43.0","3.0"
"4048664","Manoj Ornaments","2.0","3.9"
"6516794","Navadhan Capitali","44.0","3.0"
"123685877","Purple Finance","27.0","4.0"
"124371116","MNM Solar Power Systems","",""
"4191","Bhansali Engineering Polymers","180.0","3.5"
"1049496","Resolve Biotech Pvt Ltd","8.0","3.6"
"124136766","Vea Impex","5.0","3.7"
"125083471","CFO Centre, India","",""
"547457","RPG Life Sciences","420.0","3.8"
"1722250","Avanse Financial Services","263.0","4.0"
"124561272","Urban Gourmet India","",""
"124664714","Insta Integrated Marketing Solutions","4.0","3.1"
"124209294","Datavolt","",""
"124161704","Btw Financial Services & Imf","68.0","4.5"
"124361892","Fatakpay Digital","16.0","3.2"
"7032975","Midday Infomedia","93.0","4.4"
"7049971","Acies Consulting","126.0","4.4"
"4429054","Global Services","",""
"124552754","Elanistech (t/a Nivi Capital)","",""
"3722452","Ixia Solutions","81.0","2.8"
"125120197","Epsilon Controls & Automation","7.0","3.3"
"123509065","Fabtech Technologies International","129.0","3.4"
"5795584","Alan Electronic Systems","22.0","4.4"
"4216630","Poojika Hr Consulting","",""
"381","Wind World","1107.0","3.9"
"2419054","Virohan","191.0","4.0"
"6364844","TRIARQ","63.0","3.2"
"3208728","Venti Oelde India","23.0","2.4"
"124271932","Adiom Enterprises","",""
"7020545","Tide - Business Management Platform","199.0","3.8"
"6000890","Staffing Global Network","",""
"125114805","Yogiraj Powertech","11.0","4.3"
"4408728","SBU & CO","5.0","3.8"
"6588374","First Mumbai Store Llp","2.0","4.8"
"124939105","Siya Consultants","",""
"4105434","Kama Jewellery","73.0","4.2"
"1385664","SKT Legal Advocates","",""
"1795532","COLTENE WHALEDENT PVT. LTD","24.0","4.0"
"123587397","Affix Center","2.0","2.7"
"1088360","Amar Equipments","54.0","4.0"
"4444186","Indian Adventures","6.0","4.6"
"124740005","Shreeji Ventures","",""
"124353456","Cosmos Media","12.0","2.7"
"6746851","Birla Open Minds International School","220.0","3.2"
"1768684","Vinmar Business Services Pvt Ltd","38.0","4.3"
"123687801","Inspiring Intellects","",""
"123851203","Digixpressions Media","52.0","3.7"
"806348","Gecom International","3.0","3.8"
"2572530","Aarambh Life Science","3.0","2.3"
"32380","EC Council","510.0","4.1"
"124544318","Nouryon","68.0","3.5"
"1129322","My Travel Bazaar","18.0","4.1"
"4991324","Team Management Services","",""
"5906096","Punon Technologies","16.0","4.0"
"2340662","Cozmo Travel","93.0","3.7"
"101660","GI Infotech","35.0","3.1"
"1641702","Lumina Datamatics","881.0","3.1"
"3761386","Aphelion Finance","9.0","4.0"
"6249114","Hotel Oleander Farms","4.0","3.6"
"1130974","A One Salasar","53.0","3.6"
"459235","Prettislim Clinic","71.0","3.5"
"1934614","Greytrix","123.0","3.5"
"124047830","Pamaa Fashion Mumbai","",""
"4725174","Sara (hong Kong)","11.0","3.0"
"123989324","Riiv India","2.0","5.0"
"5428258","Swan Corp","49.0","4.0"
"7031107","Kotak Mahindra Capital Company","11.0","3.1"
"15620","NDS InfoServ","12.0","1.7"
"123471053","Just Creativo","3.0","4.3"
"3526748","ORBIS Financial Corporation Limited","45.0","3.3"
"2200544","Permanent Solution","",""
"125114779","Arch Connect Llp","",""
"6098950","Aman Enterprises","53.0","4.5"
"125123345","Luciq  Logicant It Services","",""
"124677920","Advin Softwares","2.0","2.0"
"124990139","Vision Sphere Hr Consulting","",""
"123766299","Alphaware Next Technologies","9.0","2.8"
"124844995","HR Huddle","",""
"6671865","Bluelight Resources","",""
"125141957","Neckbook","",""
"5266394","Headway Consultant Pune","",""
"125075065","Onbeat Entertainment Agency","",""
"125141731","One24 Services Llp","",""
"124617666","Oorjan Cleantech","37.0","4.5"
"125087919","Shree Saibaba Chemical Industries","",""
"125141677","Mohammad Issak Ali Vadgama","",""
"124785491","Altruist Fostering Services","",""
"922066","Alok Ingots","18.0","2.8"
"125141675","L V Spices","",""
"125141653","Snowball Studios","",""
"5005634","Placement Expert Mumbai","",""
"125141461","Brand Talk","",""
"125108205","hr@rajog.in","",""
"125021661","RP Star Consultancy","",""
"124927531","STP & Associates Llp","5.0","4.8"
"6529826","Sublime Technologies","3.0","4.2"
"124678908","Novel Designer Display System","26.0","2.5"
"123610013","Chain N Chains Jewels Limited","4.0","2.6"
"123653915","Sheth Realty","4.0","2.9"
"125131505","Fredun Pharmaceuticals Limited","31.0","3.4"
"124383474","A2Z Consultancy","",""
"124911835","Allynet","",""
"125107185","AAD Contracts","",""
"125140809","Cytocure Medicare","2.0","4.1"
"124223674","Accounstring Management","",""
"125140311","S2J civil contractors","",""
"124365216","Mastermind Hr Solutions","",""
"5637822","Life Care Equipments","4.0","3.4"
"125139657","Oscar It Security Solutions","",""
"124643364","International Admissions","",""
"125137121","Megafab Technologies","",""
"4752282","Innovator Web","8.0","1.7"
"3003726","First Time Us Pharmaceuticals  India","9.0","4.7"
"5464832","Search Engine Placements","",""
"123871745","Kishor Kalyanji Corp","5.0","2.2"
"124224306","Graphic  Prints","2.0","5.0"
"1796112","Parc Kalite Consultant","7.0","5.0"
"1048356","Kiran Placements","",""
"6585780","Sejal Intelligent Facade Solutions","11.0","2.9"
"124502976","Three Ess Computer Services","13.0","3.3"
"6145146","Connecting Cyber Networks","3.0","3.1"
"6490698","Oaykay Forgings","12.0","3.2"
"2320470","Prodware Solutions","16.0","3.5"
"123543513","Glory Shipmanagement","10.0","2.3"
"125136367","Royal Health Clinic","",""
"125136449","Akiva Business Advisors","",""
"124915717","Prosearch Consulting Services","",""
"124478520","Subash Vijay Associates (SVA)","",""
"125136399","Reflections Designs","",""
"3164946","Shri Chaitanya Health And Care Trust","2.0","4.2"
"3862106","Bold Venture Consultancy","",""
"6030628","Logistics Company","",""
"123930869","Sanrachana Structural Strengthening","23.0","4.2"
"125133507","Manish Rasiklal Sangani","",""
"124539062","Shiny Shipping And Logistics","8.0","4.6"
"124541564","Credentia Verification Technologies","11.0","4.4"
"125135929","hr@adwisesolutions.in","",""
"5319344","On My Own Technology (OMOTEC) ","60.0","2.9"
"124901727","Blurring Boundaries","",""
"125099565","Sial Valves Co","",""
"124866171","Interhire Solutions","",""
"125117187","Brothers International","",""
"2095","HR Executive Consultants Delhi","",""
"4425884","Accord Exhibit","3.0","3.9"
"3850946","Link Talent Management Services","",""
"125003381","Monarch Travels","",""
"124399484","Ultimate Design Technology Llp","",""
"541479","Conventus","15.0","4.8"
"5825560","Kinjal Construction","55.0","3.6"
"124160530","SP Interiiors","",""
"125029799","The Longevity Lab","",""
"2641494","Occassion Banquet","",""
"125129723","Kraftsmen","",""
"125047959","Alfaa Uv","11.0","3.6"
"3621270","Sulzer Vendor","",""
"2626576","Aspire Techsoft","13.0","4.0"
"124141866","Transganization","",""
"4550026","Vijaynath Roof And Wall Cladding Systems Private L Imited","17.0","3.9"
"125127017","Sakan Impex Llp","",""
"6381916","Runwal Enterprises Limited","14.0","4.5"
"124024914","Plugin Live Technologies","",""
"125126329","Bang Polypacks","",""
"124291946","Crafle Consulting Mumbai","",""
"3303524","G P Kapadia & Co","44.0","3.4"
"125122447","Siddhivinayak Real Estate","",""
"123986550","Keycept","",""
"4428590","National Commodity & Derivatives Exchange (NCDEX)","135.0","3.5"
"1716","Credera","234.0","3.6"
"6891959","Jerai Fitness","43.0","2.9"
"51605","D Decor","208.0","4.0"
"3865946","Popular Medicare","9.0","3.0"
"125069405","Aquality Intelligent Solutions","",""
"124109892","Gene Technologies","2.0","2.5"
"703355","Zinnov Management Consulting","194.0","3.3"
"123878313","K-logix Partnering Solutions","",""
"124580646","Nextgensilicon Technologies","",""
"124829591","Nutri Being","",""
"124596430","Vibry Business Solutions","10.0","3.7"
"123692729","Heptarc Talent Acquisition","2.0","2.1"
"123528589","Endpoint","4.0","4.6"
"124405136","Rays Semiconductors Bangalore","",""
"123538343","Swiftsku","6.0","4.2"
"3167652","Genesis Tech Solutions","",""
"687397","Centum Learning","503.0","3.7"
"356051","Webtel Electrosoft","217.0","3.7"
"792902","OSI Systems","77.0","3.8"
"1616992","Angel One","1756.0","3.7"
"124681370","Inter Ikea Group","",""
"125124361","Tommy Hilfiger","270.0","4.2"
"5016846","Weir","135.0","4.0"
"124824685","Newgen Data Solutions","",""
"124954563","Zollidz Com","",""
"125133201","Talentinsightful","",""
"120625","CAMBRIDGE TECHNOLOGY ENTERPRISES (CTE)","117.0","3.2"
"3112270","Hilti","697.0","3.5"
"2035846","Ryan India Tax Services","353.0","3.8"
"125128955","Value Gold","3.0","3.9"
"124861955","Ghrig People Solutions","",""
"6044932","QRN Services","",""
"123894323","iSpatial Techno","44.0","4.4"
"125132055","Arihant Internatonal Courier Services","",""
"123784167","Moss Adams India (now Baker Tilly)","38.0","3.2"
"124879119","Bangalore Watch Company","",""
"124893927","SAP Consulting","",""
"3441468","Rossell Techsys","215.0","4.2"
"6358584","Timeline Hr Bangalore","",""
"3216446","C2C Advanced System ","17.0","2.0"
"4004246","Portal Hr Consultancy Services","",""
"1612138","Techno Comp (TCI)","",""
"124702776","ANDREW, an Amphenol company","",""
"124355368","Gentoro People Consulting","",""
"124114480","Neudot Lifestyle","17.0","4.7"
"5523358","Exicom","495.0","4.1"
"125124119","Khaitan Legal Associates","2.0","3.9"
"124823459","Qwalton","",""
"124461428","Global Electronics","19.0","3.2"
"5242460","Brilyant","38.0","3.8"
"5399732","Smartapp","",""
"123938639","Smartapp.com","3.0","1.7"
"4183534","Zuora","75.0","3.3"
"124952653","Taqtics","3.0","3.2"
"6488728","Twin Health","119.0","3.0"
"123753429","Betanxt","24.0","3.4"
"5613554","Jodo","130.0","3.6"
"5259580","Skylo","13.0","3.3"
"5035214","Cloudonhire","",""
"125086867","Rasonix","2.0","5.0"
"6344946","Acviss Technologies","30.0","4.5"
"4648526","Accident Relief Care","10.0","3.2"
"5521342","Astal Interbuild","12.0","4.2"
"3852942","Zettaone Technologies India","41.0","4.0"
"124960279","Mockable Technologies","",""
"5293648","Wenwomen Entrepreneur Network","",""
"5306538","Vvinayak Associates","",""
"4617006","Chimera Technologies","49.0","3.4"
"1340490","Talent Bee","",""
"124057904","Things Alive Solutions","5.0","4.8"
"125122283","Ciliconchip Circuit","",""
"124945151","SDP Stones","",""
"124062442","Akshu Technologies Solutions","",""
"124109500","Jaarvis Technology Group","",""
"4922034","Herman Miller","130.0","4.3"
"123919231","Millerknoll","17.0","3.9"
"124427576","Millerknoll","17.0","3.9"
"4685834","Itorizon","40.0","3.3"
"2788972","Yethi Consulting","395.0","3.4"
"124478018","Shuru Technologies","4.0","4.1"
"1617496","BSH Household","647.0","3.9"
"6085976","Drivex Mobility","19.0","3.7"
"123487519","Eagle Eye Networks","9.0","3.0"
"3655588","Winfo Consulting","59.0","3.8"
"123564971","Mnemosys It Services","7.0","4.9"
"2360912","CSC","577.0","3.5"
"123476037","Ismart Clearvue Solutions","",""
"5313024","Karnex Software Solution","25.0","3.0"
"6055872","Uniworld Logistics","81.0","4.2"
"6484772","Edmingle","3.0","1.0"
"123508375","Dairy Classic Ice Creams","117.0","4.4"
"940830","Appstec Technology Services Llc","",""
"5146584","Agile Parking Solutions","41.0","3.7"
"123666111","iSoftStone","3.0","3.1"
"5940922","Teliolabs Communication","121.0","3.7"
"12405","Hyva","213.0","3.8"
"1107894","Gyansys Infotech","221.0","2.7"
"2956864","Promantia Business Solutions","20.0","3.9"
"834559","Shelby Management Solutions","",""
"6009704","Tebiz Digital Solutions","",""
"5555880","Commonwealth Bank of Australia, India","779.0","3.1"
"6066484","Surya Software Systems","53.0","3.5"
"123618717","Krtrimaiq Ai Solutions","8.0","3.1"
"124060986","Ortseam Technologies","",""
"124495868","Technophilic","2.0","4.0"
"123796735","Edmingle","12.0","3.8"
"5507290","Datadog","3.0","4.9"
"2249050","Kaseya Software","129.0","3.3"
"124836777","Gallileo Ai","",""
"2518558","Appsflyer","",""
"124124336","Dayforce","50.0","4.1"
"4468922","Clevertize","13.0","3.6"
"123859525","Dailyrounds","28.0","3.8"
"125112037","Niural","",""
"3124984","Riskspan","5.0","4.6"
"5490994","Exxpertscm","",""
"6626390","Relanto Global","50.0","3.7"
"6597668","Aanet Talent Global Solutions","",""
"30555","Mistral","133.0","3.7"
"123933695","Prime Search","",""
"4040900","Vivero International Pre-School","50.0","3.8"
"125117533","Ravish Digital Technologies","",""
"6754861","Glider AI","4.0","2.9"
"123795727","Ordient Ventures","",""
"124284324","TMS MINDSPACE","",""
"654863","H R Creations","",""
"889586","MSH Talent Solutions","42.0","3.6"
"123573049","Amista Solutions","9.0","4.6"
"3271364","Maestro Headhunters","",""
"89500","Gokaldas Exports","394.0","3.7"
"2726658","Study.com","9.0","3.0"
"675905","Adroit Technical Services","72.0","3.4"
"6030346","Machine House","55.0","4.0"
"736365","Natural Remedies","161.0","3.9"
"123679913","Fenyes Engineered Technology","25.0","2.2"
"1294136","Otomeyt","",""
"65758","Encora","915.0","3.4"
"6507992","Choice Capital","3.0","4.7"
"4751916","Testvagrant","46.0","3.5"
"1133936","Gnana Jyothi School","6.0","4.9"
"124508638","SRP Glotech","5.0","5.0"
"123577129","Greendzine","",""
"124878817","Hackerrank","42.0","4.1"
"125133395","Sakha","",""
"123915247","Fort Technologies","2.0","4.7"
"124701828","Medcode","558.0","4.2"
"124364766","Tara Sri","",""
"123981269","Saltmine","5.0","2.3"
"4132594","Arostar Entreprises Pvt Limited","8.0","2.3"
"123920813","Cansupport","8.0","3.9"
"2238832","Sellute","",""
"124766105","Galaxy Tech Solutions","8.0","2.9"
"729483","Uei Electronics","25.0","4.0"
"1555100","Green Bird It","3.0","4.0"
"123817437","BIZ Connect","9.0","2.3"
"7111813","Dibber Schools","",""
"7037657","Vivek Britto","",""
"2628434","Pin Click","184.0","3.0"
"2566254","SmartBytes Technology","",""
"1567082","Innoviti Payment Solutions","275.0","3.0"
"125140303","Mirj Technologies","",""
"6506446","Oblige It","",""
"124071236","Sloc","4.0","2.0"
"922106","Talentways Consultancy Group","",""
"1955692","Almabay","7.0","3.3"
"1896752","Simplotel Technologies","18.0","3.5"
"6128624","Schwettmann Technologies","",""
"124757087","Tech Opps Software Solutions","",""
"6062820","Vibe Holiday","14.0","4.2"
"124273704","Schmooze","2.0","1.0"
"3963196","Zota Health Care","164.0","3.7"
"7118537","Seppin Labs","6.0","3.5"
"3063084","Citrin Cooperman","53.0","3.8"
"5213816","Johns Systems","24.0","3.9"
"6519362","Tekone It Services","17.0","4.4"
"2518496","Apollo Pipes","209.0","3.9"
"4353704","V2 Retail","987.0","3.4"
"1799154","Medanta","1536.0","3.9"
"124712635","Speed Global Solutions","",""
"125134991","Megwin Global Solutions","",""
"5921972","Vrac Global Services","",""
"3531240","Mamaearth","221.0","3.7"
"125133665","Unique Knot Marketing","",""
"4011818","Medi Consultants","4.0","2.0"
"123746625","V.Group","128.0","4.2"
"124541448","Alyssum Global Services","13.0","4.4"
"2950048","Sophos","234.0","3.8"
"4867778","Signify","867.0","3.5"
"2949932","Civica Asia Pacific","353.0","3.2"
"2612024","Travelogy","15.0","3.2"
"6669729","Linc","199.0","3.7"
"124091544","Group Name Aaditas Hr Advisory Bangalore","",""
"125132625","Hitech Organisation","89.0","4.1"
"125125687","Oberoi Law Chambers","2.0","4.2"
"124764721","Wizard Flair","",""
"125127705","Aviteus Global Solutions Llp","",""
"4186172","GRAND HYPERMARKET","53.0","4.0"
"7096043","Medicity Research Institute","",""
"9901","Indus Valley Partners","268.0","3.0"
"124894427","Ozlf Global Services","",""
"125037435","Sihi Heritage Soil Industries","",""
"5034848","Nirma","851.0","4.2"
"125070409","KV Automobile  Capital Solution","",""
"1057796","Sankara Eye Hospital","151.0","4.5"
"508143","Samsung Sds","378.0","3.1"
"5297828","Cikautxo","51.0","3.5"
"125130695","World Trade Orbit","",""
"6952395","Bodysutra Healthtech Llp","",""
"4049716","Vishal Mega Mart","3178.0","3.7"
"123923431","Atul C Doshi & Co","2.0","1.7"
"124440926","Ajanta Bottle","24.0","3.0"
"125129245","Jasbir Singh","",""
"124078374","Green Rider Technology","39.0","2.2"
"123904985","Luxus Green Mobility Pvt. Ltd.","13.0","2.6"
